ISO-10303-21;
HEADER;
FILE_DESCRIPTION(('Open CASCADE Model'),'2;1');
FILE_NAME('Open CASCADE Shape Model','2026-04-01T13:48:45',('Author'),(
    'Open CASCADE'),'Open CASCADE STEP processor 7.8','build123d',
  'Unknown');
FILE_SCHEMA(('AUTOMOTIVE_DESIGN { 1 0 10303 214 1 1 1 1 }'));
ENDSEC;
DATA;
#1 = APPLICATION_PROTOCOL_DEFINITION('international standard',
  'automotive_design',2000,#2);
#2 = APPLICATION_CONTEXT(
  'core data for automotive mechanical design processes');
#3 = SHAPE_DEFINITION_REPRESENTATION(#4,#10);
#4 = PRODUCT_DEFINITION_SHAPE('','',#5);
#5 = PRODUCT_DEFINITION('design','',#6,#9);
#6 = PRODUCT_DEFINITION_FORMATION('','',#7);
#7 = PRODUCT('COMPOUND','COMPOUND','',(#8));
#8 = PRODUCT_CONTEXT('',#2,'mechanical');
#9 = PRODUCT_DEFINITION_CONTEXT('part definition',#2,'design');
#10 = ADVANCED_BREP_SHAPE_REPRESENTATION('',(#11,#15),#7073);
#11 = AXIS2_PLACEMENT_3D('',#12,#13,#14);
#12 = CARTESIAN_POINT('',(0.,0.,0.));
#13 = DIRECTION('',(0.,0.,1.));
#14 = DIRECTION('',(1.,0.,-0.));
#15 = MANIFOLD_SOLID_BREP('',#16);
#16 = CLOSED_SHELL('',(#17,#244,#318,#2263,#2312,#2485,#2512,#2559,#2691
    ,#2767,#2895,#2944,#3038,#3085,#3156,#3253,#3300,#3349,#3398,#3445,
    #3492,#3538,#3656,#3702,#3749,#3798,#3847,#3894,#3941,#4009,#4107,
    #4154,#4223,#4270,#4363,#4394,#4488,#4535,#4606,#4700,#4747,#4841,
    #4939,#4986,#5055,#5104,#5159,#5231,#5279,#5327,#5354,#5426,#5474,
    #5522,#5549,#5625,#5674,#5723,#5750,#5805,#5881,#5930,#5979,#6006,
    #6061,#6134,#6181,#6228,#6256,#6328,#6376,#6424,#6451,#6506,#6556,
    #6606,#6656,#6706,#6753,#6780,#6807,#6832,#6847,#6853,#6864,#6875,
    #6881,#6887,#6956,#6963,#6990,#6996,#7003,#7010,#7017,#7024,#7031,
    #7038,#7045,#7052,#7059,#7066));
#17 = ADVANCED_FACE('',(#18),#32,.F.);
#18 = FACE_BOUND('',#19,.F.);
#19 = EDGE_LOOP('',(#20,#55,#83,#111,#139,#167,#190,#218));
#20 = ORIENTED_EDGE('',*,*,#21,.F.);
#21 = EDGE_CURVE('',#22,#24,#26,.T.);
#22 = VERTEX_POINT('',#23);
#23 = CARTESIAN_POINT('',(-16.85,-5.9,4.));
#24 = VERTEX_POINT('',#25);
#25 = CARTESIAN_POINT('',(-16.85,-5.9,6.));
#26 = SURFACE_CURVE('',#27,(#31,#43),.PCURVE_S1.);
#27 = LINE('',#28,#29);
#28 = CARTESIAN_POINT('',(-16.85,-5.9,4.));
#29 = VECTOR('',#30,1.);
#30 = DIRECTION('',(0.,0.,1.));
#31 = PCURVE('',#32,#37);
#32 = PLANE('',#33);
#33 = AXIS2_PLACEMENT_3D('',#34,#35,#36);
#34 = CARTESIAN_POINT('',(-16.85,-5.9,4.));
#35 = DIRECTION('',(1.,0.,0.));
#36 = DIRECTION('',(0.,0.,1.));
#37 = DEFINITIONAL_REPRESENTATION('',(#38),#42);
#38 = LINE('',#39,#40);
#39 = CARTESIAN_POINT('',(0.,0.));
#40 = VECTOR('',#41,1.);
#41 = DIRECTION('',(1.,0.));
#42 = ( GEOMETRIC_REPRESENTATION_CONTEXT(2) 
PARAMETRIC_REPRESENTATION_CONTEXT() REPRESENTATION_CONTEXT('2D SPACE',''
  ) );
#43 = PCURVE('',#44,#49);
#44 = PLANE('',#45);
#45 = AXIS2_PLACEMENT_3D('',#46,#47,#48);
#46 = CARTESIAN_POINT('',(-16.85,-5.9,4.));
#47 = DIRECTION('',(0.,1.,0.));
#48 = DIRECTION('',(0.,0.,1.));
#49 = DEFINITIONAL_REPRESENTATION('',(#50),#54);
#50 = LINE('',#51,#52);
#51 = CARTESIAN_POINT('',(0.,0.));
#52 = VECTOR('',#53,1.);
#53 = DIRECTION('',(1.,0.));
#54 = ( GEOMETRIC_REPRESENTATION_CONTEXT(2) 
PARAMETRIC_REPRESENTATION_CONTEXT() REPRESENTATION_CONTEXT('2D SPACE',''
  ) );
#55 = ORIENTED_EDGE('',*,*,#56,.F.);
#56 = EDGE_CURVE('',#57,#22,#59,.T.);
#57 = VERTEX_POINT('',#58);
#58 = CARTESIAN_POINT('',(-16.85,-13.175,4.));
#59 = SURFACE_CURVE('',#60,(#64,#71),.PCURVE_S1.);
#60 = LINE('',#61,#62);
#61 = CARTESIAN_POINT('',(-16.85,-13.175,4.));
#62 = VECTOR('',#63,1.);
#63 = DIRECTION('',(0.,1.,0.));
#64 = PCURVE('',#32,#65);
#65 = DEFINITIONAL_REPRESENTATION('',(#66),#70);
#66 = LINE('',#67,#68);
#67 = CARTESIAN_POINT('',(0.,7.275));
#68 = VECTOR('',#69,1.);
#69 = DIRECTION('',(0.,-1.));
#70 = ( GEOMETRIC_REPRESENTATION_CONTEXT(2) 
PARAMETRIC_REPRESENTATION_CONTEXT() REPRESENTATION_CONTEXT('2D SPACE',''
  ) );
#71 = PCURVE('',#72,#77);
#72 = PLANE('',#73);
#73 = AXIS2_PLACEMENT_3D('',#74,#75,#76);
#74 = CARTESIAN_POINT('',(-16.85,-13.175,4.));
#75 = DIRECTION('',(0.,0.,1.));
#76 = DIRECTION('',(1.,0.,0.));
#77 = DEFINITIONAL_REPRESENTATION('',(#78),#82);
#78 = LINE('',#79,#80);
#79 = CARTESIAN_POINT('',(0.,0.));
#80 = VECTOR('',#81,1.);
#81 = DIRECTION('',(0.,1.));
#82 = ( GEOMETRIC_REPRESENTATION_CONTEXT(2) 
PARAMETRIC_REPRESENTATION_CONTEXT() REPRESENTATION_CONTEXT('2D SPACE',''
  ) );
#83 = ORIENTED_EDGE('',*,*,#84,.F.);
#84 = EDGE_CURVE('',#85,#57,#87,.T.);
#85 = VERTEX_POINT('',#86);
#86 = CARTESIAN_POINT('',(-16.85,-13.175,0.));
#87 = SURFACE_CURVE('',#88,(#92,#99),.PCURVE_S1.);
#88 = LINE('',#89,#90);
#89 = CARTESIAN_POINT('',(-16.85,-13.175,0.));
#90 = VECTOR('',#91,1.);
#91 = DIRECTION('',(0.,0.,1.));
#92 = PCURVE('',#32,#93);
#93 = DEFINITIONAL_REPRESENTATION('',(#94),#98);
#94 = LINE('',#95,#96);
#95 = CARTESIAN_POINT('',(-4.,7.275));
#96 = VECTOR('',#97,1.);
#97 = DIRECTION('',(1.,0.));
#98 = ( GEOMETRIC_REPRESENTATION_CONTEXT(2) 
PARAMETRIC_REPRESENTATION_CONTEXT() REPRESENTATION_CONTEXT('2D SPACE',''
  ) );
#99 = PCURVE('',#100,#105);
#100 = PLANE('',#101);
#101 = AXIS2_PLACEMENT_3D('',#102,#103,#104);
#102 = CARTESIAN_POINT('',(-16.85,-13.175,0.));
#103 = DIRECTION('',(0.,1.,0.));
#104 = DIRECTION('',(0.,0.,1.));
#105 = DEFINITIONAL_REPRESENTATION('',(#106),#110);
#106 = LINE('',#107,#108);
#107 = CARTESIAN_POINT('',(0.,0.));
#108 = VECTOR('',#109,1.);
#109 = DIRECTION('',(1.,0.));
#110 = ( GEOMETRIC_REPRESENTATION_CONTEXT(2) 
PARAMETRIC_REPRESENTATION_CONTEXT() REPRESENTATION_CONTEXT('2D SPACE',''
  ) );
#111 = ORIENTED_EDGE('',*,*,#112,.T.);
#112 = EDGE_CURVE('',#85,#113,#115,.T.);
#113 = VERTEX_POINT('',#114);
#114 = CARTESIAN_POINT('',(-16.85,13.175,0.));
#115 = SURFACE_CURVE('',#116,(#120,#127),.PCURVE_S1.);
#116 = LINE('',#117,#118);
#117 = CARTESIAN_POINT('',(-16.85,-13.175,0.));
#118 = VECTOR('',#119,1.);
#119 = DIRECTION('',(0.,1.,0.));
#120 = PCURVE('',#32,#121);
#121 = DEFINITIONAL_REPRESENTATION('',(#122),#126);
#122 = LINE('',#123,#124);
#123 = CARTESIAN_POINT('',(-4.,7.275));
#124 = VECTOR('',#125,1.);
#125 = DIRECTION('',(0.,-1.));
#126 = ( GEOMETRIC_REPRESENTATION_CONTEXT(2) 
PARAMETRIC_REPRESENTATION_CONTEXT() REPRESENTATION_CONTEXT('2D SPACE',''
  ) );
#127 = PCURVE('',#128,#133);
#128 = PLANE('',#129);
#129 = AXIS2_PLACEMENT_3D('',#130,#131,#132);
#130 = CARTESIAN_POINT('',(-16.85,-13.175,0.));
#131 = DIRECTION('',(0.,0.,1.));
#132 = DIRECTION('',(1.,0.,0.));
#133 = DEFINITIONAL_REPRESENTATION('',(#134),#138);
#134 = LINE('',#135,#136);
#135 = CARTESIAN_POINT('',(0.,0.));
#136 = VECTOR('',#137,1.);
#137 = DIRECTION('',(0.,1.));
#138 = ( GEOMETRIC_REPRESENTATION_CONTEXT(2) 
PARAMETRIC_REPRESENTATION_CONTEXT() REPRESENTATION_CONTEXT('2D SPACE',''
  ) );
#139 = ORIENTED_EDGE('',*,*,#140,.T.);
#140 = EDGE_CURVE('',#113,#141,#143,.T.);
#141 = VERTEX_POINT('',#142);
#142 = CARTESIAN_POINT('',(-16.85,13.175,4.));
#143 = SURFACE_CURVE('',#144,(#148,#155),.PCURVE_S1.);
#144 = LINE('',#145,#146);
#145 = CARTESIAN_POINT('',(-16.85,13.175,0.));
#146 = VECTOR('',#147,1.);
#147 = DIRECTION('',(0.,0.,1.));
#148 = PCURVE('',#32,#149);
#149 = DEFINITIONAL_REPRESENTATION('',(#150),#154);
#150 = LINE('',#151,#152);
#151 = CARTESIAN_POINT('',(-4.,-19.075));
#152 = VECTOR('',#153,1.);
#153 = DIRECTION('',(1.,0.));
#154 = ( GEOMETRIC_REPRESENTATION_CONTEXT(2) 
PARAMETRIC_REPRESENTATION_CONTEXT() REPRESENTATION_CONTEXT('2D SPACE',''
  ) );
#155 = PCURVE('',#156,#161);
#156 = PLANE('',#157);
#157 = AXIS2_PLACEMENT_3D('',#158,#159,#160);
#158 = CARTESIAN_POINT('',(-16.85,13.175,0.));
#159 = DIRECTION('',(0.,1.,0.));
#160 = DIRECTION('',(0.,0.,1.));
#161 = DEFINITIONAL_REPRESENTATION('',(#162),#166);
#162 = LINE('',#163,#164);
#163 = CARTESIAN_POINT('',(0.,0.));
#164 = VECTOR('',#165,1.);
#165 = DIRECTION('',(1.,0.));
#166 = ( GEOMETRIC_REPRESENTATION_CONTEXT(2) 
PARAMETRIC_REPRESENTATION_CONTEXT() REPRESENTATION_CONTEXT('2D SPACE',''
  ) );
#167 = ORIENTED_EDGE('',*,*,#168,.F.);
#168 = EDGE_CURVE('',#169,#141,#171,.T.);
#169 = VERTEX_POINT('',#170);
#170 = CARTESIAN_POINT('',(-16.85,5.9,4.));
#171 = SURFACE_CURVE('',#172,(#176,#183),.PCURVE_S1.);
#172 = LINE('',#173,#174);
#173 = CARTESIAN_POINT('',(-16.85,-13.175,4.));
#174 = VECTOR('',#175,1.);
#175 = DIRECTION('',(0.,1.,0.));
#176 = PCURVE('',#32,#177);
#177 = DEFINITIONAL_REPRESENTATION('',(#178),#182);
#178 = LINE('',#179,#180);
#179 = CARTESIAN_POINT('',(0.,7.275));
#180 = VECTOR('',#181,1.);
#181 = DIRECTION('',(0.,-1.));
#182 = ( GEOMETRIC_REPRESENTATION_CONTEXT(2) 
PARAMETRIC_REPRESENTATION_CONTEXT() REPRESENTATION_CONTEXT('2D SPACE',''
  ) );
#183 = PCURVE('',#72,#184);
#184 = DEFINITIONAL_REPRESENTATION('',(#185),#189);
#185 = LINE('',#186,#187);
#186 = CARTESIAN_POINT('',(0.,0.));
#187 = VECTOR('',#188,1.);
#188 = DIRECTION('',(0.,1.));
#189 = ( GEOMETRIC_REPRESENTATION_CONTEXT(2) 
PARAMETRIC_REPRESENTATION_CONTEXT() REPRESENTATION_CONTEXT('2D SPACE',''
  ) );
#190 = ORIENTED_EDGE('',*,*,#191,.T.);
#191 = EDGE_CURVE('',#169,#192,#194,.T.);
#192 = VERTEX_POINT('',#193);
#193 = CARTESIAN_POINT('',(-16.85,5.9,6.));
#194 = SURFACE_CURVE('',#195,(#199,#206),.PCURVE_S1.);
#195 = LINE('',#196,#197);
#196 = CARTESIAN_POINT('',(-16.85,5.9,4.));
#197 = VECTOR('',#198,1.);
#198 = DIRECTION('',(0.,0.,1.));
#199 = PCURVE('',#32,#200);
#200 = DEFINITIONAL_REPRESENTATION('',(#201),#205);
#201 = LINE('',#202,#203);
#202 = CARTESIAN_POINT('',(0.,-11.8));
#203 = VECTOR('',#204,1.);
#204 = DIRECTION('',(1.,0.));
#205 = ( GEOMETRIC_REPRESENTATION_CONTEXT(2) 
PARAMETRIC_REPRESENTATION_CONTEXT() REPRESENTATION_CONTEXT('2D SPACE',''
  ) );
#206 = PCURVE('',#207,#212);
#207 = PLANE('',#208);
#208 = AXIS2_PLACEMENT_3D('',#209,#210,#211);
#209 = CARTESIAN_POINT('',(-16.85,5.9,4.));
#210 = DIRECTION('',(0.,1.,0.));
#211 = DIRECTION('',(0.,0.,1.));
#212 = DEFINITIONAL_REPRESENTATION('',(#213),#217);
#213 = LINE('',#214,#215);
#214 = CARTESIAN_POINT('',(0.,0.));
#215 = VECTOR('',#216,1.);
#216 = DIRECTION('',(1.,0.));
#217 = ( GEOMETRIC_REPRESENTATION_CONTEXT(2) 
PARAMETRIC_REPRESENTATION_CONTEXT() REPRESENTATION_CONTEXT('2D SPACE',''
  ) );
#218 = ORIENTED_EDGE('',*,*,#219,.F.);
#219 = EDGE_CURVE('',#24,#192,#220,.T.);
#220 = SURFACE_CURVE('',#221,(#225,#232),.PCURVE_S1.);
#221 = LINE('',#222,#223);
#222 = CARTESIAN_POINT('',(-16.85,-5.9,6.));
#223 = VECTOR('',#224,1.);
#224 = DIRECTION('',(0.,1.,0.));
#225 = PCURVE('',#32,#226);
#226 = DEFINITIONAL_REPRESENTATION('',(#227),#231);
#227 = LINE('',#228,#229);
#228 = CARTESIAN_POINT('',(2.,0.));
#229 = VECTOR('',#230,1.);
#230 = DIRECTION('',(0.,-1.));
#231 = ( GEOMETRIC_REPRESENTATION_CONTEXT(2) 
PARAMETRIC_REPRESENTATION_CONTEXT() REPRESENTATION_CONTEXT('2D SPACE',''
  ) );
#232 = PCURVE('',#233,#238);
#233 = PLANE('',#234);
#234 = AXIS2_PLACEMENT_3D('',#235,#236,#237);
#235 = CARTESIAN_POINT('',(-16.85,-5.9,6.));
#236 = DIRECTION('',(0.,0.,1.));
#237 = DIRECTION('',(1.,0.,0.));
#238 = DEFINITIONAL_REPRESENTATION('',(#239),#243);
#239 = LINE('',#240,#241);
#240 = CARTESIAN_POINT('',(0.,0.));
#241 = VECTOR('',#242,1.);
#242 = DIRECTION('',(0.,1.));
#243 = ( GEOMETRIC_REPRESENTATION_CONTEXT(2) 
PARAMETRIC_REPRESENTATION_CONTEXT() REPRESENTATION_CONTEXT('2D SPACE',''
  ) );
#244 = ADVANCED_FACE('',(#245),#44,.F.);
#245 = FACE_BOUND('',#246,.F.);
#246 = EDGE_LOOP('',(#247,#270,#271,#294));
#247 = ORIENTED_EDGE('',*,*,#248,.F.);
#248 = EDGE_CURVE('',#22,#249,#251,.T.);
#249 = VERTEX_POINT('',#250);
#250 = CARTESIAN_POINT('',(-15.525,-5.9,4.));
#251 = SURFACE_CURVE('',#252,(#256,#263),.PCURVE_S1.);
#252 = LINE('',#253,#254);
#253 = CARTESIAN_POINT('',(-16.85,-5.9,4.));
#254 = VECTOR('',#255,1.);
#255 = DIRECTION('',(1.,0.,0.));
#256 = PCURVE('',#44,#257);
#257 = DEFINITIONAL_REPRESENTATION('',(#258),#262);
#258 = LINE('',#259,#260);
#259 = CARTESIAN_POINT('',(0.,0.));
#260 = VECTOR('',#261,1.);
#261 = DIRECTION('',(0.,1.));
#262 = ( GEOMETRIC_REPRESENTATION_CONTEXT(2) 
PARAMETRIC_REPRESENTATION_CONTEXT() REPRESENTATION_CONTEXT('2D SPACE',''
  ) );
#263 = PCURVE('',#72,#264);
#264 = DEFINITIONAL_REPRESENTATION('',(#265),#269);
#265 = LINE('',#266,#267);
#266 = CARTESIAN_POINT('',(0.,7.275));
#267 = VECTOR('',#268,1.);
#268 = DIRECTION('',(1.,0.));
#269 = ( GEOMETRIC_REPRESENTATION_CONTEXT(2) 
PARAMETRIC_REPRESENTATION_CONTEXT() REPRESENTATION_CONTEXT('2D SPACE',''
  ) );
#270 = ORIENTED_EDGE('',*,*,#21,.T.);
#271 = ORIENTED_EDGE('',*,*,#272,.T.);
#272 = EDGE_CURVE('',#24,#273,#275,.T.);
#273 = VERTEX_POINT('',#274);
#274 = CARTESIAN_POINT('',(-15.525,-5.9,6.));
#275 = SURFACE_CURVE('',#276,(#280,#287),.PCURVE_S1.);
#276 = LINE('',#277,#278);
#277 = CARTESIAN_POINT('',(-16.85,-5.9,6.));
#278 = VECTOR('',#279,1.);
#279 = DIRECTION('',(1.,0.,0.));
#280 = PCURVE('',#44,#281);
#281 = DEFINITIONAL_REPRESENTATION('',(#282),#286);
#282 = LINE('',#283,#284);
#283 = CARTESIAN_POINT('',(2.,0.));
#284 = VECTOR('',#285,1.);
#285 = DIRECTION('',(0.,1.));
#286 = ( GEOMETRIC_REPRESENTATION_CONTEXT(2) 
PARAMETRIC_REPRESENTATION_CONTEXT() REPRESENTATION_CONTEXT('2D SPACE',''
  ) );
#287 = PCURVE('',#233,#288);
#288 = DEFINITIONAL_REPRESENTATION('',(#289),#293);
#289 = LINE('',#290,#291);
#290 = CARTESIAN_POINT('',(0.,0.));
#291 = VECTOR('',#292,1.);
#292 = DIRECTION('',(1.,0.));
#293 = ( GEOMETRIC_REPRESENTATION_CONTEXT(2) 
PARAMETRIC_REPRESENTATION_CONTEXT() REPRESENTATION_CONTEXT('2D SPACE',''
  ) );
#294 = ORIENTED_EDGE('',*,*,#295,.F.);
#295 = EDGE_CURVE('',#249,#273,#296,.T.);
#296 = SURFACE_CURVE('',#297,(#301,#307),.PCURVE_S1.);
#297 = LINE('',#298,#299);
#298 = CARTESIAN_POINT('',(-15.525,-5.9,4.));
#299 = VECTOR('',#300,1.);
#300 = DIRECTION('',(0.,0.,1.));
#301 = PCURVE('',#44,#302);
#302 = DEFINITIONAL_REPRESENTATION('',(#303),#306);
#303 = B_SPLINE_CURVE_WITH_KNOTS('',1,(#304,#305),.UNSPECIFIED.,.F.,.F.,
  (2,2),(0.,2.),.PIECEWISE_BEZIER_KNOTS.);
#304 = CARTESIAN_POINT('',(0.,1.325));
#305 = CARTESIAN_POINT('',(2.,1.325));
#306 = ( GEOMETRIC_REPRESENTATION_CONTEXT(2) 
PARAMETRIC_REPRESENTATION_CONTEXT() REPRESENTATION_CONTEXT('2D SPACE',''
  ) );
#307 = PCURVE('',#308,#313);
#308 = PLANE('',#309);
#309 = AXIS2_PLACEMENT_3D('',#310,#311,#312);
#310 = CARTESIAN_POINT('',(-15.525,-6.775,4.));
#311 = DIRECTION('',(1.,0.,0.));
#312 = DIRECTION('',(0.,0.,1.));
#313 = DEFINITIONAL_REPRESENTATION('',(#314),#317);
#314 = B_SPLINE_CURVE_WITH_KNOTS('',1,(#315,#316),.UNSPECIFIED.,.F.,.F.,
  (2,2),(0.,2.),.PIECEWISE_BEZIER_KNOTS.);
#315 = CARTESIAN_POINT('',(0.,-0.875));
#316 = CARTESIAN_POINT('',(2.,-0.875));
#317 = ( GEOMETRIC_REPRESENTATION_CONTEXT(2) 
PARAMETRIC_REPRESENTATION_CONTEXT() REPRESENTATION_CONTEXT('2D SPACE',''
  ) );
#318 = ADVANCED_FACE('',(#319,#1447,#1478,#1594,#1710,#1824,#1855,#1969,
    #2000,#2116,#2232),#72,.T.);
#319 = FACE_BOUND('',#320,.T.);
#320 = EDGE_LOOP('',(#321,#351,#379,#400,#401,#424,#452,#480,#508,#537,
    #565,#593,#621,#650,#678,#706,#727,#728,#729,#752,#775,#803,#831,
    #859,#887,#916,#944,#972,#1000,#1028,#1056,#1084,#1112,#1140,#1168,
    #1196,#1224,#1252,#1280,#1308,#1336,#1365,#1393,#1421));
#321 = ORIENTED_EDGE('',*,*,#322,.T.);
#322 = EDGE_CURVE('',#323,#325,#327,.T.);
#323 = VERTEX_POINT('',#324);
#324 = CARTESIAN_POINT('',(15.525,3.5,4.));
#325 = VERTEX_POINT('',#326);
#326 = CARTESIAN_POINT('',(16.85,3.5,4.));
#327 = SURFACE_CURVE('',#328,(#332,#339),.PCURVE_S1.);
#328 = LINE('',#329,#330);
#329 = CARTESIAN_POINT('',(15.25,3.5,4.));
#330 = VECTOR('',#331,1.);
#331 = DIRECTION('',(1.,0.,0.));
#332 = PCURVE('',#72,#333);
#333 = DEFINITIONAL_REPRESENTATION('',(#334),#338);
#334 = LINE('',#335,#336);
#335 = CARTESIAN_POINT('',(32.1,16.675));
#336 = VECTOR('',#337,1.);
#337 = DIRECTION('',(1.,0.));
#338 = ( GEOMETRIC_REPRESENTATION_CONTEXT(2) 
PARAMETRIC_REPRESENTATION_CONTEXT() REPRESENTATION_CONTEXT('2D SPACE',''
  ) );
#339 = PCURVE('',#340,#345);
#340 = PLANE('',#341);
#341 = AXIS2_PLACEMENT_3D('',#342,#343,#344);
#342 = CARTESIAN_POINT('',(15.25,3.5,4.));
#343 = DIRECTION('',(0.,1.,0.));
#344 = DIRECTION('',(0.,0.,1.));
#345 = DEFINITIONAL_REPRESENTATION('',(#346),#350);
#346 = LINE('',#347,#348);
#347 = CARTESIAN_POINT('',(0.,0.));
#348 = VECTOR('',#349,1.);
#349 = DIRECTION('',(0.,1.));
#350 = ( GEOMETRIC_REPRESENTATION_CONTEXT(2) 
PARAMETRIC_REPRESENTATION_CONTEXT() REPRESENTATION_CONTEXT('2D SPACE',''
  ) );
#351 = ORIENTED_EDGE('',*,*,#352,.T.);
#352 = EDGE_CURVE('',#325,#353,#355,.T.);
#353 = VERTEX_POINT('',#354);
#354 = CARTESIAN_POINT('',(16.85,13.175,4.));
#355 = SURFACE_CURVE('',#356,(#360,#367),.PCURVE_S1.);
#356 = LINE('',#357,#358);
#357 = CARTESIAN_POINT('',(16.85,-13.175,4.));
#358 = VECTOR('',#359,1.);
#359 = DIRECTION('',(0.,1.,0.));
#360 = PCURVE('',#72,#361);
#361 = DEFINITIONAL_REPRESENTATION('',(#362),#366);
#362 = LINE('',#363,#364);
#363 = CARTESIAN_POINT('',(33.7,0.));
#364 = VECTOR('',#365,1.);
#365 = DIRECTION('',(0.,1.));
#366 = ( GEOMETRIC_REPRESENTATION_CONTEXT(2) 
PARAMETRIC_REPRESENTATION_CONTEXT() REPRESENTATION_CONTEXT('2D SPACE',''
  ) );
#367 = PCURVE('',#368,#373);
#368 = PLANE('',#369);
#369 = AXIS2_PLACEMENT_3D('',#370,#371,#372);
#370 = CARTESIAN_POINT('',(16.85,-3.5,4.));
#371 = DIRECTION('',(1.,0.,0.));
#372 = DIRECTION('',(0.,0.,1.));
#373 = DEFINITIONAL_REPRESENTATION('',(#374),#378);
#374 = LINE('',#375,#376);
#375 = CARTESIAN_POINT('',(0.,9.675));
#376 = VECTOR('',#377,1.);
#377 = DIRECTION('',(0.,-1.));
#378 = ( GEOMETRIC_REPRESENTATION_CONTEXT(2) 
PARAMETRIC_REPRESENTATION_CONTEXT() REPRESENTATION_CONTEXT('2D SPACE',''
  ) );
#379 = ORIENTED_EDGE('',*,*,#380,.F.);
#380 = EDGE_CURVE('',#141,#353,#381,.T.);
#381 = SURFACE_CURVE('',#382,(#386,#393),.PCURVE_S1.);
#382 = LINE('',#383,#384);
#383 = CARTESIAN_POINT('',(-16.85,13.175,4.));
#384 = VECTOR('',#385,1.);
#385 = DIRECTION('',(1.,0.,0.));
#386 = PCURVE('',#72,#387);
#387 = DEFINITIONAL_REPRESENTATION('',(#388),#392);
#388 = LINE('',#389,#390);
#389 = CARTESIAN_POINT('',(0.,26.35));
#390 = VECTOR('',#391,1.);
#391 = DIRECTION('',(1.,0.));
#392 = ( GEOMETRIC_REPRESENTATION_CONTEXT(2) 
PARAMETRIC_REPRESENTATION_CONTEXT() REPRESENTATION_CONTEXT('2D SPACE',''
  ) );
#393 = PCURVE('',#156,#394);
#394 = DEFINITIONAL_REPRESENTATION('',(#395),#399);
#395 = LINE('',#396,#397);
#396 = CARTESIAN_POINT('',(4.,0.));
#397 = VECTOR('',#398,1.);
#398 = DIRECTION('',(0.,1.));
#399 = ( GEOMETRIC_REPRESENTATION_CONTEXT(2) 
PARAMETRIC_REPRESENTATION_CONTEXT() REPRESENTATION_CONTEXT('2D SPACE',''
  ) );
#400 = ORIENTED_EDGE('',*,*,#168,.F.);
#401 = ORIENTED_EDGE('',*,*,#402,.T.);
#402 = EDGE_CURVE('',#169,#403,#405,.T.);
#403 = VERTEX_POINT('',#404);
#404 = CARTESIAN_POINT('',(-15.525,5.9,4.));
#405 = SURFACE_CURVE('',#406,(#410,#417),.PCURVE_S1.);
#406 = LINE('',#407,#408);
#407 = CARTESIAN_POINT('',(-16.85,5.9,4.));
#408 = VECTOR('',#409,1.);
#409 = DIRECTION('',(1.,0.,0.));
#410 = PCURVE('',#72,#411);
#411 = DEFINITIONAL_REPRESENTATION('',(#412),#416);
#412 = LINE('',#413,#414);
#413 = CARTESIAN_POINT('',(0.,19.075));
#414 = VECTOR('',#415,1.);
#415 = DIRECTION('',(1.,0.));
#416 = ( GEOMETRIC_REPRESENTATION_CONTEXT(2) 
PARAMETRIC_REPRESENTATION_CONTEXT() REPRESENTATION_CONTEXT('2D SPACE',''
  ) );
#417 = PCURVE('',#207,#418);
#418 = DEFINITIONAL_REPRESENTATION('',(#419),#423);
#419 = LINE('',#420,#421);
#420 = CARTESIAN_POINT('',(0.,0.));
#421 = VECTOR('',#422,1.);
#422 = DIRECTION('',(0.,1.));
#423 = ( GEOMETRIC_REPRESENTATION_CONTEXT(2) 
PARAMETRIC_REPRESENTATION_CONTEXT() REPRESENTATION_CONTEXT('2D SPACE',''
  ) );
#424 = ORIENTED_EDGE('',*,*,#425,.T.);
#425 = EDGE_CURVE('',#403,#426,#428,.T.);
#426 = VERTEX_POINT('',#427);
#427 = CARTESIAN_POINT('',(-15.525,6.775,4.));
#428 = SURFACE_CURVE('',#429,(#433,#440),.PCURVE_S1.);
#429 = LINE('',#430,#431);
#430 = CARTESIAN_POINT('',(-15.525,-6.775,4.));
#431 = VECTOR('',#432,1.);
#432 = DIRECTION('',(0.,1.,0.));
#433 = PCURVE('',#72,#434);
#434 = DEFINITIONAL_REPRESENTATION('',(#435),#439);
#435 = LINE('',#436,#437);
#436 = CARTESIAN_POINT('',(1.325,6.4));
#437 = VECTOR('',#438,1.);
#438 = DIRECTION('',(0.,1.));
#439 = ( GEOMETRIC_REPRESENTATION_CONTEXT(2) 
PARAMETRIC_REPRESENTATION_CONTEXT() REPRESENTATION_CONTEXT('2D SPACE',''
  ) );
#440 = PCURVE('',#441,#446);
#441 = PLANE('',#442);
#442 = AXIS2_PLACEMENT_3D('',#443,#444,#445);
#443 = CARTESIAN_POINT('',(-15.525,-6.775,4.));
#444 = DIRECTION('',(1.,0.,0.));
#445 = DIRECTION('',(0.,0.,1.));
#446 = DEFINITIONAL_REPRESENTATION('',(#447),#451);
#447 = LINE('',#448,#449);
#448 = CARTESIAN_POINT('',(0.,0.));
#449 = VECTOR('',#450,1.);
#450 = DIRECTION('',(0.,-1.));
#451 = ( GEOMETRIC_REPRESENTATION_CONTEXT(2) 
PARAMETRIC_REPRESENTATION_CONTEXT() REPRESENTATION_CONTEXT('2D SPACE',''
  ) );
#452 = ORIENTED_EDGE('',*,*,#453,.T.);
#453 = EDGE_CURVE('',#426,#454,#456,.T.);
#454 = VERTEX_POINT('',#455);
#455 = CARTESIAN_POINT('',(-15.15,6.775,4.));
#456 = SURFACE_CURVE('',#457,(#461,#468),.PCURVE_S1.);
#457 = LINE('',#458,#459);
#458 = CARTESIAN_POINT('',(-15.525,6.775,4.));
#459 = VECTOR('',#460,1.);
#460 = DIRECTION('',(1.,0.,0.));
#461 = PCURVE('',#72,#462);
#462 = DEFINITIONAL_REPRESENTATION('',(#463),#467);
#463 = LINE('',#464,#465);
#464 = CARTESIAN_POINT('',(1.325,19.95));
#465 = VECTOR('',#466,1.);
#466 = DIRECTION('',(1.,0.));
#467 = ( GEOMETRIC_REPRESENTATION_CONTEXT(2) 
PARAMETRIC_REPRESENTATION_CONTEXT() REPRESENTATION_CONTEXT('2D SPACE',''
  ) );
#468 = PCURVE('',#469,#474);
#469 = PLANE('',#470);
#470 = AXIS2_PLACEMENT_3D('',#471,#472,#473);
#471 = CARTESIAN_POINT('',(-15.525,6.775,4.));
#472 = DIRECTION('',(0.,1.,0.));
#473 = DIRECTION('',(0.,0.,1.));
#474 = DEFINITIONAL_REPRESENTATION('',(#475),#479);
#475 = LINE('',#476,#477);
#476 = CARTESIAN_POINT('',(0.,0.));
#477 = VECTOR('',#478,1.);
#478 = DIRECTION('',(0.,1.));
#479 = ( GEOMETRIC_REPRESENTATION_CONTEXT(2) 
PARAMETRIC_REPRESENTATION_CONTEXT() REPRESENTATION_CONTEXT('2D SPACE',''
  ) );
#480 = ORIENTED_EDGE('',*,*,#481,.T.);
#481 = EDGE_CURVE('',#454,#482,#484,.T.);
#482 = VERTEX_POINT('',#483);
#483 = CARTESIAN_POINT('',(-15.15,7.222225074153,4.));
#484 = SURFACE_CURVE('',#485,(#489,#496),.PCURVE_S1.);
#485 = LINE('',#486,#487);
#486 = CARTESIAN_POINT('',(-15.15,-11.475,4.));
#487 = VECTOR('',#488,1.);
#488 = DIRECTION('',(0.,1.,0.));
#489 = PCURVE('',#72,#490);
#490 = DEFINITIONAL_REPRESENTATION('',(#491),#495);
#491 = LINE('',#492,#493);
#492 = CARTESIAN_POINT('',(1.7,1.7));
#493 = VECTOR('',#494,1.);
#494 = DIRECTION('',(0.,1.));
#495 = ( GEOMETRIC_REPRESENTATION_CONTEXT(2) 
PARAMETRIC_REPRESENTATION_CONTEXT() REPRESENTATION_CONTEXT('2D SPACE',''
  ) );
#496 = PCURVE('',#497,#502);
#497 = PLANE('',#498);
#498 = AXIS2_PLACEMENT_3D('',#499,#500,#501);
#499 = CARTESIAN_POINT('',(-15.15,-11.475,4.));
#500 = DIRECTION('',(1.,0.,0.));
#501 = DIRECTION('',(0.,0.,1.));
#502 = DEFINITIONAL_REPRESENTATION('',(#503),#507);
#503 = LINE('',#504,#505);
#504 = CARTESIAN_POINT('',(0.,0.));
#505 = VECTOR('',#506,1.);
#506 = DIRECTION('',(0.,-1.));
#507 = ( GEOMETRIC_REPRESENTATION_CONTEXT(2) 
PARAMETRIC_REPRESENTATION_CONTEXT() REPRESENTATION_CONTEXT('2D SPACE',''
  ) );
#508 = ORIENTED_EDGE('',*,*,#509,.T.);
#509 = EDGE_CURVE('',#482,#510,#512,.T.);
#510 = VERTEX_POINT('',#511);
#511 = CARTESIAN_POINT('',(-13.36355287256,5.575,4.));
#512 = SURFACE_CURVE('',#513,(#518,#525),.PCURVE_S1.);
#513 = CIRCLE('',#514,3.2);
#514 = AXIS2_PLACEMENT_3D('',#515,#516,#517);
#515 = CARTESIAN_POINT('',(-12.25,8.575,4.));
#516 = DIRECTION('',(0.,0.,1.));
#517 = DIRECTION('',(-0.90625,-0.422742164327,0.));
#518 = PCURVE('',#72,#519);
#519 = DEFINITIONAL_REPRESENTATION('',(#520),#524);
#520 = CIRCLE('',#521,3.2);
#521 = AXIS2_PLACEMENT_2D('',#522,#523);
#522 = CARTESIAN_POINT('',(4.6,21.75));
#523 = DIRECTION('',(-0.90625,-0.422742164327));
#524 = ( GEOMETRIC_REPRESENTATION_CONTEXT(2) 
PARAMETRIC_REPRESENTATION_CONTEXT() REPRESENTATION_CONTEXT('2D SPACE',''
  ) );
#525 = PCURVE('',#526,#531);
#526 = CYLINDRICAL_SURFACE('',#527,3.2);
#527 = AXIS2_PLACEMENT_3D('',#528,#529,#530);
#528 = CARTESIAN_POINT('',(-12.25,8.575,4.));
#529 = DIRECTION('',(0.,0.,1.));
#530 = DIRECTION('',(1.,0.,0.));
#531 = DEFINITIONAL_REPRESENTATION('',(#532),#536);
#532 = LINE('',#533,#534);
#533 = CARTESIAN_POINT('',(3.578061682325,0.));
#534 = VECTOR('',#535,1.);
#535 = DIRECTION('',(1.,0.));
#536 = ( GEOMETRIC_REPRESENTATION_CONTEXT(2) 
PARAMETRIC_REPRESENTATION_CONTEXT() REPRESENTATION_CONTEXT('2D SPACE',''
  ) );
#537 = ORIENTED_EDGE('',*,*,#538,.F.);
#538 = EDGE_CURVE('',#539,#510,#541,.T.);
#539 = VERTEX_POINT('',#540);
#540 = CARTESIAN_POINT('',(-13.95,5.575,4.));
#541 = SURFACE_CURVE('',#542,(#546,#553),.PCURVE_S1.);
#542 = LINE('',#543,#544);
#543 = CARTESIAN_POINT('',(-14.325,5.575,4.));
#544 = VECTOR('',#545,1.);
#545 = DIRECTION('',(1.,0.,0.));
#546 = PCURVE('',#72,#547);
#547 = DEFINITIONAL_REPRESENTATION('',(#548),#552);
#548 = LINE('',#549,#550);
#549 = CARTESIAN_POINT('',(2.525,18.75));
#550 = VECTOR('',#551,1.);
#551 = DIRECTION('',(1.,0.));
#552 = ( GEOMETRIC_REPRESENTATION_CONTEXT(2) 
PARAMETRIC_REPRESENTATION_CONTEXT() REPRESENTATION_CONTEXT('2D SPACE',''
  ) );
#553 = PCURVE('',#554,#559);
#554 = PLANE('',#555);
#555 = AXIS2_PLACEMENT_3D('',#556,#557,#558);
#556 = CARTESIAN_POINT('',(-14.325,5.575,4.));
#557 = DIRECTION('',(0.,1.,0.));
#558 = DIRECTION('',(0.,0.,1.));
#559 = DEFINITIONAL_REPRESENTATION('',(#560),#564);
#560 = LINE('',#561,#562);
#561 = CARTESIAN_POINT('',(0.,0.));
#562 = VECTOR('',#563,1.);
#563 = DIRECTION('',(0.,1.));
#564 = ( GEOMETRIC_REPRESENTATION_CONTEXT(2) 
PARAMETRIC_REPRESENTATION_CONTEXT() REPRESENTATION_CONTEXT('2D SPACE',''
  ) );
#565 = ORIENTED_EDGE('',*,*,#566,.F.);
#566 = EDGE_CURVE('',#567,#539,#569,.T.);
#567 = VERTEX_POINT('',#568);
#568 = CARTESIAN_POINT('',(-13.95,-5.575,4.));
#569 = SURFACE_CURVE('',#570,(#574,#581),.PCURVE_S1.);
#570 = LINE('',#571,#572);
#571 = CARTESIAN_POINT('',(-13.95,-10.275,4.));
#572 = VECTOR('',#573,1.);
#573 = DIRECTION('',(0.,1.,0.));
#574 = PCURVE('',#72,#575);
#575 = DEFINITIONAL_REPRESENTATION('',(#576),#580);
#576 = LINE('',#577,#578);
#577 = CARTESIAN_POINT('',(2.9,2.9));
#578 = VECTOR('',#579,1.);
#579 = DIRECTION('',(0.,1.));
#580 = ( GEOMETRIC_REPRESENTATION_CONTEXT(2) 
PARAMETRIC_REPRESENTATION_CONTEXT() REPRESENTATION_CONTEXT('2D SPACE',''
  ) );
#581 = PCURVE('',#582,#587);
#582 = PLANE('',#583);
#583 = AXIS2_PLACEMENT_3D('',#584,#585,#586);
#584 = CARTESIAN_POINT('',(-13.95,-10.275,4.));
#585 = DIRECTION('',(1.,0.,0.));
#586 = DIRECTION('',(0.,0.,1.));
#587 = DEFINITIONAL_REPRESENTATION('',(#588),#592);
#588 = LINE('',#589,#590);
#589 = CARTESIAN_POINT('',(0.,0.));
#590 = VECTOR('',#591,1.);
#591 = DIRECTION('',(0.,-1.));
#592 = ( GEOMETRIC_REPRESENTATION_CONTEXT(2) 
PARAMETRIC_REPRESENTATION_CONTEXT() REPRESENTATION_CONTEXT('2D SPACE',''
  ) );
#593 = ORIENTED_EDGE('',*,*,#594,.T.);
#594 = EDGE_CURVE('',#567,#595,#597,.T.);
#595 = VERTEX_POINT('',#596);
#596 = CARTESIAN_POINT('',(-13.36355287256,-5.575,4.));
#597 = SURFACE_CURVE('',#598,(#602,#609),.PCURVE_S1.);
#598 = LINE('',#599,#600);
#599 = CARTESIAN_POINT('',(-14.325,-5.575,4.));
#600 = VECTOR('',#601,1.);
#601 = DIRECTION('',(1.,0.,0.));
#602 = PCURVE('',#72,#603);
#603 = DEFINITIONAL_REPRESENTATION('',(#604),#608);
#604 = LINE('',#605,#606);
#605 = CARTESIAN_POINT('',(2.525,7.6));
#606 = VECTOR('',#607,1.);
#607 = DIRECTION('',(1.,0.));
#608 = ( GEOMETRIC_REPRESENTATION_CONTEXT(2) 
PARAMETRIC_REPRESENTATION_CONTEXT() REPRESENTATION_CONTEXT('2D SPACE',''
  ) );
#609 = PCURVE('',#610,#615);
#610 = PLANE('',#611);
#611 = AXIS2_PLACEMENT_3D('',#612,#613,#614);
#612 = CARTESIAN_POINT('',(-14.325,-5.575,4.));
#613 = DIRECTION('',(0.,1.,0.));
#614 = DIRECTION('',(0.,0.,1.));
#615 = DEFINITIONAL_REPRESENTATION('',(#616),#620);
#616 = LINE('',#617,#618);
#617 = CARTESIAN_POINT('',(0.,0.));
#618 = VECTOR('',#619,1.);
#619 = DIRECTION('',(0.,1.));
#620 = ( GEOMETRIC_REPRESENTATION_CONTEXT(2) 
PARAMETRIC_REPRESENTATION_CONTEXT() REPRESENTATION_CONTEXT('2D SPACE',''
  ) );
#621 = ORIENTED_EDGE('',*,*,#622,.T.);
#622 = EDGE_CURVE('',#595,#623,#625,.T.);
#623 = VERTEX_POINT('',#624);
#624 = CARTESIAN_POINT('',(-15.15,-7.222225074153,4.));
#625 = SURFACE_CURVE('',#626,(#631,#638),.PCURVE_S1.);
#626 = CIRCLE('',#627,3.2);
#627 = AXIS2_PLACEMENT_3D('',#628,#629,#630);
#628 = CARTESIAN_POINT('',(-12.25,-8.575,4.));
#629 = DIRECTION('',(0.,0.,1.));
#630 = DIRECTION('',(-0.347985272677,0.9375,0.));
#631 = PCURVE('',#72,#632);
#632 = DEFINITIONAL_REPRESENTATION('',(#633),#637);
#633 = CIRCLE('',#634,3.2);
#634 = AXIS2_PLACEMENT_2D('',#635,#636);
#635 = CARTESIAN_POINT('',(4.6,4.6));
#636 = DIRECTION('',(-0.347985272677,0.9375));
#637 = ( GEOMETRIC_REPRESENTATION_CONTEXT(2) 
PARAMETRIC_REPRESENTATION_CONTEXT() REPRESENTATION_CONTEXT('2D SPACE',''
  ) );
#638 = PCURVE('',#639,#644);
#639 = CYLINDRICAL_SURFACE('',#640,3.2);
#640 = AXIS2_PLACEMENT_3D('',#641,#642,#643);
#641 = CARTESIAN_POINT('',(-12.25,-8.575,4.));
#642 = DIRECTION('',(0.,0.,1.));
#643 = DIRECTION('',(1.,0.,0.));
#644 = DEFINITIONAL_REPRESENTATION('',(#645),#649);
#645 = LINE('',#646,#647);
#646 = CARTESIAN_POINT('',(1.926217528485,0.));
#647 = VECTOR('',#648,1.);
#648 = DIRECTION('',(1.,0.));
#649 = ( GEOMETRIC_REPRESENTATION_CONTEXT(2) 
PARAMETRIC_REPRESENTATION_CONTEXT() REPRESENTATION_CONTEXT('2D SPACE',''
  ) );
#650 = ORIENTED_EDGE('',*,*,#651,.T.);
#651 = EDGE_CURVE('',#623,#652,#654,.T.);
#652 = VERTEX_POINT('',#653);
#653 = CARTESIAN_POINT('',(-15.15,-6.775,4.));
#654 = SURFACE_CURVE('',#655,(#659,#666),.PCURVE_S1.);
#655 = LINE('',#656,#657);
#656 = CARTESIAN_POINT('',(-15.15,-11.475,4.));
#657 = VECTOR('',#658,1.);
#658 = DIRECTION('',(0.,1.,0.));
#659 = PCURVE('',#72,#660);
#660 = DEFINITIONAL_REPRESENTATION('',(#661),#665);
#661 = LINE('',#662,#663);
#662 = CARTESIAN_POINT('',(1.7,1.7));
#663 = VECTOR('',#664,1.);
#664 = DIRECTION('',(0.,1.));
#665 = ( GEOMETRIC_REPRESENTATION_CONTEXT(2) 
PARAMETRIC_REPRESENTATION_CONTEXT() REPRESENTATION_CONTEXT('2D SPACE',''
  ) );
#666 = PCURVE('',#667,#672);
#667 = PLANE('',#668);
#668 = AXIS2_PLACEMENT_3D('',#669,#670,#671);
#669 = CARTESIAN_POINT('',(-15.15,-11.475,4.));
#670 = DIRECTION('',(1.,0.,0.));
#671 = DIRECTION('',(0.,0.,1.));
#672 = DEFINITIONAL_REPRESENTATION('',(#673),#677);
#673 = LINE('',#674,#675);
#674 = CARTESIAN_POINT('',(0.,0.));
#675 = VECTOR('',#676,1.);
#676 = DIRECTION('',(0.,-1.));
#677 = ( GEOMETRIC_REPRESENTATION_CONTEXT(2) 
PARAMETRIC_REPRESENTATION_CONTEXT() REPRESENTATION_CONTEXT('2D SPACE',''
  ) );
#678 = ORIENTED_EDGE('',*,*,#679,.F.);
#679 = EDGE_CURVE('',#680,#652,#682,.T.);
#680 = VERTEX_POINT('',#681);
#681 = CARTESIAN_POINT('',(-15.525,-6.775,4.));
#682 = SURFACE_CURVE('',#683,(#687,#694),.PCURVE_S1.);
#683 = LINE('',#684,#685);
#684 = CARTESIAN_POINT('',(-15.525,-6.775,4.));
#685 = VECTOR('',#686,1.);
#686 = DIRECTION('',(1.,0.,0.));
#687 = PCURVE('',#72,#688);
#688 = DEFINITIONAL_REPRESENTATION('',(#689),#693);
#689 = LINE('',#690,#691);
#690 = CARTESIAN_POINT('',(1.325,6.4));
#691 = VECTOR('',#692,1.);
#692 = DIRECTION('',(1.,0.));
#693 = ( GEOMETRIC_REPRESENTATION_CONTEXT(2) 
PARAMETRIC_REPRESENTATION_CONTEXT() REPRESENTATION_CONTEXT('2D SPACE',''
  ) );
#694 = PCURVE('',#695,#700);
#695 = PLANE('',#696);
#696 = AXIS2_PLACEMENT_3D('',#697,#698,#699);
#697 = CARTESIAN_POINT('',(-15.525,-6.775,4.));
#698 = DIRECTION('',(0.,1.,0.));
#699 = DIRECTION('',(0.,0.,1.));
#700 = DEFINITIONAL_REPRESENTATION('',(#701),#705);
#701 = LINE('',#702,#703);
#702 = CARTESIAN_POINT('',(0.,0.));
#703 = VECTOR('',#704,1.);
#704 = DIRECTION('',(0.,1.));
#705 = ( GEOMETRIC_REPRESENTATION_CONTEXT(2) 
PARAMETRIC_REPRESENTATION_CONTEXT() REPRESENTATION_CONTEXT('2D SPACE',''
  ) );
#706 = ORIENTED_EDGE('',*,*,#707,.T.);
#707 = EDGE_CURVE('',#680,#249,#708,.T.);
#708 = SURFACE_CURVE('',#709,(#713,#720),.PCURVE_S1.);
#709 = LINE('',#710,#711);
#710 = CARTESIAN_POINT('',(-15.525,-6.775,4.));
#711 = VECTOR('',#712,1.);
#712 = DIRECTION('',(0.,1.,0.));
#713 = PCURVE('',#72,#714);
#714 = DEFINITIONAL_REPRESENTATION('',(#715),#719);
#715 = LINE('',#716,#717);
#716 = CARTESIAN_POINT('',(1.325,6.4));
#717 = VECTOR('',#718,1.);
#718 = DIRECTION('',(0.,1.));
#719 = ( GEOMETRIC_REPRESENTATION_CONTEXT(2) 
PARAMETRIC_REPRESENTATION_CONTEXT() REPRESENTATION_CONTEXT('2D SPACE',''
  ) );
#720 = PCURVE('',#308,#721);
#721 = DEFINITIONAL_REPRESENTATION('',(#722),#726);
#722 = LINE('',#723,#724);
#723 = CARTESIAN_POINT('',(0.,0.));
#724 = VECTOR('',#725,1.);
#725 = DIRECTION('',(0.,-1.));
#726 = ( GEOMETRIC_REPRESENTATION_CONTEXT(2) 
PARAMETRIC_REPRESENTATION_CONTEXT() REPRESENTATION_CONTEXT('2D SPACE',''
  ) );
#727 = ORIENTED_EDGE('',*,*,#248,.F.);
#728 = ORIENTED_EDGE('',*,*,#56,.F.);
#729 = ORIENTED_EDGE('',*,*,#730,.T.);
#730 = EDGE_CURVE('',#57,#731,#733,.T.);
#731 = VERTEX_POINT('',#732);
#732 = CARTESIAN_POINT('',(16.85,-13.175,4.));
#733 = SURFACE_CURVE('',#734,(#738,#745),.PCURVE_S1.);
#734 = LINE('',#735,#736);
#735 = CARTESIAN_POINT('',(-16.85,-13.175,4.));
#736 = VECTOR('',#737,1.);
#737 = DIRECTION('',(1.,0.,0.));
#738 = PCURVE('',#72,#739);
#739 = DEFINITIONAL_REPRESENTATION('',(#740),#744);
#740 = LINE('',#741,#742);
#741 = CARTESIAN_POINT('',(0.,0.));
#742 = VECTOR('',#743,1.);
#743 = DIRECTION('',(1.,0.));
#744 = ( GEOMETRIC_REPRESENTATION_CONTEXT(2) 
PARAMETRIC_REPRESENTATION_CONTEXT() REPRESENTATION_CONTEXT('2D SPACE',''
  ) );
#745 = PCURVE('',#100,#746);
#746 = DEFINITIONAL_REPRESENTATION('',(#747),#751);
#747 = LINE('',#748,#749);
#748 = CARTESIAN_POINT('',(4.,0.));
#749 = VECTOR('',#750,1.);
#750 = DIRECTION('',(0.,1.));
#751 = ( GEOMETRIC_REPRESENTATION_CONTEXT(2) 
PARAMETRIC_REPRESENTATION_CONTEXT() REPRESENTATION_CONTEXT('2D SPACE',''
  ) );
#752 = ORIENTED_EDGE('',*,*,#753,.T.);
#753 = EDGE_CURVE('',#731,#754,#756,.T.);
#754 = VERTEX_POINT('',#755);
#755 = CARTESIAN_POINT('',(16.85,-3.5,4.));
#756 = SURFACE_CURVE('',#757,(#761,#768),.PCURVE_S1.);
#757 = LINE('',#758,#759);
#758 = CARTESIAN_POINT('',(16.85,-13.175,4.));
#759 = VECTOR('',#760,1.);
#760 = DIRECTION('',(0.,1.,0.));
#761 = PCURVE('',#72,#762);
#762 = DEFINITIONAL_REPRESENTATION('',(#763),#767);
#763 = LINE('',#764,#765);
#764 = CARTESIAN_POINT('',(33.7,0.));
#765 = VECTOR('',#766,1.);
#766 = DIRECTION('',(0.,1.));
#767 = ( GEOMETRIC_REPRESENTATION_CONTEXT(2) 
PARAMETRIC_REPRESENTATION_CONTEXT() REPRESENTATION_CONTEXT('2D SPACE',''
  ) );
#768 = PCURVE('',#368,#769);
#769 = DEFINITIONAL_REPRESENTATION('',(#770),#774);
#770 = LINE('',#771,#772);
#771 = CARTESIAN_POINT('',(0.,9.675));
#772 = VECTOR('',#773,1.);
#773 = DIRECTION('',(0.,-1.));
#774 = ( GEOMETRIC_REPRESENTATION_CONTEXT(2) 
PARAMETRIC_REPRESENTATION_CONTEXT() REPRESENTATION_CONTEXT('2D SPACE',''
  ) );
#775 = ORIENTED_EDGE('',*,*,#776,.F.);
#776 = EDGE_CURVE('',#777,#754,#779,.T.);
#777 = VERTEX_POINT('',#778);
#778 = CARTESIAN_POINT('',(15.525,-3.5,4.));
#779 = SURFACE_CURVE('',#780,(#784,#791),.PCURVE_S1.);
#780 = LINE('',#781,#782);
#781 = CARTESIAN_POINT('',(15.25,-3.5,4.));
#782 = VECTOR('',#783,1.);
#783 = DIRECTION('',(1.,0.,0.));
#784 = PCURVE('',#72,#785);
#785 = DEFINITIONAL_REPRESENTATION('',(#786),#790);
#786 = LINE('',#787,#788);
#787 = CARTESIAN_POINT('',(32.1,9.675));
#788 = VECTOR('',#789,1.);
#789 = DIRECTION('',(1.,0.));
#790 = ( GEOMETRIC_REPRESENTATION_CONTEXT(2) 
PARAMETRIC_REPRESENTATION_CONTEXT() REPRESENTATION_CONTEXT('2D SPACE',''
  ) );
#791 = PCURVE('',#792,#797);
#792 = PLANE('',#793);
#793 = AXIS2_PLACEMENT_3D('',#794,#795,#796);
#794 = CARTESIAN_POINT('',(15.25,-3.5,4.));
#795 = DIRECTION('',(0.,1.,0.));
#796 = DIRECTION('',(0.,0.,1.));
#797 = DEFINITIONAL_REPRESENTATION('',(#798),#802);
#798 = LINE('',#799,#800);
#799 = CARTESIAN_POINT('',(0.,0.));
#800 = VECTOR('',#801,1.);
#801 = DIRECTION('',(0.,1.));
#802 = ( GEOMETRIC_REPRESENTATION_CONTEXT(2) 
PARAMETRIC_REPRESENTATION_CONTEXT() REPRESENTATION_CONTEXT('2D SPACE',''
  ) );
#803 = ORIENTED_EDGE('',*,*,#804,.F.);
#804 = EDGE_CURVE('',#805,#777,#807,.T.);
#805 = VERTEX_POINT('',#806);
#806 = CARTESIAN_POINT('',(15.525,-6.775,4.));
#807 = SURFACE_CURVE('',#808,(#812,#819),.PCURVE_S1.);
#808 = LINE('',#809,#810);
#809 = CARTESIAN_POINT('',(15.525,-6.775,4.));
#810 = VECTOR('',#811,1.);
#811 = DIRECTION('',(0.,1.,0.));
#812 = PCURVE('',#72,#813);
#813 = DEFINITIONAL_REPRESENTATION('',(#814),#818);
#814 = LINE('',#815,#816);
#815 = CARTESIAN_POINT('',(32.375,6.4));
#816 = VECTOR('',#817,1.);
#817 = DIRECTION('',(0.,1.));
#818 = ( GEOMETRIC_REPRESENTATION_CONTEXT(2) 
PARAMETRIC_REPRESENTATION_CONTEXT() REPRESENTATION_CONTEXT('2D SPACE',''
  ) );
#819 = PCURVE('',#820,#825);
#820 = PLANE('',#821);
#821 = AXIS2_PLACEMENT_3D('',#822,#823,#824);
#822 = CARTESIAN_POINT('',(15.525,-6.775,4.));
#823 = DIRECTION('',(1.,0.,0.));
#824 = DIRECTION('',(0.,0.,1.));
#825 = DEFINITIONAL_REPRESENTATION('',(#826),#830);
#826 = LINE('',#827,#828);
#827 = CARTESIAN_POINT('',(0.,0.));
#828 = VECTOR('',#829,1.);
#829 = DIRECTION('',(0.,-1.));
#830 = ( GEOMETRIC_REPRESENTATION_CONTEXT(2) 
PARAMETRIC_REPRESENTATION_CONTEXT() REPRESENTATION_CONTEXT('2D SPACE',''
  ) );
#831 = ORIENTED_EDGE('',*,*,#832,.F.);
#832 = EDGE_CURVE('',#833,#805,#835,.T.);
#833 = VERTEX_POINT('',#834);
#834 = CARTESIAN_POINT('',(15.15,-6.775,4.));
#835 = SURFACE_CURVE('',#836,(#840,#847),.PCURVE_S1.);
#836 = LINE('',#837,#838);
#837 = CARTESIAN_POINT('',(-15.525,-6.775,4.));
#838 = VECTOR('',#839,1.);
#839 = DIRECTION('',(1.,0.,0.));
#840 = PCURVE('',#72,#841);
#841 = DEFINITIONAL_REPRESENTATION('',(#842),#846);
#842 = LINE('',#843,#844);
#843 = CARTESIAN_POINT('',(1.325,6.4));
#844 = VECTOR('',#845,1.);
#845 = DIRECTION('',(1.,0.));
#846 = ( GEOMETRIC_REPRESENTATION_CONTEXT(2) 
PARAMETRIC_REPRESENTATION_CONTEXT() REPRESENTATION_CONTEXT('2D SPACE',''
  ) );
#847 = PCURVE('',#848,#853);
#848 = PLANE('',#849);
#849 = AXIS2_PLACEMENT_3D('',#850,#851,#852);
#850 = CARTESIAN_POINT('',(-15.525,-6.775,4.));
#851 = DIRECTION('',(0.,1.,0.));
#852 = DIRECTION('',(0.,0.,1.));
#853 = DEFINITIONAL_REPRESENTATION('',(#854),#858);
#854 = LINE('',#855,#856);
#855 = CARTESIAN_POINT('',(0.,0.));
#856 = VECTOR('',#857,1.);
#857 = DIRECTION('',(0.,1.));
#858 = ( GEOMETRIC_REPRESENTATION_CONTEXT(2) 
PARAMETRIC_REPRESENTATION_CONTEXT() REPRESENTATION_CONTEXT('2D SPACE',''
  ) );
#859 = ORIENTED_EDGE('',*,*,#860,.F.);
#860 = EDGE_CURVE('',#861,#833,#863,.T.);
#861 = VERTEX_POINT('',#862);
#862 = CARTESIAN_POINT('',(15.15,-7.222225074153,4.));
#863 = SURFACE_CURVE('',#864,(#868,#875),.PCURVE_S1.);
#864 = LINE('',#865,#866);
#865 = CARTESIAN_POINT('',(15.15,-11.475,4.));
#866 = VECTOR('',#867,1.);
#867 = DIRECTION('',(0.,1.,0.));
#868 = PCURVE('',#72,#869);
#869 = DEFINITIONAL_REPRESENTATION('',(#870),#874);
#870 = LINE('',#871,#872);
#871 = CARTESIAN_POINT('',(32.,1.7));
#872 = VECTOR('',#873,1.);
#873 = DIRECTION('',(0.,1.));
#874 = ( GEOMETRIC_REPRESENTATION_CONTEXT(2) 
PARAMETRIC_REPRESENTATION_CONTEXT() REPRESENTATION_CONTEXT('2D SPACE',''
  ) );
#875 = PCURVE('',#876,#881);
#876 = PLANE('',#877);
#877 = AXIS2_PLACEMENT_3D('',#878,#879,#880);
#878 = CARTESIAN_POINT('',(15.15,-11.475,4.));
#879 = DIRECTION('',(1.,0.,0.));
#880 = DIRECTION('',(0.,0.,1.));
#881 = DEFINITIONAL_REPRESENTATION('',(#882),#886);
#882 = LINE('',#883,#884);
#883 = CARTESIAN_POINT('',(0.,0.));
#884 = VECTOR('',#885,1.);
#885 = DIRECTION('',(0.,-1.));
#886 = ( GEOMETRIC_REPRESENTATION_CONTEXT(2) 
PARAMETRIC_REPRESENTATION_CONTEXT() REPRESENTATION_CONTEXT('2D SPACE',''
  ) );
#887 = ORIENTED_EDGE('',*,*,#888,.T.);
#888 = EDGE_CURVE('',#861,#889,#891,.T.);
#889 = VERTEX_POINT('',#890);
#890 = CARTESIAN_POINT('',(13.363552872566,-5.575,4.));
#891 = SURFACE_CURVE('',#892,(#897,#904),.PCURVE_S1.);
#892 = CIRCLE('',#893,3.2);
#893 = AXIS2_PLACEMENT_3D('',#894,#895,#896);
#894 = CARTESIAN_POINT('',(12.25,-8.575,4.));
#895 = DIRECTION('',(0.,0.,1.));
#896 = DIRECTION('',(0.90625,0.422742164327,-0.));
#897 = PCURVE('',#72,#898);
#898 = DEFINITIONAL_REPRESENTATION('',(#899),#903);
#899 = CIRCLE('',#900,3.2);
#900 = AXIS2_PLACEMENT_2D('',#901,#902);
#901 = CARTESIAN_POINT('',(29.1,4.6));
#902 = DIRECTION('',(0.90625,0.422742164327));
#903 = ( GEOMETRIC_REPRESENTATION_CONTEXT(2) 
PARAMETRIC_REPRESENTATION_CONTEXT() REPRESENTATION_CONTEXT('2D SPACE',''
  ) );
#904 = PCURVE('',#905,#910);
#905 = CYLINDRICAL_SURFACE('',#906,3.2);
#906 = AXIS2_PLACEMENT_3D('',#907,#908,#909);
#907 = CARTESIAN_POINT('',(12.25,-8.575,4.));
#908 = DIRECTION('',(0.,0.,1.));
#909 = DIRECTION('',(1.,0.,0.));
#910 = DEFINITIONAL_REPRESENTATION('',(#911),#915);
#911 = LINE('',#912,#913);
#912 = CARTESIAN_POINT('',(0.436469028735,0.));
#913 = VECTOR('',#914,1.);
#914 = DIRECTION('',(1.,0.));
#915 = ( GEOMETRIC_REPRESENTATION_CONTEXT(2) 
PARAMETRIC_REPRESENTATION_CONTEXT() REPRESENTATION_CONTEXT('2D SPACE',''
  ) );
#916 = ORIENTED_EDGE('',*,*,#917,.T.);
#917 = EDGE_CURVE('',#889,#918,#920,.T.);
#918 = VERTEX_POINT('',#919);
#919 = CARTESIAN_POINT('',(13.95,-5.575,4.));
#920 = SURFACE_CURVE('',#921,(#925,#932),.PCURVE_S1.);
#921 = LINE('',#922,#923);
#922 = CARTESIAN_POINT('',(-14.325,-5.575,4.));
#923 = VECTOR('',#924,1.);
#924 = DIRECTION('',(1.,0.,0.));
#925 = PCURVE('',#72,#926);
#926 = DEFINITIONAL_REPRESENTATION('',(#927),#931);
#927 = LINE('',#928,#929);
#928 = CARTESIAN_POINT('',(2.525,7.6));
#929 = VECTOR('',#930,1.);
#930 = DIRECTION('',(1.,0.));
#931 = ( GEOMETRIC_REPRESENTATION_CONTEXT(2) 
PARAMETRIC_REPRESENTATION_CONTEXT() REPRESENTATION_CONTEXT('2D SPACE',''
  ) );
#932 = PCURVE('',#933,#938);
#933 = PLANE('',#934);
#934 = AXIS2_PLACEMENT_3D('',#935,#936,#937);
#935 = CARTESIAN_POINT('',(-14.325,-5.575,4.));
#936 = DIRECTION('',(0.,1.,0.));
#937 = DIRECTION('',(0.,0.,1.));
#938 = DEFINITIONAL_REPRESENTATION('',(#939),#943);
#939 = LINE('',#940,#941);
#940 = CARTESIAN_POINT('',(0.,0.));
#941 = VECTOR('',#942,1.);
#942 = DIRECTION('',(0.,1.));
#943 = ( GEOMETRIC_REPRESENTATION_CONTEXT(2) 
PARAMETRIC_REPRESENTATION_CONTEXT() REPRESENTATION_CONTEXT('2D SPACE',''
  ) );
#944 = ORIENTED_EDGE('',*,*,#945,.T.);
#945 = EDGE_CURVE('',#918,#946,#948,.T.);
#946 = VERTEX_POINT('',#947);
#947 = CARTESIAN_POINT('',(13.95,-5.5,4.));
#948 = SURFACE_CURVE('',#949,(#953,#960),.PCURVE_S1.);
#949 = LINE('',#950,#951);
#950 = CARTESIAN_POINT('',(13.95,-10.275,4.));
#951 = VECTOR('',#952,1.);
#952 = DIRECTION('',(0.,1.,0.));
#953 = PCURVE('',#72,#954);
#954 = DEFINITIONAL_REPRESENTATION('',(#955),#959);
#955 = LINE('',#956,#957);
#956 = CARTESIAN_POINT('',(30.8,2.9));
#957 = VECTOR('',#958,1.);
#958 = DIRECTION('',(0.,1.));
#959 = ( GEOMETRIC_REPRESENTATION_CONTEXT(2) 
PARAMETRIC_REPRESENTATION_CONTEXT() REPRESENTATION_CONTEXT('2D SPACE',''
  ) );
#960 = PCURVE('',#961,#966);
#961 = PLANE('',#962);
#962 = AXIS2_PLACEMENT_3D('',#963,#964,#965);
#963 = CARTESIAN_POINT('',(13.95,-10.275,4.));
#964 = DIRECTION('',(1.,0.,0.));
#965 = DIRECTION('',(0.,0.,1.));
#966 = DEFINITIONAL_REPRESENTATION('',(#967),#971);
#967 = LINE('',#968,#969);
#968 = CARTESIAN_POINT('',(0.,0.));
#969 = VECTOR('',#970,1.);
#970 = DIRECTION('',(0.,-1.));
#971 = ( GEOMETRIC_REPRESENTATION_CONTEXT(2) 
PARAMETRIC_REPRESENTATION_CONTEXT() REPRESENTATION_CONTEXT('2D SPACE',''
  ) );
#972 = ORIENTED_EDGE('',*,*,#973,.F.);
#973 = EDGE_CURVE('',#974,#946,#976,.T.);
#974 = VERTEX_POINT('',#975);
#975 = CARTESIAN_POINT('',(13.25,-5.5,4.));
#976 = SURFACE_CURVE('',#977,(#981,#988),.PCURVE_S1.);
#977 = LINE('',#978,#979);
#978 = CARTESIAN_POINT('',(13.25,-5.5,4.));
#979 = VECTOR('',#980,1.);
#980 = DIRECTION('',(1.,0.,0.));
#981 = PCURVE('',#72,#982);
#982 = DEFINITIONAL_REPRESENTATION('',(#983),#987);
#983 = LINE('',#984,#985);
#984 = CARTESIAN_POINT('',(30.1,7.675));
#985 = VECTOR('',#986,1.);
#986 = DIRECTION('',(1.,0.));
#987 = ( GEOMETRIC_REPRESENTATION_CONTEXT(2) 
PARAMETRIC_REPRESENTATION_CONTEXT() REPRESENTATION_CONTEXT('2D SPACE',''
  ) );
#988 = PCURVE('',#989,#994);
#989 = PLANE('',#990);
#990 = AXIS2_PLACEMENT_3D('',#991,#992,#993);
#991 = CARTESIAN_POINT('',(13.25,-5.5,4.));
#992 = DIRECTION('',(0.,1.,0.));
#993 = DIRECTION('',(0.,0.,1.));
#994 = DEFINITIONAL_REPRESENTATION('',(#995),#999);
#995 = LINE('',#996,#997);
#996 = CARTESIAN_POINT('',(0.,0.));
#997 = VECTOR('',#998,1.);
#998 = DIRECTION('',(0.,1.));
#999 = ( GEOMETRIC_REPRESENTATION_CONTEXT(2) 
PARAMETRIC_REPRESENTATION_CONTEXT() REPRESENTATION_CONTEXT('2D SPACE',''
  ) );
#1000 = ORIENTED_EDGE('',*,*,#1001,.T.);
#1001 = EDGE_CURVE('',#974,#1002,#1004,.T.);
#1002 = VERTEX_POINT('',#1003);
#1003 = CARTESIAN_POINT('',(13.25,-4.5,4.));
#1004 = SURFACE_CURVE('',#1005,(#1009,#1016),.PCURVE_S1.);
#1005 = LINE('',#1006,#1007);
#1006 = CARTESIAN_POINT('',(13.25,-5.5,4.));
#1007 = VECTOR('',#1008,1.);
#1008 = DIRECTION('',(0.,1.,0.));
#1009 = PCURVE('',#72,#1010);
#1010 = DEFINITIONAL_REPRESENTATION('',(#1011),#1015);
#1011 = LINE('',#1012,#1013);
#1012 = CARTESIAN_POINT('',(30.1,7.675));
#1013 = VECTOR('',#1014,1.);
#1014 = DIRECTION('',(0.,1.));
#1015 = ( GEOMETRIC_REPRESENTATION_CONTEXT(2) 
PARAMETRIC_REPRESENTATION_CONTEXT() REPRESENTATION_CONTEXT('2D SPACE',''
  ) );
#1016 = PCURVE('',#1017,#1022);
#1017 = PLANE('',#1018);
#1018 = AXIS2_PLACEMENT_3D('',#1019,#1020,#1021);
#1019 = CARTESIAN_POINT('',(13.25,-5.5,4.));
#1020 = DIRECTION('',(1.,0.,0.));
#1021 = DIRECTION('',(0.,0.,1.));
#1022 = DEFINITIONAL_REPRESENTATION('',(#1023),#1027);
#1023 = LINE('',#1024,#1025);
#1024 = CARTESIAN_POINT('',(0.,0.));
#1025 = VECTOR('',#1026,1.);
#1026 = DIRECTION('',(0.,-1.));
#1027 = ( GEOMETRIC_REPRESENTATION_CONTEXT(2) 
PARAMETRIC_REPRESENTATION_CONTEXT() REPRESENTATION_CONTEXT('2D SPACE',''
  ) );
#1028 = ORIENTED_EDGE('',*,*,#1029,.T.);
#1029 = EDGE_CURVE('',#1002,#1030,#1032,.T.);
#1030 = VERTEX_POINT('',#1031);
#1031 = CARTESIAN_POINT('',(13.95,-4.5,4.));
#1032 = SURFACE_CURVE('',#1033,(#1037,#1044),.PCURVE_S1.);
#1033 = LINE('',#1034,#1035);
#1034 = CARTESIAN_POINT('',(13.25,-4.5,4.));
#1035 = VECTOR('',#1036,1.);
#1036 = DIRECTION('',(1.,0.,0.));
#1037 = PCURVE('',#72,#1038);
#1038 = DEFINITIONAL_REPRESENTATION('',(#1039),#1043);
#1039 = LINE('',#1040,#1041);
#1040 = CARTESIAN_POINT('',(30.1,8.675));
#1041 = VECTOR('',#1042,1.);
#1042 = DIRECTION('',(1.,0.));
#1043 = ( GEOMETRIC_REPRESENTATION_CONTEXT(2) 
PARAMETRIC_REPRESENTATION_CONTEXT() REPRESENTATION_CONTEXT('2D SPACE',''
  ) );
#1044 = PCURVE('',#1045,#1050);
#1045 = PLANE('',#1046);
#1046 = AXIS2_PLACEMENT_3D('',#1047,#1048,#1049);
#1047 = CARTESIAN_POINT('',(13.25,-4.5,4.));
#1048 = DIRECTION('',(0.,1.,0.));
#1049 = DIRECTION('',(0.,0.,1.));
#1050 = DEFINITIONAL_REPRESENTATION('',(#1051),#1055);
#1051 = LINE('',#1052,#1053);
#1052 = CARTESIAN_POINT('',(0.,0.));
#1053 = VECTOR('',#1054,1.);
#1054 = DIRECTION('',(0.,1.));
#1055 = ( GEOMETRIC_REPRESENTATION_CONTEXT(2) 
PARAMETRIC_REPRESENTATION_CONTEXT() REPRESENTATION_CONTEXT('2D SPACE',''
  ) );
#1056 = ORIENTED_EDGE('',*,*,#1057,.T.);
#1057 = EDGE_CURVE('',#1030,#1058,#1060,.T.);
#1058 = VERTEX_POINT('',#1059);
#1059 = CARTESIAN_POINT('',(13.95,-3.5,4.));
#1060 = SURFACE_CURVE('',#1061,(#1065,#1072),.PCURVE_S1.);
#1061 = LINE('',#1062,#1063);
#1062 = CARTESIAN_POINT('',(13.95,-10.275,4.));
#1063 = VECTOR('',#1064,1.);
#1064 = DIRECTION('',(0.,1.,0.));
#1065 = PCURVE('',#72,#1066);
#1066 = DEFINITIONAL_REPRESENTATION('',(#1067),#1071);
#1067 = LINE('',#1068,#1069);
#1068 = CARTESIAN_POINT('',(30.8,2.9));
#1069 = VECTOR('',#1070,1.);
#1070 = DIRECTION('',(0.,1.));
#1071 = ( GEOMETRIC_REPRESENTATION_CONTEXT(2) 
PARAMETRIC_REPRESENTATION_CONTEXT() REPRESENTATION_CONTEXT('2D SPACE',''
  ) );
#1072 = PCURVE('',#1073,#1078);
#1073 = PLANE('',#1074);
#1074 = AXIS2_PLACEMENT_3D('',#1075,#1076,#1077);
#1075 = CARTESIAN_POINT('',(13.95,-10.275,4.));
#1076 = DIRECTION('',(1.,0.,0.));
#1077 = DIRECTION('',(0.,0.,1.));
#1078 = DEFINITIONAL_REPRESENTATION('',(#1079),#1083);
#1079 = LINE('',#1080,#1081);
#1080 = CARTESIAN_POINT('',(0.,0.));
#1081 = VECTOR('',#1082,1.);
#1082 = DIRECTION('',(0.,-1.));
#1083 = ( GEOMETRIC_REPRESENTATION_CONTEXT(2) 
PARAMETRIC_REPRESENTATION_CONTEXT() REPRESENTATION_CONTEXT('2D SPACE',''
  ) );
#1084 = ORIENTED_EDGE('',*,*,#1085,.T.);
#1085 = EDGE_CURVE('',#1058,#1086,#1088,.T.);
#1086 = VERTEX_POINT('',#1087);
#1087 = CARTESIAN_POINT('',(14.325,-3.5,4.));
#1088 = SURFACE_CURVE('',#1089,(#1093,#1100),.PCURVE_S1.);
#1089 = LINE('',#1090,#1091);
#1090 = CARTESIAN_POINT('',(12.05,-3.5,4.));
#1091 = VECTOR('',#1092,1.);
#1092 = DIRECTION('',(1.,0.,0.));
#1093 = PCURVE('',#72,#1094);
#1094 = DEFINITIONAL_REPRESENTATION('',(#1095),#1099);
#1095 = LINE('',#1096,#1097);
#1096 = CARTESIAN_POINT('',(28.9,9.675));
#1097 = VECTOR('',#1098,1.);
#1098 = DIRECTION('',(1.,0.));
#1099 = ( GEOMETRIC_REPRESENTATION_CONTEXT(2) 
PARAMETRIC_REPRESENTATION_CONTEXT() REPRESENTATION_CONTEXT('2D SPACE',''
  ) );
#1100 = PCURVE('',#1101,#1106);
#1101 = PLANE('',#1102);
#1102 = AXIS2_PLACEMENT_3D('',#1103,#1104,#1105);
#1103 = CARTESIAN_POINT('',(12.05,-3.5,4.));
#1104 = DIRECTION('',(0.,1.,0.));
#1105 = DIRECTION('',(0.,0.,1.));
#1106 = DEFINITIONAL_REPRESENTATION('',(#1107),#1111);
#1107 = LINE('',#1108,#1109);
#1108 = CARTESIAN_POINT('',(0.,0.));
#1109 = VECTOR('',#1110,1.);
#1110 = DIRECTION('',(0.,1.));
#1111 = ( GEOMETRIC_REPRESENTATION_CONTEXT(2) 
PARAMETRIC_REPRESENTATION_CONTEXT() REPRESENTATION_CONTEXT('2D SPACE',''
  ) );
#1112 = ORIENTED_EDGE('',*,*,#1113,.T.);
#1113 = EDGE_CURVE('',#1086,#1114,#1116,.T.);
#1114 = VERTEX_POINT('',#1115);
#1115 = CARTESIAN_POINT('',(14.325,3.5,4.));
#1116 = SURFACE_CURVE('',#1117,(#1121,#1128),.PCURVE_S1.);
#1117 = LINE('',#1118,#1119);
#1118 = CARTESIAN_POINT('',(14.325,-5.575,4.));
#1119 = VECTOR('',#1120,1.);
#1120 = DIRECTION('',(0.,1.,0.));
#1121 = PCURVE('',#72,#1122);
#1122 = DEFINITIONAL_REPRESENTATION('',(#1123),#1127);
#1123 = LINE('',#1124,#1125);
#1124 = CARTESIAN_POINT('',(31.175,7.6));
#1125 = VECTOR('',#1126,1.);
#1126 = DIRECTION('',(0.,1.));
#1127 = ( GEOMETRIC_REPRESENTATION_CONTEXT(2) 
PARAMETRIC_REPRESENTATION_CONTEXT() REPRESENTATION_CONTEXT('2D SPACE',''
  ) );
#1128 = PCURVE('',#1129,#1134);
#1129 = PLANE('',#1130);
#1130 = AXIS2_PLACEMENT_3D('',#1131,#1132,#1133);
#1131 = CARTESIAN_POINT('',(14.325,-5.575,4.));
#1132 = DIRECTION('',(1.,0.,0.));
#1133 = DIRECTION('',(0.,0.,1.));
#1134 = DEFINITIONAL_REPRESENTATION('',(#1135),#1139);
#1135 = LINE('',#1136,#1137);
#1136 = CARTESIAN_POINT('',(0.,0.));
#1137 = VECTOR('',#1138,1.);
#1138 = DIRECTION('',(0.,-1.));
#1139 = ( GEOMETRIC_REPRESENTATION_CONTEXT(2) 
PARAMETRIC_REPRESENTATION_CONTEXT() REPRESENTATION_CONTEXT('2D SPACE',''
  ) );
#1140 = ORIENTED_EDGE('',*,*,#1141,.F.);
#1141 = EDGE_CURVE('',#1142,#1114,#1144,.T.);
#1142 = VERTEX_POINT('',#1143);
#1143 = CARTESIAN_POINT('',(13.95,3.5,4.));
#1144 = SURFACE_CURVE('',#1145,(#1149,#1156),.PCURVE_S1.);
#1145 = LINE('',#1146,#1147);
#1146 = CARTESIAN_POINT('',(12.05,3.5,4.));
#1147 = VECTOR('',#1148,1.);
#1148 = DIRECTION('',(1.,0.,0.));
#1149 = PCURVE('',#72,#1150);
#1150 = DEFINITIONAL_REPRESENTATION('',(#1151),#1155);
#1151 = LINE('',#1152,#1153);
#1152 = CARTESIAN_POINT('',(28.9,16.675));
#1153 = VECTOR('',#1154,1.);
#1154 = DIRECTION('',(1.,0.));
#1155 = ( GEOMETRIC_REPRESENTATION_CONTEXT(2) 
PARAMETRIC_REPRESENTATION_CONTEXT() REPRESENTATION_CONTEXT('2D SPACE',''
  ) );
#1156 = PCURVE('',#1157,#1162);
#1157 = PLANE('',#1158);
#1158 = AXIS2_PLACEMENT_3D('',#1159,#1160,#1161);
#1159 = CARTESIAN_POINT('',(12.05,3.5,4.));
#1160 = DIRECTION('',(0.,1.,0.));
#1161 = DIRECTION('',(0.,0.,1.));
#1162 = DEFINITIONAL_REPRESENTATION('',(#1163),#1167);
#1163 = LINE('',#1164,#1165);
#1164 = CARTESIAN_POINT('',(0.,0.));
#1165 = VECTOR('',#1166,1.);
#1166 = DIRECTION('',(0.,1.));
#1167 = ( GEOMETRIC_REPRESENTATION_CONTEXT(2) 
PARAMETRIC_REPRESENTATION_CONTEXT() REPRESENTATION_CONTEXT('2D SPACE',''
  ) );
#1168 = ORIENTED_EDGE('',*,*,#1169,.T.);
#1169 = EDGE_CURVE('',#1142,#1170,#1172,.T.);
#1170 = VERTEX_POINT('',#1171);
#1171 = CARTESIAN_POINT('',(13.95,4.5,4.));
#1172 = SURFACE_CURVE('',#1173,(#1177,#1184),.PCURVE_S1.);
#1173 = LINE('',#1174,#1175);
#1174 = CARTESIAN_POINT('',(13.95,-10.275,4.));
#1175 = VECTOR('',#1176,1.);
#1176 = DIRECTION('',(0.,1.,0.));
#1177 = PCURVE('',#72,#1178);
#1178 = DEFINITIONAL_REPRESENTATION('',(#1179),#1183);
#1179 = LINE('',#1180,#1181);
#1180 = CARTESIAN_POINT('',(30.8,2.9));
#1181 = VECTOR('',#1182,1.);
#1182 = DIRECTION('',(0.,1.));
#1183 = ( GEOMETRIC_REPRESENTATION_CONTEXT(2) 
PARAMETRIC_REPRESENTATION_CONTEXT() REPRESENTATION_CONTEXT('2D SPACE',''
  ) );
#1184 = PCURVE('',#1185,#1190);
#1185 = PLANE('',#1186);
#1186 = AXIS2_PLACEMENT_3D('',#1187,#1188,#1189);
#1187 = CARTESIAN_POINT('',(13.95,-10.275,4.));
#1188 = DIRECTION('',(1.,0.,0.));
#1189 = DIRECTION('',(0.,0.,1.));
#1190 = DEFINITIONAL_REPRESENTATION('',(#1191),#1195);
#1191 = LINE('',#1192,#1193);
#1192 = CARTESIAN_POINT('',(0.,0.));
#1193 = VECTOR('',#1194,1.);
#1194 = DIRECTION('',(0.,-1.));
#1195 = ( GEOMETRIC_REPRESENTATION_CONTEXT(2) 
PARAMETRIC_REPRESENTATION_CONTEXT() REPRESENTATION_CONTEXT('2D SPACE',''
  ) );
#1196 = ORIENTED_EDGE('',*,*,#1197,.F.);
#1197 = EDGE_CURVE('',#1198,#1170,#1200,.T.);
#1198 = VERTEX_POINT('',#1199);
#1199 = CARTESIAN_POINT('',(13.25,4.5,4.));
#1200 = SURFACE_CURVE('',#1201,(#1205,#1212),.PCURVE_S1.);
#1201 = LINE('',#1202,#1203);
#1202 = CARTESIAN_POINT('',(13.25,4.5,4.));
#1203 = VECTOR('',#1204,1.);
#1204 = DIRECTION('',(1.,0.,0.));
#1205 = PCURVE('',#72,#1206);
#1206 = DEFINITIONAL_REPRESENTATION('',(#1207),#1211);
#1207 = LINE('',#1208,#1209);
#1208 = CARTESIAN_POINT('',(30.1,17.675));
#1209 = VECTOR('',#1210,1.);
#1210 = DIRECTION('',(1.,0.));
#1211 = ( GEOMETRIC_REPRESENTATION_CONTEXT(2) 
PARAMETRIC_REPRESENTATION_CONTEXT() REPRESENTATION_CONTEXT('2D SPACE',''
  ) );
#1212 = PCURVE('',#1213,#1218);
#1213 = PLANE('',#1214);
#1214 = AXIS2_PLACEMENT_3D('',#1215,#1216,#1217);
#1215 = CARTESIAN_POINT('',(13.25,4.5,4.));
#1216 = DIRECTION('',(0.,1.,0.));
#1217 = DIRECTION('',(0.,0.,1.));
#1218 = DEFINITIONAL_REPRESENTATION('',(#1219),#1223);
#1219 = LINE('',#1220,#1221);
#1220 = CARTESIAN_POINT('',(0.,0.));
#1221 = VECTOR('',#1222,1.);
#1222 = DIRECTION('',(0.,1.));
#1223 = ( GEOMETRIC_REPRESENTATION_CONTEXT(2) 
PARAMETRIC_REPRESENTATION_CONTEXT() REPRESENTATION_CONTEXT('2D SPACE',''
  ) );
#1224 = ORIENTED_EDGE('',*,*,#1225,.T.);
#1225 = EDGE_CURVE('',#1198,#1226,#1228,.T.);
#1226 = VERTEX_POINT('',#1227);
#1227 = CARTESIAN_POINT('',(13.25,5.5,4.));
#1228 = SURFACE_CURVE('',#1229,(#1233,#1240),.PCURVE_S1.);
#1229 = LINE('',#1230,#1231);
#1230 = CARTESIAN_POINT('',(13.25,4.5,4.));
#1231 = VECTOR('',#1232,1.);
#1232 = DIRECTION('',(0.,1.,0.));
#1233 = PCURVE('',#72,#1234);
#1234 = DEFINITIONAL_REPRESENTATION('',(#1235),#1239);
#1235 = LINE('',#1236,#1237);
#1236 = CARTESIAN_POINT('',(30.1,17.675));
#1237 = VECTOR('',#1238,1.);
#1238 = DIRECTION('',(0.,1.));
#1239 = ( GEOMETRIC_REPRESENTATION_CONTEXT(2) 
PARAMETRIC_REPRESENTATION_CONTEXT() REPRESENTATION_CONTEXT('2D SPACE',''
  ) );
#1240 = PCURVE('',#1241,#1246);
#1241 = PLANE('',#1242);
#1242 = AXIS2_PLACEMENT_3D('',#1243,#1244,#1245);
#1243 = CARTESIAN_POINT('',(13.25,4.5,4.));
#1244 = DIRECTION('',(1.,0.,0.));
#1245 = DIRECTION('',(0.,0.,1.));
#1246 = DEFINITIONAL_REPRESENTATION('',(#1247),#1251);
#1247 = LINE('',#1248,#1249);
#1248 = CARTESIAN_POINT('',(0.,0.));
#1249 = VECTOR('',#1250,1.);
#1250 = DIRECTION('',(0.,-1.));
#1251 = ( GEOMETRIC_REPRESENTATION_CONTEXT(2) 
PARAMETRIC_REPRESENTATION_CONTEXT() REPRESENTATION_CONTEXT('2D SPACE',''
  ) );
#1252 = ORIENTED_EDGE('',*,*,#1253,.T.);
#1253 = EDGE_CURVE('',#1226,#1254,#1256,.T.);
#1254 = VERTEX_POINT('',#1255);
#1255 = CARTESIAN_POINT('',(13.95,5.5,4.));
#1256 = SURFACE_CURVE('',#1257,(#1261,#1268),.PCURVE_S1.);
#1257 = LINE('',#1258,#1259);
#1258 = CARTESIAN_POINT('',(13.25,5.5,4.));
#1259 = VECTOR('',#1260,1.);
#1260 = DIRECTION('',(1.,0.,0.));
#1261 = PCURVE('',#72,#1262);
#1262 = DEFINITIONAL_REPRESENTATION('',(#1263),#1267);
#1263 = LINE('',#1264,#1265);
#1264 = CARTESIAN_POINT('',(30.1,18.675));
#1265 = VECTOR('',#1266,1.);
#1266 = DIRECTION('',(1.,0.));
#1267 = ( GEOMETRIC_REPRESENTATION_CONTEXT(2) 
PARAMETRIC_REPRESENTATION_CONTEXT() REPRESENTATION_CONTEXT('2D SPACE',''
  ) );
#1268 = PCURVE('',#1269,#1274);
#1269 = PLANE('',#1270);
#1270 = AXIS2_PLACEMENT_3D('',#1271,#1272,#1273);
#1271 = CARTESIAN_POINT('',(13.25,5.5,4.));
#1272 = DIRECTION('',(0.,1.,0.));
#1273 = DIRECTION('',(0.,0.,1.));
#1274 = DEFINITIONAL_REPRESENTATION('',(#1275),#1279);
#1275 = LINE('',#1276,#1277);
#1276 = CARTESIAN_POINT('',(0.,0.));
#1277 = VECTOR('',#1278,1.);
#1278 = DIRECTION('',(0.,1.));
#1279 = ( GEOMETRIC_REPRESENTATION_CONTEXT(2) 
PARAMETRIC_REPRESENTATION_CONTEXT() REPRESENTATION_CONTEXT('2D SPACE',''
  ) );
#1280 = ORIENTED_EDGE('',*,*,#1281,.T.);
#1281 = EDGE_CURVE('',#1254,#1282,#1284,.T.);
#1282 = VERTEX_POINT('',#1283);
#1283 = CARTESIAN_POINT('',(13.95,5.575,4.));
#1284 = SURFACE_CURVE('',#1285,(#1289,#1296),.PCURVE_S1.);
#1285 = LINE('',#1286,#1287);
#1286 = CARTESIAN_POINT('',(13.95,-10.275,4.));
#1287 = VECTOR('',#1288,1.);
#1288 = DIRECTION('',(0.,1.,0.));
#1289 = PCURVE('',#72,#1290);
#1290 = DEFINITIONAL_REPRESENTATION('',(#1291),#1295);
#1291 = LINE('',#1292,#1293);
#1292 = CARTESIAN_POINT('',(30.8,2.9));
#1293 = VECTOR('',#1294,1.);
#1294 = DIRECTION('',(0.,1.));
#1295 = ( GEOMETRIC_REPRESENTATION_CONTEXT(2) 
PARAMETRIC_REPRESENTATION_CONTEXT() REPRESENTATION_CONTEXT('2D SPACE',''
  ) );
#1296 = PCURVE('',#1297,#1302);
#1297 = PLANE('',#1298);
#1298 = AXIS2_PLACEMENT_3D('',#1299,#1300,#1301);
#1299 = CARTESIAN_POINT('',(13.95,-10.275,4.));
#1300 = DIRECTION('',(1.,0.,0.));
#1301 = DIRECTION('',(0.,0.,1.));
#1302 = DEFINITIONAL_REPRESENTATION('',(#1303),#1307);
#1303 = LINE('',#1304,#1305);
#1304 = CARTESIAN_POINT('',(0.,0.));
#1305 = VECTOR('',#1306,1.);
#1306 = DIRECTION('',(0.,-1.));
#1307 = ( GEOMETRIC_REPRESENTATION_CONTEXT(2) 
PARAMETRIC_REPRESENTATION_CONTEXT() REPRESENTATION_CONTEXT('2D SPACE',''
  ) );
#1308 = ORIENTED_EDGE('',*,*,#1309,.F.);
#1309 = EDGE_CURVE('',#1310,#1282,#1312,.T.);
#1310 = VERTEX_POINT('',#1311);
#1311 = CARTESIAN_POINT('',(13.363552872566,5.575,4.));
#1312 = SURFACE_CURVE('',#1313,(#1317,#1324),.PCURVE_S1.);
#1313 = LINE('',#1314,#1315);
#1314 = CARTESIAN_POINT('',(-14.325,5.575,4.));
#1315 = VECTOR('',#1316,1.);
#1316 = DIRECTION('',(1.,0.,0.));
#1317 = PCURVE('',#72,#1318);
#1318 = DEFINITIONAL_REPRESENTATION('',(#1319),#1323);
#1319 = LINE('',#1320,#1321);
#1320 = CARTESIAN_POINT('',(2.525,18.75));
#1321 = VECTOR('',#1322,1.);
#1322 = DIRECTION('',(1.,0.));
#1323 = ( GEOMETRIC_REPRESENTATION_CONTEXT(2) 
PARAMETRIC_REPRESENTATION_CONTEXT() REPRESENTATION_CONTEXT('2D SPACE',''
  ) );
#1324 = PCURVE('',#1325,#1330);
#1325 = PLANE('',#1326);
#1326 = AXIS2_PLACEMENT_3D('',#1327,#1328,#1329);
#1327 = CARTESIAN_POINT('',(-14.325,5.575,4.));
#1328 = DIRECTION('',(0.,1.,0.));
#1329 = DIRECTION('',(0.,0.,1.));
#1330 = DEFINITIONAL_REPRESENTATION('',(#1331),#1335);
#1331 = LINE('',#1332,#1333);
#1332 = CARTESIAN_POINT('',(0.,0.));
#1333 = VECTOR('',#1334,1.);
#1334 = DIRECTION('',(0.,1.));
#1335 = ( GEOMETRIC_REPRESENTATION_CONTEXT(2) 
PARAMETRIC_REPRESENTATION_CONTEXT() REPRESENTATION_CONTEXT('2D SPACE',''
  ) );
#1336 = ORIENTED_EDGE('',*,*,#1337,.T.);
#1337 = EDGE_CURVE('',#1310,#1338,#1340,.T.);
#1338 = VERTEX_POINT('',#1339);
#1339 = CARTESIAN_POINT('',(15.15,7.222225074153,4.));
#1340 = SURFACE_CURVE('',#1341,(#1346,#1353),.PCURVE_S1.);
#1341 = CIRCLE('',#1342,3.2);
#1342 = AXIS2_PLACEMENT_3D('',#1343,#1344,#1345);
#1343 = CARTESIAN_POINT('',(12.25,8.575,4.));
#1344 = DIRECTION('',(0.,0.,1.));
#1345 = DIRECTION('',(0.347985272677,-0.9375,0.));
#1346 = PCURVE('',#72,#1347);
#1347 = DEFINITIONAL_REPRESENTATION('',(#1348),#1352);
#1348 = CIRCLE('',#1349,3.2);
#1349 = AXIS2_PLACEMENT_2D('',#1350,#1351);
#1350 = CARTESIAN_POINT('',(29.1,21.75));
#1351 = DIRECTION('',(0.347985272677,-0.9375));
#1352 = ( GEOMETRIC_REPRESENTATION_CONTEXT(2) 
PARAMETRIC_REPRESENTATION_CONTEXT() REPRESENTATION_CONTEXT('2D SPACE',''
  ) );
#1353 = PCURVE('',#1354,#1359);
#1354 = CYLINDRICAL_SURFACE('',#1355,3.2);
#1355 = AXIS2_PLACEMENT_3D('',#1356,#1357,#1358);
#1356 = CARTESIAN_POINT('',(12.25,8.575,4.));
#1357 = DIRECTION('',(0.,0.,1.));
#1358 = DIRECTION('',(1.,0.,0.));
#1359 = DEFINITIONAL_REPRESENTATION('',(#1360),#1364);
#1360 = LINE('',#1361,#1362);
#1361 = CARTESIAN_POINT('',(5.067810182075,0.));
#1362 = VECTOR('',#1363,1.);
#1363 = DIRECTION('',(1.,0.));
#1364 = ( GEOMETRIC_REPRESENTATION_CONTEXT(2) 
PARAMETRIC_REPRESENTATION_CONTEXT() REPRESENTATION_CONTEXT('2D SPACE',''
  ) );
#1365 = ORIENTED_EDGE('',*,*,#1366,.F.);
#1366 = EDGE_CURVE('',#1367,#1338,#1369,.T.);
#1367 = VERTEX_POINT('',#1368);
#1368 = CARTESIAN_POINT('',(15.15,6.775,4.));
#1369 = SURFACE_CURVE('',#1370,(#1374,#1381),.PCURVE_S1.);
#1370 = LINE('',#1371,#1372);
#1371 = CARTESIAN_POINT('',(15.15,-11.475,4.));
#1372 = VECTOR('',#1373,1.);
#1373 = DIRECTION('',(0.,1.,0.));
#1374 = PCURVE('',#72,#1375);
#1375 = DEFINITIONAL_REPRESENTATION('',(#1376),#1380);
#1376 = LINE('',#1377,#1378);
#1377 = CARTESIAN_POINT('',(32.,1.7));
#1378 = VECTOR('',#1379,1.);
#1379 = DIRECTION('',(0.,1.));
#1380 = ( GEOMETRIC_REPRESENTATION_CONTEXT(2) 
PARAMETRIC_REPRESENTATION_CONTEXT() REPRESENTATION_CONTEXT('2D SPACE',''
  ) );
#1381 = PCURVE('',#1382,#1387);
#1382 = PLANE('',#1383);
#1383 = AXIS2_PLACEMENT_3D('',#1384,#1385,#1386);
#1384 = CARTESIAN_POINT('',(15.15,-11.475,4.));
#1385 = DIRECTION('',(1.,0.,0.));
#1386 = DIRECTION('',(0.,0.,1.));
#1387 = DEFINITIONAL_REPRESENTATION('',(#1388),#1392);
#1388 = LINE('',#1389,#1390);
#1389 = CARTESIAN_POINT('',(0.,0.));
#1390 = VECTOR('',#1391,1.);
#1391 = DIRECTION('',(0.,-1.));
#1392 = ( GEOMETRIC_REPRESENTATION_CONTEXT(2) 
PARAMETRIC_REPRESENTATION_CONTEXT() REPRESENTATION_CONTEXT('2D SPACE',''
  ) );
#1393 = ORIENTED_EDGE('',*,*,#1394,.T.);
#1394 = EDGE_CURVE('',#1367,#1395,#1397,.T.);
#1395 = VERTEX_POINT('',#1396);
#1396 = CARTESIAN_POINT('',(15.525,6.775,4.));
#1397 = SURFACE_CURVE('',#1398,(#1402,#1409),.PCURVE_S1.);
#1398 = LINE('',#1399,#1400);
#1399 = CARTESIAN_POINT('',(-15.525,6.775,4.));
#1400 = VECTOR('',#1401,1.);
#1401 = DIRECTION('',(1.,0.,0.));
#1402 = PCURVE('',#72,#1403);
#1403 = DEFINITIONAL_REPRESENTATION('',(#1404),#1408);
#1404 = LINE('',#1405,#1406);
#1405 = CARTESIAN_POINT('',(1.325,19.95));
#1406 = VECTOR('',#1407,1.);
#1407 = DIRECTION('',(1.,0.));
#1408 = ( GEOMETRIC_REPRESENTATION_CONTEXT(2) 
PARAMETRIC_REPRESENTATION_CONTEXT() REPRESENTATION_CONTEXT('2D SPACE',''
  ) );
#1409 = PCURVE('',#1410,#1415);
#1410 = PLANE('',#1411);
#1411 = AXIS2_PLACEMENT_3D('',#1412,#1413,#1414);
#1412 = CARTESIAN_POINT('',(-15.525,6.775,4.));
#1413 = DIRECTION('',(0.,1.,0.));
#1414 = DIRECTION('',(0.,0.,1.));
#1415 = DEFINITIONAL_REPRESENTATION('',(#1416),#1420);
#1416 = LINE('',#1417,#1418);
#1417 = CARTESIAN_POINT('',(0.,0.));
#1418 = VECTOR('',#1419,1.);
#1419 = DIRECTION('',(0.,1.));
#1420 = ( GEOMETRIC_REPRESENTATION_CONTEXT(2) 
PARAMETRIC_REPRESENTATION_CONTEXT() REPRESENTATION_CONTEXT('2D SPACE',''
  ) );
#1421 = ORIENTED_EDGE('',*,*,#1422,.F.);
#1422 = EDGE_CURVE('',#323,#1395,#1423,.T.);
#1423 = SURFACE_CURVE('',#1424,(#1428,#1435),.PCURVE_S1.);
#1424 = LINE('',#1425,#1426);
#1425 = CARTESIAN_POINT('',(15.525,-6.775,4.));
#1426 = VECTOR('',#1427,1.);
#1427 = DIRECTION('',(0.,1.,0.));
#1428 = PCURVE('',#72,#1429);
#1429 = DEFINITIONAL_REPRESENTATION('',(#1430),#1434);
#1430 = LINE('',#1431,#1432);
#1431 = CARTESIAN_POINT('',(32.375,6.4));
#1432 = VECTOR('',#1433,1.);
#1433 = DIRECTION('',(0.,1.));
#1434 = ( GEOMETRIC_REPRESENTATION_CONTEXT(2) 
PARAMETRIC_REPRESENTATION_CONTEXT() REPRESENTATION_CONTEXT('2D SPACE',''
  ) );
#1435 = PCURVE('',#1436,#1441);
#1436 = PLANE('',#1437);
#1437 = AXIS2_PLACEMENT_3D('',#1438,#1439,#1440);
#1438 = CARTESIAN_POINT('',(15.525,-6.775,4.));
#1439 = DIRECTION('',(1.,0.,0.));
#1440 = DIRECTION('',(0.,0.,1.));
#1441 = DEFINITIONAL_REPRESENTATION('',(#1442),#1446);
#1442 = LINE('',#1443,#1444);
#1443 = CARTESIAN_POINT('',(0.,0.));
#1444 = VECTOR('',#1445,1.);
#1445 = DIRECTION('',(0.,-1.));
#1446 = ( GEOMETRIC_REPRESENTATION_CONTEXT(2) 
PARAMETRIC_REPRESENTATION_CONTEXT() REPRESENTATION_CONTEXT('2D SPACE',''
  ) );
#1447 = FACE_BOUND('',#1448,.T.);
#1448 = EDGE_LOOP('',(#1449));
#1449 = ORIENTED_EDGE('',*,*,#1450,.F.);
#1450 = EDGE_CURVE('',#1451,#1451,#1453,.T.);
#1451 = VERTEX_POINT('',#1452);
#1452 = CARTESIAN_POINT('',(-10.65,-8.575,4.));
#1453 = SURFACE_CURVE('',#1454,(#1459,#1466),.PCURVE_S1.);
#1454 = CIRCLE('',#1455,1.6);
#1455 = AXIS2_PLACEMENT_3D('',#1456,#1457,#1458);
#1456 = CARTESIAN_POINT('',(-12.25,-8.575,4.));
#1457 = DIRECTION('',(0.,0.,1.));
#1458 = DIRECTION('',(1.,0.,-0.));
#1459 = PCURVE('',#72,#1460);
#1460 = DEFINITIONAL_REPRESENTATION('',(#1461),#1465);
#1461 = CIRCLE('',#1462,1.6);
#1462 = AXIS2_PLACEMENT_2D('',#1463,#1464);
#1463 = CARTESIAN_POINT('',(4.6,4.6));
#1464 = DIRECTION('',(1.,0.));
#1465 = ( GEOMETRIC_REPRESENTATION_CONTEXT(2) 
PARAMETRIC_REPRESENTATION_CONTEXT() REPRESENTATION_CONTEXT('2D SPACE',''
  ) );
#1466 = PCURVE('',#1467,#1472);
#1467 = CYLINDRICAL_SURFACE('',#1468,1.6);
#1468 = AXIS2_PLACEMENT_3D('',#1469,#1470,#1471);
#1469 = CARTESIAN_POINT('',(-12.25,-8.575,-6.));
#1470 = DIRECTION('',(0.,0.,1.));
#1471 = DIRECTION('',(1.,0.,0.));
#1472 = DEFINITIONAL_REPRESENTATION('',(#1473),#1477);
#1473 = LINE('',#1474,#1475);
#1474 = CARTESIAN_POINT('',(0.,10.));
#1475 = VECTOR('',#1476,1.);
#1476 = DIRECTION('',(1.,0.));
#1477 = ( GEOMETRIC_REPRESENTATION_CONTEXT(2) 
PARAMETRIC_REPRESENTATION_CONTEXT() REPRESENTATION_CONTEXT('2D SPACE',''
  ) );
#1478 = FACE_BOUND('',#1479,.T.);
#1479 = EDGE_LOOP('',(#1480,#1510,#1539,#1567));
#1480 = ORIENTED_EDGE('',*,*,#1481,.F.);
#1481 = EDGE_CURVE('',#1482,#1484,#1486,.T.);
#1482 = VERTEX_POINT('',#1483);
#1483 = CARTESIAN_POINT('',(-10.89722507415,-11.475,4.));
#1484 = VERTEX_POINT('',#1485);
#1485 = CARTESIAN_POINT('',(10.897225074153,-11.475,4.));
#1486 = SURFACE_CURVE('',#1487,(#1491,#1498),.PCURVE_S1.);
#1487 = LINE('',#1488,#1489);
#1488 = CARTESIAN_POINT('',(-15.15,-11.475,4.));
#1489 = VECTOR('',#1490,1.);
#1490 = DIRECTION('',(1.,0.,0.));
#1491 = PCURVE('',#72,#1492);
#1492 = DEFINITIONAL_REPRESENTATION('',(#1493),#1497);
#1493 = LINE('',#1494,#1495);
#1494 = CARTESIAN_POINT('',(1.7,1.7));
#1495 = VECTOR('',#1496,1.);
#1496 = DIRECTION('',(1.,0.));
#1497 = ( GEOMETRIC_REPRESENTATION_CONTEXT(2) 
PARAMETRIC_REPRESENTATION_CONTEXT() REPRESENTATION_CONTEXT('2D SPACE',''
  ) );
#1498 = PCURVE('',#1499,#1504);
#1499 = PLANE('',#1500);
#1500 = AXIS2_PLACEMENT_3D('',#1501,#1502,#1503);
#1501 = CARTESIAN_POINT('',(-15.15,-11.475,4.));
#1502 = DIRECTION('',(0.,1.,0.));
#1503 = DIRECTION('',(0.,0.,1.));
#1504 = DEFINITIONAL_REPRESENTATION('',(#1505),#1509);
#1505 = LINE('',#1506,#1507);
#1506 = CARTESIAN_POINT('',(0.,0.));
#1507 = VECTOR('',#1508,1.);
#1508 = DIRECTION('',(0.,1.));
#1509 = ( GEOMETRIC_REPRESENTATION_CONTEXT(2) 
PARAMETRIC_REPRESENTATION_CONTEXT() REPRESENTATION_CONTEXT('2D SPACE',''
  ) );
#1510 = ORIENTED_EDGE('',*,*,#1511,.T.);
#1511 = EDGE_CURVE('',#1482,#1512,#1514,.T.);
#1512 = VERTEX_POINT('',#1513);
#1513 = CARTESIAN_POINT('',(-9.538911657655,-10.275,4.));
#1514 = SURFACE_CURVE('',#1515,(#1520,#1527),.PCURVE_S1.);
#1515 = CIRCLE('',#1516,3.2);
#1516 = AXIS2_PLACEMENT_3D('',#1517,#1518,#1519);
#1517 = CARTESIAN_POINT('',(-12.25,-8.575,4.));
#1518 = DIRECTION('',(0.,0.,1.));
#1519 = DIRECTION('',(1.,0.,0.));
#1520 = PCURVE('',#72,#1521);
#1521 = DEFINITIONAL_REPRESENTATION('',(#1522),#1526);
#1522 = CIRCLE('',#1523,3.2);
#1523 = AXIS2_PLACEMENT_2D('',#1524,#1525);
#1524 = CARTESIAN_POINT('',(4.6,4.6));
#1525 = DIRECTION('',(1.,0.));
#1526 = ( GEOMETRIC_REPRESENTATION_CONTEXT(2) 
PARAMETRIC_REPRESENTATION_CONTEXT() REPRESENTATION_CONTEXT('2D SPACE',''
  ) );
#1527 = PCURVE('',#1528,#1533);
#1528 = CYLINDRICAL_SURFACE('',#1529,3.2);
#1529 = AXIS2_PLACEMENT_3D('',#1530,#1531,#1532);
#1530 = CARTESIAN_POINT('',(-12.25,-8.575,4.));
#1531 = DIRECTION('',(0.,0.,1.));
#1532 = DIRECTION('',(1.,0.,0.));
#1533 = DEFINITIONAL_REPRESENTATION('',(#1534),#1538);
#1534 = LINE('',#1535,#1536);
#1535 = CARTESIAN_POINT('',(0.,0.));
#1536 = VECTOR('',#1537,1.);
#1537 = DIRECTION('',(1.,0.));
#1538 = ( GEOMETRIC_REPRESENTATION_CONTEXT(2) 
PARAMETRIC_REPRESENTATION_CONTEXT() REPRESENTATION_CONTEXT('2D SPACE',''
  ) );
#1539 = ORIENTED_EDGE('',*,*,#1540,.T.);
#1540 = EDGE_CURVE('',#1512,#1541,#1543,.T.);
#1541 = VERTEX_POINT('',#1542);
#1542 = CARTESIAN_POINT('',(9.538911657655,-10.275,4.));
#1543 = SURFACE_CURVE('',#1544,(#1548,#1555),.PCURVE_S1.);
#1544 = LINE('',#1545,#1546);
#1545 = CARTESIAN_POINT('',(-13.95,-10.275,4.));
#1546 = VECTOR('',#1547,1.);
#1547 = DIRECTION('',(1.,0.,0.));
#1548 = PCURVE('',#72,#1549);
#1549 = DEFINITIONAL_REPRESENTATION('',(#1550),#1554);
#1550 = LINE('',#1551,#1552);
#1551 = CARTESIAN_POINT('',(2.9,2.9));
#1552 = VECTOR('',#1553,1.);
#1553 = DIRECTION('',(1.,0.));
#1554 = ( GEOMETRIC_REPRESENTATION_CONTEXT(2) 
PARAMETRIC_REPRESENTATION_CONTEXT() REPRESENTATION_CONTEXT('2D SPACE',''
  ) );
#1555 = PCURVE('',#1556,#1561);
#1556 = PLANE('',#1557);
#1557 = AXIS2_PLACEMENT_3D('',#1558,#1559,#1560);
#1558 = CARTESIAN_POINT('',(-13.95,-10.275,4.));
#1559 = DIRECTION('',(0.,1.,0.));
#1560 = DIRECTION('',(0.,0.,1.));
#1561 = DEFINITIONAL_REPRESENTATION('',(#1562),#1566);
#1562 = LINE('',#1563,#1564);
#1563 = CARTESIAN_POINT('',(0.,0.));
#1564 = VECTOR('',#1565,1.);
#1565 = DIRECTION('',(0.,1.));
#1566 = ( GEOMETRIC_REPRESENTATION_CONTEXT(2) 
PARAMETRIC_REPRESENTATION_CONTEXT() REPRESENTATION_CONTEXT('2D SPACE',''
  ) );
#1567 = ORIENTED_EDGE('',*,*,#1568,.T.);
#1568 = EDGE_CURVE('',#1541,#1484,#1569,.T.);
#1569 = SURFACE_CURVE('',#1570,(#1575,#1582),.PCURVE_S1.);
#1570 = CIRCLE('',#1571,3.2);
#1571 = AXIS2_PLACEMENT_3D('',#1572,#1573,#1574);
#1572 = CARTESIAN_POINT('',(12.25,-8.575,4.));
#1573 = DIRECTION('',(0.,0.,1.));
#1574 = DIRECTION('',(1.,0.,0.));
#1575 = PCURVE('',#72,#1576);
#1576 = DEFINITIONAL_REPRESENTATION('',(#1577),#1581);
#1577 = CIRCLE('',#1578,3.2);
#1578 = AXIS2_PLACEMENT_2D('',#1579,#1580);
#1579 = CARTESIAN_POINT('',(29.1,4.6));
#1580 = DIRECTION('',(1.,0.));
#1581 = ( GEOMETRIC_REPRESENTATION_CONTEXT(2) 
PARAMETRIC_REPRESENTATION_CONTEXT() REPRESENTATION_CONTEXT('2D SPACE',''
  ) );
#1582 = PCURVE('',#1583,#1588);
#1583 = CYLINDRICAL_SURFACE('',#1584,3.2);
#1584 = AXIS2_PLACEMENT_3D('',#1585,#1586,#1587);
#1585 = CARTESIAN_POINT('',(12.25,-8.575,4.));
#1586 = DIRECTION('',(0.,0.,1.));
#1587 = DIRECTION('',(1.,0.,0.));
#1588 = DEFINITIONAL_REPRESENTATION('',(#1589),#1593);
#1589 = LINE('',#1590,#1591);
#1590 = CARTESIAN_POINT('',(0.,0.));
#1591 = VECTOR('',#1592,1.);
#1592 = DIRECTION('',(1.,0.));
#1593 = ( GEOMETRIC_REPRESENTATION_CONTEXT(2) 
PARAMETRIC_REPRESENTATION_CONTEXT() REPRESENTATION_CONTEXT('2D SPACE',''
  ) );
#1594 = FACE_BOUND('',#1595,.T.);
#1595 = EDGE_LOOP('',(#1596,#1626,#1655,#1683));
#1596 = ORIENTED_EDGE('',*,*,#1597,.F.);
#1597 = EDGE_CURVE('',#1598,#1600,#1602,.T.);
#1598 = VERTEX_POINT('',#1599);
#1599 = CARTESIAN_POINT('',(-9.604248688935,-6.775,4.));
#1600 = VERTEX_POINT('',#1601);
#1601 = CARTESIAN_POINT('',(9.604248688935,-6.775,4.));
#1602 = SURFACE_CURVE('',#1603,(#1607,#1614),.PCURVE_S1.);
#1603 = LINE('',#1604,#1605);
#1604 = CARTESIAN_POINT('',(-15.525,-6.775,4.));
#1605 = VECTOR('',#1606,1.);
#1606 = DIRECTION('',(1.,0.,0.));
#1607 = PCURVE('',#72,#1608);
#1608 = DEFINITIONAL_REPRESENTATION('',(#1609),#1613);
#1609 = LINE('',#1610,#1611);
#1610 = CARTESIAN_POINT('',(1.325,6.4));
#1611 = VECTOR('',#1612,1.);
#1612 = DIRECTION('',(1.,0.));
#1613 = ( GEOMETRIC_REPRESENTATION_CONTEXT(2) 
PARAMETRIC_REPRESENTATION_CONTEXT() REPRESENTATION_CONTEXT('2D SPACE',''
  ) );
#1614 = PCURVE('',#1615,#1620);
#1615 = PLANE('',#1616);
#1616 = AXIS2_PLACEMENT_3D('',#1617,#1618,#1619);
#1617 = CARTESIAN_POINT('',(-15.525,-6.775,4.));
#1618 = DIRECTION('',(0.,1.,0.));
#1619 = DIRECTION('',(0.,0.,1.));
#1620 = DEFINITIONAL_REPRESENTATION('',(#1621),#1625);
#1621 = LINE('',#1622,#1623);
#1622 = CARTESIAN_POINT('',(0.,0.));
#1623 = VECTOR('',#1624,1.);
#1624 = DIRECTION('',(0.,1.));
#1625 = ( GEOMETRIC_REPRESENTATION_CONTEXT(2) 
PARAMETRIC_REPRESENTATION_CONTEXT() REPRESENTATION_CONTEXT('2D SPACE',''
  ) );
#1626 = ORIENTED_EDGE('',*,*,#1627,.T.);
#1627 = EDGE_CURVE('',#1598,#1628,#1630,.T.);
#1628 = VERTEX_POINT('',#1629);
#1629 = CARTESIAN_POINT('',(-11.13644712743,-5.575,4.));
#1630 = SURFACE_CURVE('',#1631,(#1636,#1643),.PCURVE_S1.);
#1631 = CIRCLE('',#1632,3.2);
#1632 = AXIS2_PLACEMENT_3D('',#1633,#1634,#1635);
#1633 = CARTESIAN_POINT('',(-12.25,-8.575,4.));
#1634 = DIRECTION('',(0.,0.,1.));
#1635 = DIRECTION('',(1.,0.,0.));
#1636 = PCURVE('',#72,#1637);
#1637 = DEFINITIONAL_REPRESENTATION('',(#1638),#1642);
#1638 = CIRCLE('',#1639,3.2);
#1639 = AXIS2_PLACEMENT_2D('',#1640,#1641);
#1640 = CARTESIAN_POINT('',(4.6,4.6));
#1641 = DIRECTION('',(1.,0.));
#1642 = ( GEOMETRIC_REPRESENTATION_CONTEXT(2) 
PARAMETRIC_REPRESENTATION_CONTEXT() REPRESENTATION_CONTEXT('2D SPACE',''
  ) );
#1643 = PCURVE('',#1644,#1649);
#1644 = CYLINDRICAL_SURFACE('',#1645,3.2);
#1645 = AXIS2_PLACEMENT_3D('',#1646,#1647,#1648);
#1646 = CARTESIAN_POINT('',(-12.25,-8.575,4.));
#1647 = DIRECTION('',(0.,0.,1.));
#1648 = DIRECTION('',(1.,0.,0.));
#1649 = DEFINITIONAL_REPRESENTATION('',(#1650),#1654);
#1650 = LINE('',#1651,#1652);
#1651 = CARTESIAN_POINT('',(0.,0.));
#1652 = VECTOR('',#1653,1.);
#1653 = DIRECTION('',(1.,0.));
#1654 = ( GEOMETRIC_REPRESENTATION_CONTEXT(2) 
PARAMETRIC_REPRESENTATION_CONTEXT() REPRESENTATION_CONTEXT('2D SPACE',''
  ) );
#1655 = ORIENTED_EDGE('',*,*,#1656,.T.);
#1656 = EDGE_CURVE('',#1628,#1657,#1659,.T.);
#1657 = VERTEX_POINT('',#1658);
#1658 = CARTESIAN_POINT('',(11.136447127434,-5.575,4.));
#1659 = SURFACE_CURVE('',#1660,(#1664,#1671),.PCURVE_S1.);
#1660 = LINE('',#1661,#1662);
#1661 = CARTESIAN_POINT('',(-14.325,-5.575,4.));
#1662 = VECTOR('',#1663,1.);
#1663 = DIRECTION('',(1.,0.,0.));
#1664 = PCURVE('',#72,#1665);
#1665 = DEFINITIONAL_REPRESENTATION('',(#1666),#1670);
#1666 = LINE('',#1667,#1668);
#1667 = CARTESIAN_POINT('',(2.525,7.6));
#1668 = VECTOR('',#1669,1.);
#1669 = DIRECTION('',(1.,0.));
#1670 = ( GEOMETRIC_REPRESENTATION_CONTEXT(2) 
PARAMETRIC_REPRESENTATION_CONTEXT() REPRESENTATION_CONTEXT('2D SPACE',''
  ) );
#1671 = PCURVE('',#1672,#1677);
#1672 = PLANE('',#1673);
#1673 = AXIS2_PLACEMENT_3D('',#1674,#1675,#1676);
#1674 = CARTESIAN_POINT('',(-14.325,-5.575,4.));
#1675 = DIRECTION('',(0.,1.,0.));
#1676 = DIRECTION('',(0.,0.,1.));
#1677 = DEFINITIONAL_REPRESENTATION('',(#1678),#1682);
#1678 = LINE('',#1679,#1680);
#1679 = CARTESIAN_POINT('',(0.,0.));
#1680 = VECTOR('',#1681,1.);
#1681 = DIRECTION('',(0.,1.));
#1682 = ( GEOMETRIC_REPRESENTATION_CONTEXT(2) 
PARAMETRIC_REPRESENTATION_CONTEXT() REPRESENTATION_CONTEXT('2D SPACE',''
  ) );
#1683 = ORIENTED_EDGE('',*,*,#1684,.T.);
#1684 = EDGE_CURVE('',#1657,#1600,#1685,.T.);
#1685 = SURFACE_CURVE('',#1686,(#1691,#1698),.PCURVE_S1.);
#1686 = CIRCLE('',#1687,3.2);
#1687 = AXIS2_PLACEMENT_3D('',#1688,#1689,#1690);
#1688 = CARTESIAN_POINT('',(12.25,-8.575,4.));
#1689 = DIRECTION('',(0.,0.,1.));
#1690 = DIRECTION('',(1.,0.,0.));
#1691 = PCURVE('',#72,#1692);
#1692 = DEFINITIONAL_REPRESENTATION('',(#1693),#1697);
#1693 = CIRCLE('',#1694,3.2);
#1694 = AXIS2_PLACEMENT_2D('',#1695,#1696);
#1695 = CARTESIAN_POINT('',(29.1,4.6));
#1696 = DIRECTION('',(1.,0.));
#1697 = ( GEOMETRIC_REPRESENTATION_CONTEXT(2) 
PARAMETRIC_REPRESENTATION_CONTEXT() REPRESENTATION_CONTEXT('2D SPACE',''
  ) );
#1698 = PCURVE('',#1699,#1704);
#1699 = CYLINDRICAL_SURFACE('',#1700,3.2);
#1700 = AXIS2_PLACEMENT_3D('',#1701,#1702,#1703);
#1701 = CARTESIAN_POINT('',(12.25,-8.575,4.));
#1702 = DIRECTION('',(0.,0.,1.));
#1703 = DIRECTION('',(1.,0.,0.));
#1704 = DEFINITIONAL_REPRESENTATION('',(#1705),#1709);
#1705 = LINE('',#1706,#1707);
#1706 = CARTESIAN_POINT('',(0.,0.));
#1707 = VECTOR('',#1708,1.);
#1708 = DIRECTION('',(1.,0.));
#1709 = ( GEOMETRIC_REPRESENTATION_CONTEXT(2) 
PARAMETRIC_REPRESENTATION_CONTEXT() REPRESENTATION_CONTEXT('2D SPACE',''
  ) );
#1710 = FACE_BOUND('',#1711,.T.);
#1711 = EDGE_LOOP('',(#1712,#1742,#1770,#1798));
#1712 = ORIENTED_EDGE('',*,*,#1713,.T.);
#1713 = EDGE_CURVE('',#1714,#1716,#1718,.T.);
#1714 = VERTEX_POINT('',#1715);
#1715 = CARTESIAN_POINT('',(-13.05,-5.5,4.));
#1716 = VERTEX_POINT('',#1717);
#1717 = CARTESIAN_POINT('',(-13.05,-4.5,4.));
#1718 = SURFACE_CURVE('',#1719,(#1723,#1730),.PCURVE_S1.);
#1719 = LINE('',#1720,#1721);
#1720 = CARTESIAN_POINT('',(-13.05,-5.5,4.));
#1721 = VECTOR('',#1722,1.);
#1722 = DIRECTION('',(0.,1.,0.));
#1723 = PCURVE('',#72,#1724);
#1724 = DEFINITIONAL_REPRESENTATION('',(#1725),#1729);
#1725 = LINE('',#1726,#1727);
#1726 = CARTESIAN_POINT('',(3.8,7.675));
#1727 = VECTOR('',#1728,1.);
#1728 = DIRECTION('',(0.,1.));
#1729 = ( GEOMETRIC_REPRESENTATION_CONTEXT(2) 
PARAMETRIC_REPRESENTATION_CONTEXT() REPRESENTATION_CONTEXT('2D SPACE',''
  ) );
#1730 = PCURVE('',#1731,#1736);
#1731 = PLANE('',#1732);
#1732 = AXIS2_PLACEMENT_3D('',#1733,#1734,#1735);
#1733 = CARTESIAN_POINT('',(-13.05,-5.5,4.));
#1734 = DIRECTION('',(1.,0.,0.));
#1735 = DIRECTION('',(0.,0.,1.));
#1736 = DEFINITIONAL_REPRESENTATION('',(#1737),#1741);
#1737 = LINE('',#1738,#1739);
#1738 = CARTESIAN_POINT('',(0.,0.));
#1739 = VECTOR('',#1740,1.);
#1740 = DIRECTION('',(0.,-1.));
#1741 = ( GEOMETRIC_REPRESENTATION_CONTEXT(2) 
PARAMETRIC_REPRESENTATION_CONTEXT() REPRESENTATION_CONTEXT('2D SPACE',''
  ) );
#1742 = ORIENTED_EDGE('',*,*,#1743,.T.);
#1743 = EDGE_CURVE('',#1716,#1744,#1746,.T.);
#1744 = VERTEX_POINT('',#1745);
#1745 = CARTESIAN_POINT('',(-12.05,-4.5,4.));
#1746 = SURFACE_CURVE('',#1747,(#1751,#1758),.PCURVE_S1.);
#1747 = LINE('',#1748,#1749);
#1748 = CARTESIAN_POINT('',(-13.05,-4.5,4.));
#1749 = VECTOR('',#1750,1.);
#1750 = DIRECTION('',(1.,0.,0.));
#1751 = PCURVE('',#72,#1752);
#1752 = DEFINITIONAL_REPRESENTATION('',(#1753),#1757);
#1753 = LINE('',#1754,#1755);
#1754 = CARTESIAN_POINT('',(3.8,8.675));
#1755 = VECTOR('',#1756,1.);
#1756 = DIRECTION('',(1.,0.));
#1757 = ( GEOMETRIC_REPRESENTATION_CONTEXT(2) 
PARAMETRIC_REPRESENTATION_CONTEXT() REPRESENTATION_CONTEXT('2D SPACE',''
  ) );
#1758 = PCURVE('',#1759,#1764);
#1759 = PLANE('',#1760);
#1760 = AXIS2_PLACEMENT_3D('',#1761,#1762,#1763);
#1761 = CARTESIAN_POINT('',(-13.05,-4.5,4.));
#1762 = DIRECTION('',(0.,1.,0.));
#1763 = DIRECTION('',(0.,0.,1.));
#1764 = DEFINITIONAL_REPRESENTATION('',(#1765),#1769);
#1765 = LINE('',#1766,#1767);
#1766 = CARTESIAN_POINT('',(0.,0.));
#1767 = VECTOR('',#1768,1.);
#1768 = DIRECTION('',(0.,1.));
#1769 = ( GEOMETRIC_REPRESENTATION_CONTEXT(2) 
PARAMETRIC_REPRESENTATION_CONTEXT() REPRESENTATION_CONTEXT('2D SPACE',''
  ) );
#1770 = ORIENTED_EDGE('',*,*,#1771,.F.);
#1771 = EDGE_CURVE('',#1772,#1744,#1774,.T.);
#1772 = VERTEX_POINT('',#1773);
#1773 = CARTESIAN_POINT('',(-12.05,-5.5,4.));
#1774 = SURFACE_CURVE('',#1775,(#1779,#1786),.PCURVE_S1.);
#1775 = LINE('',#1776,#1777);
#1776 = CARTESIAN_POINT('',(-12.05,-5.5,4.));
#1777 = VECTOR('',#1778,1.);
#1778 = DIRECTION('',(0.,1.,0.));
#1779 = PCURVE('',#72,#1780);
#1780 = DEFINITIONAL_REPRESENTATION('',(#1781),#1785);
#1781 = LINE('',#1782,#1783);
#1782 = CARTESIAN_POINT('',(4.8,7.675));
#1783 = VECTOR('',#1784,1.);
#1784 = DIRECTION('',(0.,1.));
#1785 = ( GEOMETRIC_REPRESENTATION_CONTEXT(2) 
PARAMETRIC_REPRESENTATION_CONTEXT() REPRESENTATION_CONTEXT('2D SPACE',''
  ) );
#1786 = PCURVE('',#1787,#1792);
#1787 = PLANE('',#1788);
#1788 = AXIS2_PLACEMENT_3D('',#1789,#1790,#1791);
#1789 = CARTESIAN_POINT('',(-12.05,-5.5,4.));
#1790 = DIRECTION('',(1.,0.,0.));
#1791 = DIRECTION('',(0.,0.,1.));
#1792 = DEFINITIONAL_REPRESENTATION('',(#1793),#1797);
#1793 = LINE('',#1794,#1795);
#1794 = CARTESIAN_POINT('',(0.,0.));
#1795 = VECTOR('',#1796,1.);
#1796 = DIRECTION('',(0.,-1.));
#1797 = ( GEOMETRIC_REPRESENTATION_CONTEXT(2) 
PARAMETRIC_REPRESENTATION_CONTEXT() REPRESENTATION_CONTEXT('2D SPACE',''
  ) );
#1798 = ORIENTED_EDGE('',*,*,#1799,.F.);
#1799 = EDGE_CURVE('',#1714,#1772,#1800,.T.);
#1800 = SURFACE_CURVE('',#1801,(#1805,#1812),.PCURVE_S1.);
#1801 = LINE('',#1802,#1803);
#1802 = CARTESIAN_POINT('',(-13.05,-5.5,4.));
#1803 = VECTOR('',#1804,1.);
#1804 = DIRECTION('',(1.,0.,0.));
#1805 = PCURVE('',#72,#1806);
#1806 = DEFINITIONAL_REPRESENTATION('',(#1807),#1811);
#1807 = LINE('',#1808,#1809);
#1808 = CARTESIAN_POINT('',(3.8,7.675));
#1809 = VECTOR('',#1810,1.);
#1810 = DIRECTION('',(1.,0.));
#1811 = ( GEOMETRIC_REPRESENTATION_CONTEXT(2) 
PARAMETRIC_REPRESENTATION_CONTEXT() REPRESENTATION_CONTEXT('2D SPACE',''
  ) );
#1812 = PCURVE('',#1813,#1818);
#1813 = PLANE('',#1814);
#1814 = AXIS2_PLACEMENT_3D('',#1815,#1816,#1817);
#1815 = CARTESIAN_POINT('',(-13.05,-5.5,4.));
#1816 = DIRECTION('',(0.,1.,0.));
#1817 = DIRECTION('',(0.,0.,1.));
#1818 = DEFINITIONAL_REPRESENTATION('',(#1819),#1823);
#1819 = LINE('',#1820,#1821);
#1820 = CARTESIAN_POINT('',(0.,0.));
#1821 = VECTOR('',#1822,1.);
#1822 = DIRECTION('',(0.,1.));
#1823 = ( GEOMETRIC_REPRESENTATION_CONTEXT(2) 
PARAMETRIC_REPRESENTATION_CONTEXT() REPRESENTATION_CONTEXT('2D SPACE',''
  ) );
#1824 = FACE_BOUND('',#1825,.T.);
#1825 = EDGE_LOOP('',(#1826));
#1826 = ORIENTED_EDGE('',*,*,#1827,.F.);
#1827 = EDGE_CURVE('',#1828,#1828,#1830,.T.);
#1828 = VERTEX_POINT('',#1829);
#1829 = CARTESIAN_POINT('',(13.85,-8.575,4.));
#1830 = SURFACE_CURVE('',#1831,(#1836,#1843),.PCURVE_S1.);
#1831 = CIRCLE('',#1832,1.6);
#1832 = AXIS2_PLACEMENT_3D('',#1833,#1834,#1835);
#1833 = CARTESIAN_POINT('',(12.25,-8.575,4.));
#1834 = DIRECTION('',(0.,0.,1.));
#1835 = DIRECTION('',(1.,0.,-0.));
#1836 = PCURVE('',#72,#1837);
#1837 = DEFINITIONAL_REPRESENTATION('',(#1838),#1842);
#1838 = CIRCLE('',#1839,1.6);
#1839 = AXIS2_PLACEMENT_2D('',#1840,#1841);
#1840 = CARTESIAN_POINT('',(29.1,4.6));
#1841 = DIRECTION('',(1.,0.));
#1842 = ( GEOMETRIC_REPRESENTATION_CONTEXT(2) 
PARAMETRIC_REPRESENTATION_CONTEXT() REPRESENTATION_CONTEXT('2D SPACE',''
  ) );
#1843 = PCURVE('',#1844,#1849);
#1844 = CYLINDRICAL_SURFACE('',#1845,1.6);
#1845 = AXIS2_PLACEMENT_3D('',#1846,#1847,#1848);
#1846 = CARTESIAN_POINT('',(12.25,-8.575,-6.));
#1847 = DIRECTION('',(0.,0.,1.));
#1848 = DIRECTION('',(1.,0.,0.));
#1849 = DEFINITIONAL_REPRESENTATION('',(#1850),#1854);
#1850 = LINE('',#1851,#1852);
#1851 = CARTESIAN_POINT('',(0.,10.));
#1852 = VECTOR('',#1853,1.);
#1853 = DIRECTION('',(1.,0.));
#1854 = ( GEOMETRIC_REPRESENTATION_CONTEXT(2) 
PARAMETRIC_REPRESENTATION_CONTEXT() REPRESENTATION_CONTEXT('2D SPACE',''
  ) );
#1855 = FACE_BOUND('',#1856,.T.);
#1856 = EDGE_LOOP('',(#1857,#1887,#1915,#1943));
#1857 = ORIENTED_EDGE('',*,*,#1858,.T.);
#1858 = EDGE_CURVE('',#1859,#1861,#1863,.T.);
#1859 = VERTEX_POINT('',#1860);
#1860 = CARTESIAN_POINT('',(-13.05,4.5,4.));
#1861 = VERTEX_POINT('',#1862);
#1862 = CARTESIAN_POINT('',(-13.05,5.5,4.));
#1863 = SURFACE_CURVE('',#1864,(#1868,#1875),.PCURVE_S1.);
#1864 = LINE('',#1865,#1866);
#1865 = CARTESIAN_POINT('',(-13.05,4.5,4.));
#1866 = VECTOR('',#1867,1.);
#1867 = DIRECTION('',(0.,1.,0.));
#1868 = PCURVE('',#72,#1869);
#1869 = DEFINITIONAL_REPRESENTATION('',(#1870),#1874);
#1870 = LINE('',#1871,#1872);
#1871 = CARTESIAN_POINT('',(3.8,17.675));
#1872 = VECTOR('',#1873,1.);
#1873 = DIRECTION('',(0.,1.));
#1874 = ( GEOMETRIC_REPRESENTATION_CONTEXT(2) 
PARAMETRIC_REPRESENTATION_CONTEXT() REPRESENTATION_CONTEXT('2D SPACE',''
  ) );
#1875 = PCURVE('',#1876,#1881);
#1876 = PLANE('',#1877);
#1877 = AXIS2_PLACEMENT_3D('',#1878,#1879,#1880);
#1878 = CARTESIAN_POINT('',(-13.05,4.5,4.));
#1879 = DIRECTION('',(1.,0.,0.));
#1880 = DIRECTION('',(0.,0.,1.));
#1881 = DEFINITIONAL_REPRESENTATION('',(#1882),#1886);
#1882 = LINE('',#1883,#1884);
#1883 = CARTESIAN_POINT('',(0.,0.));
#1884 = VECTOR('',#1885,1.);
#1885 = DIRECTION('',(0.,-1.));
#1886 = ( GEOMETRIC_REPRESENTATION_CONTEXT(2) 
PARAMETRIC_REPRESENTATION_CONTEXT() REPRESENTATION_CONTEXT('2D SPACE',''
  ) );
#1887 = ORIENTED_EDGE('',*,*,#1888,.T.);
#1888 = EDGE_CURVE('',#1861,#1889,#1891,.T.);
#1889 = VERTEX_POINT('',#1890);
#1890 = CARTESIAN_POINT('',(-12.05,5.5,4.));
#1891 = SURFACE_CURVE('',#1892,(#1896,#1903),.PCURVE_S1.);
#1892 = LINE('',#1893,#1894);
#1893 = CARTESIAN_POINT('',(-13.05,5.5,4.));
#1894 = VECTOR('',#1895,1.);
#1895 = DIRECTION('',(1.,0.,0.));
#1896 = PCURVE('',#72,#1897);
#1897 = DEFINITIONAL_REPRESENTATION('',(#1898),#1902);
#1898 = LINE('',#1899,#1900);
#1899 = CARTESIAN_POINT('',(3.8,18.675));
#1900 = VECTOR('',#1901,1.);
#1901 = DIRECTION('',(1.,0.));
#1902 = ( GEOMETRIC_REPRESENTATION_CONTEXT(2) 
PARAMETRIC_REPRESENTATION_CONTEXT() REPRESENTATION_CONTEXT('2D SPACE',''
  ) );
#1903 = PCURVE('',#1904,#1909);
#1904 = PLANE('',#1905);
#1905 = AXIS2_PLACEMENT_3D('',#1906,#1907,#1908);
#1906 = CARTESIAN_POINT('',(-13.05,5.5,4.));
#1907 = DIRECTION('',(0.,1.,0.));
#1908 = DIRECTION('',(0.,0.,1.));
#1909 = DEFINITIONAL_REPRESENTATION('',(#1910),#1914);
#1910 = LINE('',#1911,#1912);
#1911 = CARTESIAN_POINT('',(0.,0.));
#1912 = VECTOR('',#1913,1.);
#1913 = DIRECTION('',(0.,1.));
#1914 = ( GEOMETRIC_REPRESENTATION_CONTEXT(2) 
PARAMETRIC_REPRESENTATION_CONTEXT() REPRESENTATION_CONTEXT('2D SPACE',''
  ) );
#1915 = ORIENTED_EDGE('',*,*,#1916,.F.);
#1916 = EDGE_CURVE('',#1917,#1889,#1919,.T.);
#1917 = VERTEX_POINT('',#1918);
#1918 = CARTESIAN_POINT('',(-12.05,4.5,4.));
#1919 = SURFACE_CURVE('',#1920,(#1924,#1931),.PCURVE_S1.);
#1920 = LINE('',#1921,#1922);
#1921 = CARTESIAN_POINT('',(-12.05,4.5,4.));
#1922 = VECTOR('',#1923,1.);
#1923 = DIRECTION('',(0.,1.,0.));
#1924 = PCURVE('',#72,#1925);
#1925 = DEFINITIONAL_REPRESENTATION('',(#1926),#1930);
#1926 = LINE('',#1927,#1928);
#1927 = CARTESIAN_POINT('',(4.8,17.675));
#1928 = VECTOR('',#1929,1.);
#1929 = DIRECTION('',(0.,1.));
#1930 = ( GEOMETRIC_REPRESENTATION_CONTEXT(2) 
PARAMETRIC_REPRESENTATION_CONTEXT() REPRESENTATION_CONTEXT('2D SPACE',''
  ) );
#1931 = PCURVE('',#1932,#1937);
#1932 = PLANE('',#1933);
#1933 = AXIS2_PLACEMENT_3D('',#1934,#1935,#1936);
#1934 = CARTESIAN_POINT('',(-12.05,4.5,4.));
#1935 = DIRECTION('',(1.,0.,0.));
#1936 = DIRECTION('',(0.,0.,1.));
#1937 = DEFINITIONAL_REPRESENTATION('',(#1938),#1942);
#1938 = LINE('',#1939,#1940);
#1939 = CARTESIAN_POINT('',(0.,0.));
#1940 = VECTOR('',#1941,1.);
#1941 = DIRECTION('',(0.,-1.));
#1942 = ( GEOMETRIC_REPRESENTATION_CONTEXT(2) 
PARAMETRIC_REPRESENTATION_CONTEXT() REPRESENTATION_CONTEXT('2D SPACE',''
  ) );
#1943 = ORIENTED_EDGE('',*,*,#1944,.F.);
#1944 = EDGE_CURVE('',#1859,#1917,#1945,.T.);
#1945 = SURFACE_CURVE('',#1946,(#1950,#1957),.PCURVE_S1.);
#1946 = LINE('',#1947,#1948);
#1947 = CARTESIAN_POINT('',(-13.05,4.5,4.));
#1948 = VECTOR('',#1949,1.);
#1949 = DIRECTION('',(1.,0.,0.));
#1950 = PCURVE('',#72,#1951);
#1951 = DEFINITIONAL_REPRESENTATION('',(#1952),#1956);
#1952 = LINE('',#1953,#1954);
#1953 = CARTESIAN_POINT('',(3.8,17.675));
#1954 = VECTOR('',#1955,1.);
#1955 = DIRECTION('',(1.,0.));
#1956 = ( GEOMETRIC_REPRESENTATION_CONTEXT(2) 
PARAMETRIC_REPRESENTATION_CONTEXT() REPRESENTATION_CONTEXT('2D SPACE',''
  ) );
#1957 = PCURVE('',#1958,#1963);
#1958 = PLANE('',#1959);
#1959 = AXIS2_PLACEMENT_3D('',#1960,#1961,#1962);
#1960 = CARTESIAN_POINT('',(-13.05,4.5,4.));
#1961 = DIRECTION('',(0.,1.,0.));
#1962 = DIRECTION('',(0.,0.,1.));
#1963 = DEFINITIONAL_REPRESENTATION('',(#1964),#1968);
#1964 = LINE('',#1965,#1966);
#1965 = CARTESIAN_POINT('',(0.,0.));
#1966 = VECTOR('',#1967,1.);
#1967 = DIRECTION('',(0.,1.));
#1968 = ( GEOMETRIC_REPRESENTATION_CONTEXT(2) 
PARAMETRIC_REPRESENTATION_CONTEXT() REPRESENTATION_CONTEXT('2D SPACE',''
  ) );
#1969 = FACE_BOUND('',#1970,.T.);
#1970 = EDGE_LOOP('',(#1971));
#1971 = ORIENTED_EDGE('',*,*,#1972,.F.);
#1972 = EDGE_CURVE('',#1973,#1973,#1975,.T.);
#1973 = VERTEX_POINT('',#1974);
#1974 = CARTESIAN_POINT('',(-10.65,8.575,4.));
#1975 = SURFACE_CURVE('',#1976,(#1981,#1988),.PCURVE_S1.);
#1976 = CIRCLE('',#1977,1.6);
#1977 = AXIS2_PLACEMENT_3D('',#1978,#1979,#1980);
#1978 = CARTESIAN_POINT('',(-12.25,8.575,4.));
#1979 = DIRECTION('',(0.,0.,1.));
#1980 = DIRECTION('',(1.,0.,-0.));
#1981 = PCURVE('',#72,#1982);
#1982 = DEFINITIONAL_REPRESENTATION('',(#1983),#1987);
#1983 = CIRCLE('',#1984,1.6);
#1984 = AXIS2_PLACEMENT_2D('',#1985,#1986);
#1985 = CARTESIAN_POINT('',(4.6,21.75));
#1986 = DIRECTION('',(1.,0.));
#1987 = ( GEOMETRIC_REPRESENTATION_CONTEXT(2) 
PARAMETRIC_REPRESENTATION_CONTEXT() REPRESENTATION_CONTEXT('2D SPACE',''
  ) );
#1988 = PCURVE('',#1989,#1994);
#1989 = CYLINDRICAL_SURFACE('',#1990,1.6);
#1990 = AXIS2_PLACEMENT_3D('',#1991,#1992,#1993);
#1991 = CARTESIAN_POINT('',(-12.25,8.575,-6.));
#1992 = DIRECTION('',(0.,0.,1.));
#1993 = DIRECTION('',(1.,0.,0.));
#1994 = DEFINITIONAL_REPRESENTATION('',(#1995),#1999);
#1995 = LINE('',#1996,#1997);
#1996 = CARTESIAN_POINT('',(0.,10.));
#1997 = VECTOR('',#1998,1.);
#1998 = DIRECTION('',(1.,0.));
#1999 = ( GEOMETRIC_REPRESENTATION_CONTEXT(2) 
PARAMETRIC_REPRESENTATION_CONTEXT() REPRESENTATION_CONTEXT('2D SPACE',''
  ) );
#2000 = FACE_BOUND('',#2001,.T.);
#2001 = EDGE_LOOP('',(#2002,#2033,#2061,#2090));
#2002 = ORIENTED_EDGE('',*,*,#2003,.T.);
#2003 = EDGE_CURVE('',#2004,#2006,#2008,.T.);
#2004 = VERTEX_POINT('',#2005);
#2005 = CARTESIAN_POINT('',(-11.13644712743,5.575,4.));
#2006 = VERTEX_POINT('',#2007);
#2007 = CARTESIAN_POINT('',(-9.604248688935,6.775,4.));
#2008 = SURFACE_CURVE('',#2009,(#2014,#2021),.PCURVE_S1.);
#2009 = CIRCLE('',#2010,3.2);
#2010 = AXIS2_PLACEMENT_3D('',#2011,#2012,#2013);
#2011 = CARTESIAN_POINT('',(-12.25,8.575,4.));
#2012 = DIRECTION('',(0.,0.,1.));
#2013 = DIRECTION('',(1.,0.,0.));
#2014 = PCURVE('',#72,#2015);
#2015 = DEFINITIONAL_REPRESENTATION('',(#2016),#2020);
#2016 = CIRCLE('',#2017,3.2);
#2017 = AXIS2_PLACEMENT_2D('',#2018,#2019);
#2018 = CARTESIAN_POINT('',(4.6,21.75));
#2019 = DIRECTION('',(1.,0.));
#2020 = ( GEOMETRIC_REPRESENTATION_CONTEXT(2) 
PARAMETRIC_REPRESENTATION_CONTEXT() REPRESENTATION_CONTEXT('2D SPACE',''
  ) );
#2021 = PCURVE('',#2022,#2027);
#2022 = CYLINDRICAL_SURFACE('',#2023,3.2);
#2023 = AXIS2_PLACEMENT_3D('',#2024,#2025,#2026);
#2024 = CARTESIAN_POINT('',(-12.25,8.575,4.));
#2025 = DIRECTION('',(0.,0.,1.));
#2026 = DIRECTION('',(1.,0.,0.));
#2027 = DEFINITIONAL_REPRESENTATION('',(#2028),#2032);
#2028 = LINE('',#2029,#2030);
#2029 = CARTESIAN_POINT('',(0.,0.));
#2030 = VECTOR('',#2031,1.);
#2031 = DIRECTION('',(1.,0.));
#2032 = ( GEOMETRIC_REPRESENTATION_CONTEXT(2) 
PARAMETRIC_REPRESENTATION_CONTEXT() REPRESENTATION_CONTEXT('2D SPACE',''
  ) );
#2033 = ORIENTED_EDGE('',*,*,#2034,.T.);
#2034 = EDGE_CURVE('',#2006,#2035,#2037,.T.);
#2035 = VERTEX_POINT('',#2036);
#2036 = CARTESIAN_POINT('',(9.604248688935,6.775,4.));
#2037 = SURFACE_CURVE('',#2038,(#2042,#2049),.PCURVE_S1.);
#2038 = LINE('',#2039,#2040);
#2039 = CARTESIAN_POINT('',(-15.525,6.775,4.));
#2040 = VECTOR('',#2041,1.);
#2041 = DIRECTION('',(1.,0.,0.));
#2042 = PCURVE('',#72,#2043);
#2043 = DEFINITIONAL_REPRESENTATION('',(#2044),#2048);
#2044 = LINE('',#2045,#2046);
#2045 = CARTESIAN_POINT('',(1.325,19.95));
#2046 = VECTOR('',#2047,1.);
#2047 = DIRECTION('',(1.,0.));
#2048 = ( GEOMETRIC_REPRESENTATION_CONTEXT(2) 
PARAMETRIC_REPRESENTATION_CONTEXT() REPRESENTATION_CONTEXT('2D SPACE',''
  ) );
#2049 = PCURVE('',#2050,#2055);
#2050 = PLANE('',#2051);
#2051 = AXIS2_PLACEMENT_3D('',#2052,#2053,#2054);
#2052 = CARTESIAN_POINT('',(-15.525,6.775,4.));
#2053 = DIRECTION('',(0.,1.,0.));
#2054 = DIRECTION('',(0.,0.,1.));
#2055 = DEFINITIONAL_REPRESENTATION('',(#2056),#2060);
#2056 = LINE('',#2057,#2058);
#2057 = CARTESIAN_POINT('',(0.,0.));
#2058 = VECTOR('',#2059,1.);
#2059 = DIRECTION('',(0.,1.));
#2060 = ( GEOMETRIC_REPRESENTATION_CONTEXT(2) 
PARAMETRIC_REPRESENTATION_CONTEXT() REPRESENTATION_CONTEXT('2D SPACE',''
  ) );
#2061 = ORIENTED_EDGE('',*,*,#2062,.T.);
#2062 = EDGE_CURVE('',#2035,#2063,#2065,.T.);
#2063 = VERTEX_POINT('',#2064);
#2064 = CARTESIAN_POINT('',(11.136447127434,5.575,4.));
#2065 = SURFACE_CURVE('',#2066,(#2071,#2078),.PCURVE_S1.);
#2066 = CIRCLE('',#2067,3.2);
#2067 = AXIS2_PLACEMENT_3D('',#2068,#2069,#2070);
#2068 = CARTESIAN_POINT('',(12.25,8.575,4.));
#2069 = DIRECTION('',(0.,0.,1.));
#2070 = DIRECTION('',(1.,0.,0.));
#2071 = PCURVE('',#72,#2072);
#2072 = DEFINITIONAL_REPRESENTATION('',(#2073),#2077);
#2073 = CIRCLE('',#2074,3.2);
#2074 = AXIS2_PLACEMENT_2D('',#2075,#2076);
#2075 = CARTESIAN_POINT('',(29.1,21.75));
#2076 = DIRECTION('',(1.,0.));
#2077 = ( GEOMETRIC_REPRESENTATION_CONTEXT(2) 
PARAMETRIC_REPRESENTATION_CONTEXT() REPRESENTATION_CONTEXT('2D SPACE',''
  ) );
#2078 = PCURVE('',#2079,#2084);
#2079 = CYLINDRICAL_SURFACE('',#2080,3.2);
#2080 = AXIS2_PLACEMENT_3D('',#2081,#2082,#2083);
#2081 = CARTESIAN_POINT('',(12.25,8.575,4.));
#2082 = DIRECTION('',(0.,0.,1.));
#2083 = DIRECTION('',(1.,0.,0.));
#2084 = DEFINITIONAL_REPRESENTATION('',(#2085),#2089);
#2085 = LINE('',#2086,#2087);
#2086 = CARTESIAN_POINT('',(0.,0.));
#2087 = VECTOR('',#2088,1.);
#2088 = DIRECTION('',(1.,0.));
#2089 = ( GEOMETRIC_REPRESENTATION_CONTEXT(2) 
PARAMETRIC_REPRESENTATION_CONTEXT() REPRESENTATION_CONTEXT('2D SPACE',''
  ) );
#2090 = ORIENTED_EDGE('',*,*,#2091,.F.);
#2091 = EDGE_CURVE('',#2004,#2063,#2092,.T.);
#2092 = SURFACE_CURVE('',#2093,(#2097,#2104),.PCURVE_S1.);
#2093 = LINE('',#2094,#2095);
#2094 = CARTESIAN_POINT('',(-14.325,5.575,4.));
#2095 = VECTOR('',#2096,1.);
#2096 = DIRECTION('',(1.,0.,0.));
#2097 = PCURVE('',#72,#2098);
#2098 = DEFINITIONAL_REPRESENTATION('',(#2099),#2103);
#2099 = LINE('',#2100,#2101);
#2100 = CARTESIAN_POINT('',(2.525,18.75));
#2101 = VECTOR('',#2102,1.);
#2102 = DIRECTION('',(1.,0.));
#2103 = ( GEOMETRIC_REPRESENTATION_CONTEXT(2) 
PARAMETRIC_REPRESENTATION_CONTEXT() REPRESENTATION_CONTEXT('2D SPACE',''
  ) );
#2104 = PCURVE('',#2105,#2110);
#2105 = PLANE('',#2106);
#2106 = AXIS2_PLACEMENT_3D('',#2107,#2108,#2109);
#2107 = CARTESIAN_POINT('',(-14.325,5.575,4.));
#2108 = DIRECTION('',(0.,1.,0.));
#2109 = DIRECTION('',(0.,0.,1.));
#2110 = DEFINITIONAL_REPRESENTATION('',(#2111),#2115);
#2111 = LINE('',#2112,#2113);
#2112 = CARTESIAN_POINT('',(0.,0.));
#2113 = VECTOR('',#2114,1.);
#2114 = DIRECTION('',(0.,1.));
#2115 = ( GEOMETRIC_REPRESENTATION_CONTEXT(2) 
PARAMETRIC_REPRESENTATION_CONTEXT() REPRESENTATION_CONTEXT('2D SPACE',''
  ) );
#2116 = FACE_BOUND('',#2117,.T.);
#2117 = EDGE_LOOP('',(#2118,#2148,#2177,#2205));
#2118 = ORIENTED_EDGE('',*,*,#2119,.T.);
#2119 = EDGE_CURVE('',#2120,#2122,#2124,.T.);
#2120 = VERTEX_POINT('',#2121);
#2121 = CARTESIAN_POINT('',(-10.89722507415,11.475,4.));
#2122 = VERTEX_POINT('',#2123);
#2123 = CARTESIAN_POINT('',(10.897225074153,11.475,4.));
#2124 = SURFACE_CURVE('',#2125,(#2129,#2136),.PCURVE_S1.);
#2125 = LINE('',#2126,#2127);
#2126 = CARTESIAN_POINT('',(-15.15,11.475,4.));
#2127 = VECTOR('',#2128,1.);
#2128 = DIRECTION('',(1.,0.,0.));
#2129 = PCURVE('',#72,#2130);
#2130 = DEFINITIONAL_REPRESENTATION('',(#2131),#2135);
#2131 = LINE('',#2132,#2133);
#2132 = CARTESIAN_POINT('',(1.7,24.65));
#2133 = VECTOR('',#2134,1.);
#2134 = DIRECTION('',(1.,0.));
#2135 = ( GEOMETRIC_REPRESENTATION_CONTEXT(2) 
PARAMETRIC_REPRESENTATION_CONTEXT() REPRESENTATION_CONTEXT('2D SPACE',''
  ) );
#2136 = PCURVE('',#2137,#2142);
#2137 = PLANE('',#2138);
#2138 = AXIS2_PLACEMENT_3D('',#2139,#2140,#2141);
#2139 = CARTESIAN_POINT('',(-15.15,11.475,4.));
#2140 = DIRECTION('',(0.,1.,0.));
#2141 = DIRECTION('',(0.,0.,1.));
#2142 = DEFINITIONAL_REPRESENTATION('',(#2143),#2147);
#2143 = LINE('',#2144,#2145);
#2144 = CARTESIAN_POINT('',(0.,0.));
#2145 = VECTOR('',#2146,1.);
#2146 = DIRECTION('',(0.,1.));
#2147 = ( GEOMETRIC_REPRESENTATION_CONTEXT(2) 
PARAMETRIC_REPRESENTATION_CONTEXT() REPRESENTATION_CONTEXT('2D SPACE',''
  ) );
#2148 = ORIENTED_EDGE('',*,*,#2149,.T.);
#2149 = EDGE_CURVE('',#2122,#2150,#2152,.T.);
#2150 = VERTEX_POINT('',#2151);
#2151 = CARTESIAN_POINT('',(9.538911657655,10.275,4.));
#2152 = SURFACE_CURVE('',#2153,(#2158,#2165),.PCURVE_S1.);
#2153 = CIRCLE('',#2154,3.2);
#2154 = AXIS2_PLACEMENT_3D('',#2155,#2156,#2157);
#2155 = CARTESIAN_POINT('',(12.25,8.575,4.));
#2156 = DIRECTION('',(0.,0.,1.));
#2157 = DIRECTION('',(1.,0.,0.));
#2158 = PCURVE('',#72,#2159);
#2159 = DEFINITIONAL_REPRESENTATION('',(#2160),#2164);
#2160 = CIRCLE('',#2161,3.2);
#2161 = AXIS2_PLACEMENT_2D('',#2162,#2163);
#2162 = CARTESIAN_POINT('',(29.1,21.75));
#2163 = DIRECTION('',(1.,0.));
#2164 = ( GEOMETRIC_REPRESENTATION_CONTEXT(2) 
PARAMETRIC_REPRESENTATION_CONTEXT() REPRESENTATION_CONTEXT('2D SPACE',''
  ) );
#2165 = PCURVE('',#2166,#2171);
#2166 = CYLINDRICAL_SURFACE('',#2167,3.2);
#2167 = AXIS2_PLACEMENT_3D('',#2168,#2169,#2170);
#2168 = CARTESIAN_POINT('',(12.25,8.575,4.));
#2169 = DIRECTION('',(0.,0.,1.));
#2170 = DIRECTION('',(1.,0.,0.));
#2171 = DEFINITIONAL_REPRESENTATION('',(#2172),#2176);
#2172 = LINE('',#2173,#2174);
#2173 = CARTESIAN_POINT('',(0.,0.));
#2174 = VECTOR('',#2175,1.);
#2175 = DIRECTION('',(1.,0.));
#2176 = ( GEOMETRIC_REPRESENTATION_CONTEXT(2) 
PARAMETRIC_REPRESENTATION_CONTEXT() REPRESENTATION_CONTEXT('2D SPACE',''
  ) );
#2177 = ORIENTED_EDGE('',*,*,#2178,.F.);
#2178 = EDGE_CURVE('',#2179,#2150,#2181,.T.);
#2179 = VERTEX_POINT('',#2180);
#2180 = CARTESIAN_POINT('',(-9.538911657655,10.275,4.));
#2181 = SURFACE_CURVE('',#2182,(#2186,#2193),.PCURVE_S1.);
#2182 = LINE('',#2183,#2184);
#2183 = CARTESIAN_POINT('',(-13.95,10.275,4.));
#2184 = VECTOR('',#2185,1.);
#2185 = DIRECTION('',(1.,0.,0.));
#2186 = PCURVE('',#72,#2187);
#2187 = DEFINITIONAL_REPRESENTATION('',(#2188),#2192);
#2188 = LINE('',#2189,#2190);
#2189 = CARTESIAN_POINT('',(2.9,23.45));
#2190 = VECTOR('',#2191,1.);
#2191 = DIRECTION('',(1.,0.));
#2192 = ( GEOMETRIC_REPRESENTATION_CONTEXT(2) 
PARAMETRIC_REPRESENTATION_CONTEXT() REPRESENTATION_CONTEXT('2D SPACE',''
  ) );
#2193 = PCURVE('',#2194,#2199);
#2194 = PLANE('',#2195);
#2195 = AXIS2_PLACEMENT_3D('',#2196,#2197,#2198);
#2196 = CARTESIAN_POINT('',(-13.95,10.275,4.));
#2197 = DIRECTION('',(0.,1.,0.));
#2198 = DIRECTION('',(0.,0.,1.));
#2199 = DEFINITIONAL_REPRESENTATION('',(#2200),#2204);
#2200 = LINE('',#2201,#2202);
#2201 = CARTESIAN_POINT('',(0.,0.));
#2202 = VECTOR('',#2203,1.);
#2203 = DIRECTION('',(0.,1.));
#2204 = ( GEOMETRIC_REPRESENTATION_CONTEXT(2) 
PARAMETRIC_REPRESENTATION_CONTEXT() REPRESENTATION_CONTEXT('2D SPACE',''
  ) );
#2205 = ORIENTED_EDGE('',*,*,#2206,.T.);
#2206 = EDGE_CURVE('',#2179,#2120,#2207,.T.);
#2207 = SURFACE_CURVE('',#2208,(#2213,#2220),.PCURVE_S1.);
#2208 = CIRCLE('',#2209,3.2);
#2209 = AXIS2_PLACEMENT_3D('',#2210,#2211,#2212);
#2210 = CARTESIAN_POINT('',(-12.25,8.575,4.));
#2211 = DIRECTION('',(0.,0.,1.));
#2212 = DIRECTION('',(1.,0.,0.));
#2213 = PCURVE('',#72,#2214);
#2214 = DEFINITIONAL_REPRESENTATION('',(#2215),#2219);
#2215 = CIRCLE('',#2216,3.2);
#2216 = AXIS2_PLACEMENT_2D('',#2217,#2218);
#2217 = CARTESIAN_POINT('',(4.6,21.75));
#2218 = DIRECTION('',(1.,0.));
#2219 = ( GEOMETRIC_REPRESENTATION_CONTEXT(2) 
PARAMETRIC_REPRESENTATION_CONTEXT() REPRESENTATION_CONTEXT('2D SPACE',''
  ) );
#2220 = PCURVE('',#2221,#2226);
#2221 = CYLINDRICAL_SURFACE('',#2222,3.2);
#2222 = AXIS2_PLACEMENT_3D('',#2223,#2224,#2225);
#2223 = CARTESIAN_POINT('',(-12.25,8.575,4.));
#2224 = DIRECTION('',(0.,0.,1.));
#2225 = DIRECTION('',(1.,0.,0.));
#2226 = DEFINITIONAL_REPRESENTATION('',(#2227),#2231);
#2227 = LINE('',#2228,#2229);
#2228 = CARTESIAN_POINT('',(0.,0.));
#2229 = VECTOR('',#2230,1.);
#2230 = DIRECTION('',(1.,0.));
#2231 = ( GEOMETRIC_REPRESENTATION_CONTEXT(2) 
PARAMETRIC_REPRESENTATION_CONTEXT() REPRESENTATION_CONTEXT('2D SPACE',''
  ) );
#2232 = FACE_BOUND('',#2233,.T.);
#2233 = EDGE_LOOP('',(#2234));
#2234 = ORIENTED_EDGE('',*,*,#2235,.F.);
#2235 = EDGE_CURVE('',#2236,#2236,#2238,.T.);
#2236 = VERTEX_POINT('',#2237);
#2237 = CARTESIAN_POINT('',(13.85,8.575,4.));
#2238 = SURFACE_CURVE('',#2239,(#2244,#2251),.PCURVE_S1.);
#2239 = CIRCLE('',#2240,1.6);
#2240 = AXIS2_PLACEMENT_3D('',#2241,#2242,#2243);
#2241 = CARTESIAN_POINT('',(12.25,8.575,4.));
#2242 = DIRECTION('',(0.,0.,1.));
#2243 = DIRECTION('',(1.,0.,-0.));
#2244 = PCURVE('',#72,#2245);
#2245 = DEFINITIONAL_REPRESENTATION('',(#2246),#2250);
#2246 = CIRCLE('',#2247,1.6);
#2247 = AXIS2_PLACEMENT_2D('',#2248,#2249);
#2248 = CARTESIAN_POINT('',(29.1,21.75));
#2249 = DIRECTION('',(1.,0.));
#2250 = ( GEOMETRIC_REPRESENTATION_CONTEXT(2) 
PARAMETRIC_REPRESENTATION_CONTEXT() REPRESENTATION_CONTEXT('2D SPACE',''
  ) );
#2251 = PCURVE('',#2252,#2257);
#2252 = CYLINDRICAL_SURFACE('',#2253,1.6);
#2253 = AXIS2_PLACEMENT_3D('',#2254,#2255,#2256);
#2254 = CARTESIAN_POINT('',(12.25,8.575,-6.));
#2255 = DIRECTION('',(0.,0.,1.));
#2256 = DIRECTION('',(1.,0.,0.));
#2257 = DEFINITIONAL_REPRESENTATION('',(#2258),#2262);
#2258 = LINE('',#2259,#2260);
#2259 = CARTESIAN_POINT('',(0.,10.));
#2260 = VECTOR('',#2261,1.);
#2261 = DIRECTION('',(1.,0.));
#2262 = ( GEOMETRIC_REPRESENTATION_CONTEXT(2) 
PARAMETRIC_REPRESENTATION_CONTEXT() REPRESENTATION_CONTEXT('2D SPACE',''
  ) );
#2263 = ADVANCED_FACE('',(#2264),#100,.F.);
#2264 = FACE_BOUND('',#2265,.F.);
#2265 = EDGE_LOOP('',(#2266,#2289,#2290,#2291));
#2266 = ORIENTED_EDGE('',*,*,#2267,.F.);
#2267 = EDGE_CURVE('',#85,#2268,#2270,.T.);
#2268 = VERTEX_POINT('',#2269);
#2269 = CARTESIAN_POINT('',(16.85,-13.175,0.));
#2270 = SURFACE_CURVE('',#2271,(#2275,#2282),.PCURVE_S1.);
#2271 = LINE('',#2272,#2273);
#2272 = CARTESIAN_POINT('',(-16.85,-13.175,0.));
#2273 = VECTOR('',#2274,1.);
#2274 = DIRECTION('',(1.,0.,0.));
#2275 = PCURVE('',#100,#2276);
#2276 = DEFINITIONAL_REPRESENTATION('',(#2277),#2281);
#2277 = LINE('',#2278,#2279);
#2278 = CARTESIAN_POINT('',(0.,0.));
#2279 = VECTOR('',#2280,1.);
#2280 = DIRECTION('',(0.,1.));
#2281 = ( GEOMETRIC_REPRESENTATION_CONTEXT(2) 
PARAMETRIC_REPRESENTATION_CONTEXT() REPRESENTATION_CONTEXT('2D SPACE',''
  ) );
#2282 = PCURVE('',#128,#2283);
#2283 = DEFINITIONAL_REPRESENTATION('',(#2284),#2288);
#2284 = LINE('',#2285,#2286);
#2285 = CARTESIAN_POINT('',(0.,0.));
#2286 = VECTOR('',#2287,1.);
#2287 = DIRECTION('',(1.,0.));
#2288 = ( GEOMETRIC_REPRESENTATION_CONTEXT(2) 
PARAMETRIC_REPRESENTATION_CONTEXT() REPRESENTATION_CONTEXT('2D SPACE',''
  ) );
#2289 = ORIENTED_EDGE('',*,*,#84,.T.);
#2290 = ORIENTED_EDGE('',*,*,#730,.T.);
#2291 = ORIENTED_EDGE('',*,*,#2292,.F.);
#2292 = EDGE_CURVE('',#2268,#731,#2293,.T.);
#2293 = SURFACE_CURVE('',#2294,(#2298,#2305),.PCURVE_S1.);
#2294 = LINE('',#2295,#2296);
#2295 = CARTESIAN_POINT('',(16.85,-13.175,0.));
#2296 = VECTOR('',#2297,1.);
#2297 = DIRECTION('',(0.,0.,1.));
#2298 = PCURVE('',#100,#2299);
#2299 = DEFINITIONAL_REPRESENTATION('',(#2300),#2304);
#2300 = LINE('',#2301,#2302);
#2301 = CARTESIAN_POINT('',(0.,33.7));
#2302 = VECTOR('',#2303,1.);
#2303 = DIRECTION('',(1.,0.));
#2304 = ( GEOMETRIC_REPRESENTATION_CONTEXT(2) 
PARAMETRIC_REPRESENTATION_CONTEXT() REPRESENTATION_CONTEXT('2D SPACE',''
  ) );
#2305 = PCURVE('',#368,#2306);
#2306 = DEFINITIONAL_REPRESENTATION('',(#2307),#2311);
#2307 = LINE('',#2308,#2309);
#2308 = CARTESIAN_POINT('',(-4.,9.675));
#2309 = VECTOR('',#2310,1.);
#2310 = DIRECTION('',(1.,0.));
#2311 = ( GEOMETRIC_REPRESENTATION_CONTEXT(2) 
PARAMETRIC_REPRESENTATION_CONTEXT() REPRESENTATION_CONTEXT('2D SPACE',''
  ) );
#2312 = ADVANCED_FACE('',(#2313,#2361,#2392,#2423,#2454),#128,.F.);
#2313 = FACE_BOUND('',#2314,.F.);
#2314 = EDGE_LOOP('',(#2315,#2316,#2317,#2340));
#2315 = ORIENTED_EDGE('',*,*,#112,.F.);
#2316 = ORIENTED_EDGE('',*,*,#2267,.T.);
#2317 = ORIENTED_EDGE('',*,*,#2318,.T.);
#2318 = EDGE_CURVE('',#2268,#2319,#2321,.T.);
#2319 = VERTEX_POINT('',#2320);
#2320 = CARTESIAN_POINT('',(16.85,13.175,0.));
#2321 = SURFACE_CURVE('',#2322,(#2326,#2333),.PCURVE_S1.);
#2322 = LINE('',#2323,#2324);
#2323 = CARTESIAN_POINT('',(16.85,-13.175,0.));
#2324 = VECTOR('',#2325,1.);
#2325 = DIRECTION('',(0.,1.,0.));
#2326 = PCURVE('',#128,#2327);
#2327 = DEFINITIONAL_REPRESENTATION('',(#2328),#2332);
#2328 = LINE('',#2329,#2330);
#2329 = CARTESIAN_POINT('',(33.7,0.));
#2330 = VECTOR('',#2331,1.);
#2331 = DIRECTION('',(0.,1.));
#2332 = ( GEOMETRIC_REPRESENTATION_CONTEXT(2) 
PARAMETRIC_REPRESENTATION_CONTEXT() REPRESENTATION_CONTEXT('2D SPACE',''
  ) );
#2333 = PCURVE('',#368,#2334);
#2334 = DEFINITIONAL_REPRESENTATION('',(#2335),#2339);
#2335 = LINE('',#2336,#2337);
#2336 = CARTESIAN_POINT('',(-4.,9.675));
#2337 = VECTOR('',#2338,1.);
#2338 = DIRECTION('',(0.,-1.));
#2339 = ( GEOMETRIC_REPRESENTATION_CONTEXT(2) 
PARAMETRIC_REPRESENTATION_CONTEXT() REPRESENTATION_CONTEXT('2D SPACE',''
  ) );
#2340 = ORIENTED_EDGE('',*,*,#2341,.F.);
#2341 = EDGE_CURVE('',#113,#2319,#2342,.T.);
#2342 = SURFACE_CURVE('',#2343,(#2347,#2354),.PCURVE_S1.);
#2343 = LINE('',#2344,#2345);
#2344 = CARTESIAN_POINT('',(-16.85,13.175,0.));
#2345 = VECTOR('',#2346,1.);
#2346 = DIRECTION('',(1.,0.,0.));
#2347 = PCURVE('',#128,#2348);
#2348 = DEFINITIONAL_REPRESENTATION('',(#2349),#2353);
#2349 = LINE('',#2350,#2351);
#2350 = CARTESIAN_POINT('',(0.,26.35));
#2351 = VECTOR('',#2352,1.);
#2352 = DIRECTION('',(1.,0.));
#2353 = ( GEOMETRIC_REPRESENTATION_CONTEXT(2) 
PARAMETRIC_REPRESENTATION_CONTEXT() REPRESENTATION_CONTEXT('2D SPACE',''
  ) );
#2354 = PCURVE('',#156,#2355);
#2355 = DEFINITIONAL_REPRESENTATION('',(#2356),#2360);
#2356 = LINE('',#2357,#2358);
#2357 = CARTESIAN_POINT('',(0.,0.));
#2358 = VECTOR('',#2359,1.);
#2359 = DIRECTION('',(0.,1.));
#2360 = ( GEOMETRIC_REPRESENTATION_CONTEXT(2) 
PARAMETRIC_REPRESENTATION_CONTEXT() REPRESENTATION_CONTEXT('2D SPACE',''
  ) );
#2361 = FACE_BOUND('',#2362,.F.);
#2362 = EDGE_LOOP('',(#2363));
#2363 = ORIENTED_EDGE('',*,*,#2364,.F.);
#2364 = EDGE_CURVE('',#2365,#2365,#2367,.T.);
#2365 = VERTEX_POINT('',#2366);
#2366 = CARTESIAN_POINT('',(-9.25,-8.575,0.));
#2367 = SURFACE_CURVE('',#2368,(#2373,#2380),.PCURVE_S1.);
#2368 = CIRCLE('',#2369,3.);
#2369 = AXIS2_PLACEMENT_3D('',#2370,#2371,#2372);
#2370 = CARTESIAN_POINT('',(-12.25,-8.575,0.));
#2371 = DIRECTION('',(0.,0.,1.));
#2372 = DIRECTION('',(1.,0.,0.));
#2373 = PCURVE('',#128,#2374);
#2374 = DEFINITIONAL_REPRESENTATION('',(#2375),#2379);
#2375 = CIRCLE('',#2376,3.);
#2376 = AXIS2_PLACEMENT_2D('',#2377,#2378);
#2377 = CARTESIAN_POINT('',(4.6,4.6));
#2378 = DIRECTION('',(1.,0.));
#2379 = ( GEOMETRIC_REPRESENTATION_CONTEXT(2) 
PARAMETRIC_REPRESENTATION_CONTEXT() REPRESENTATION_CONTEXT('2D SPACE',''
  ) );
#2380 = PCURVE('',#2381,#2386);
#2381 = CYLINDRICAL_SURFACE('',#2382,3.);
#2382 = AXIS2_PLACEMENT_3D('',#2383,#2384,#2385);
#2383 = CARTESIAN_POINT('',(-12.25,-8.575,0.));
#2384 = DIRECTION('',(0.,0.,1.));
#2385 = DIRECTION('',(1.,0.,0.));
#2386 = DEFINITIONAL_REPRESENTATION('',(#2387),#2391);
#2387 = LINE('',#2388,#2389);
#2388 = CARTESIAN_POINT('',(0.,0.));
#2389 = VECTOR('',#2390,1.);
#2390 = DIRECTION('',(1.,0.));
#2391 = ( GEOMETRIC_REPRESENTATION_CONTEXT(2) 
PARAMETRIC_REPRESENTATION_CONTEXT() REPRESENTATION_CONTEXT('2D SPACE',''
  ) );
#2392 = FACE_BOUND('',#2393,.F.);
#2393 = EDGE_LOOP('',(#2394));
#2394 = ORIENTED_EDGE('',*,*,#2395,.F.);
#2395 = EDGE_CURVE('',#2396,#2396,#2398,.T.);
#2396 = VERTEX_POINT('',#2397);
#2397 = CARTESIAN_POINT('',(15.25,-8.575,0.));
#2398 = SURFACE_CURVE('',#2399,(#2404,#2411),.PCURVE_S1.);
#2399 = CIRCLE('',#2400,3.);
#2400 = AXIS2_PLACEMENT_3D('',#2401,#2402,#2403);
#2401 = CARTESIAN_POINT('',(12.25,-8.575,0.));
#2402 = DIRECTION('',(0.,0.,1.));
#2403 = DIRECTION('',(1.,0.,0.));
#2404 = PCURVE('',#128,#2405);
#2405 = DEFINITIONAL_REPRESENTATION('',(#2406),#2410);
#2406 = CIRCLE('',#2407,3.);
#2407 = AXIS2_PLACEMENT_2D('',#2408,#2409);
#2408 = CARTESIAN_POINT('',(29.1,4.6));
#2409 = DIRECTION('',(1.,0.));
#2410 = ( GEOMETRIC_REPRESENTATION_CONTEXT(2) 
PARAMETRIC_REPRESENTATION_CONTEXT() REPRESENTATION_CONTEXT('2D SPACE',''
  ) );
#2411 = PCURVE('',#2412,#2417);
#2412 = CYLINDRICAL_SURFACE('',#2413,3.);
#2413 = AXIS2_PLACEMENT_3D('',#2414,#2415,#2416);
#2414 = CARTESIAN_POINT('',(12.25,-8.575,0.));
#2415 = DIRECTION('',(0.,0.,1.));
#2416 = DIRECTION('',(1.,0.,0.));
#2417 = DEFINITIONAL_REPRESENTATION('',(#2418),#2422);
#2418 = LINE('',#2419,#2420);
#2419 = CARTESIAN_POINT('',(0.,0.));
#2420 = VECTOR('',#2421,1.);
#2421 = DIRECTION('',(1.,0.));
#2422 = ( GEOMETRIC_REPRESENTATION_CONTEXT(2) 
PARAMETRIC_REPRESENTATION_CONTEXT() REPRESENTATION_CONTEXT('2D SPACE',''
  ) );
#2423 = FACE_BOUND('',#2424,.F.);
#2424 = EDGE_LOOP('',(#2425));
#2425 = ORIENTED_EDGE('',*,*,#2426,.F.);
#2426 = EDGE_CURVE('',#2427,#2427,#2429,.T.);
#2427 = VERTEX_POINT('',#2428);
#2428 = CARTESIAN_POINT('',(-9.25,8.575,0.));
#2429 = SURFACE_CURVE('',#2430,(#2435,#2442),.PCURVE_S1.);
#2430 = CIRCLE('',#2431,3.);
#2431 = AXIS2_PLACEMENT_3D('',#2432,#2433,#2434);
#2432 = CARTESIAN_POINT('',(-12.25,8.575,0.));
#2433 = DIRECTION('',(0.,0.,1.));
#2434 = DIRECTION('',(1.,0.,0.));
#2435 = PCURVE('',#128,#2436);
#2436 = DEFINITIONAL_REPRESENTATION('',(#2437),#2441);
#2437 = CIRCLE('',#2438,3.);
#2438 = AXIS2_PLACEMENT_2D('',#2439,#2440);
#2439 = CARTESIAN_POINT('',(4.6,21.75));
#2440 = DIRECTION('',(1.,0.));
#2441 = ( GEOMETRIC_REPRESENTATION_CONTEXT(2) 
PARAMETRIC_REPRESENTATION_CONTEXT() REPRESENTATION_CONTEXT('2D SPACE',''
  ) );
#2442 = PCURVE('',#2443,#2448);
#2443 = CYLINDRICAL_SURFACE('',#2444,3.);
#2444 = AXIS2_PLACEMENT_3D('',#2445,#2446,#2447);
#2445 = CARTESIAN_POINT('',(-12.25,8.575,0.));
#2446 = DIRECTION('',(0.,0.,1.));
#2447 = DIRECTION('',(1.,0.,0.));
#2448 = DEFINITIONAL_REPRESENTATION('',(#2449),#2453);
#2449 = LINE('',#2450,#2451);
#2450 = CARTESIAN_POINT('',(0.,0.));
#2451 = VECTOR('',#2452,1.);
#2452 = DIRECTION('',(1.,0.));
#2453 = ( GEOMETRIC_REPRESENTATION_CONTEXT(2) 
PARAMETRIC_REPRESENTATION_CONTEXT() REPRESENTATION_CONTEXT('2D SPACE',''
  ) );
#2454 = FACE_BOUND('',#2455,.F.);
#2455 = EDGE_LOOP('',(#2456));
#2456 = ORIENTED_EDGE('',*,*,#2457,.F.);
#2457 = EDGE_CURVE('',#2458,#2458,#2460,.T.);
#2458 = VERTEX_POINT('',#2459);
#2459 = CARTESIAN_POINT('',(15.25,8.575,0.));
#2460 = SURFACE_CURVE('',#2461,(#2466,#2473),.PCURVE_S1.);
#2461 = CIRCLE('',#2462,3.);
#2462 = AXIS2_PLACEMENT_3D('',#2463,#2464,#2465);
#2463 = CARTESIAN_POINT('',(12.25,8.575,0.));
#2464 = DIRECTION('',(0.,0.,1.));
#2465 = DIRECTION('',(1.,0.,0.));
#2466 = PCURVE('',#128,#2467);
#2467 = DEFINITIONAL_REPRESENTATION('',(#2468),#2472);
#2468 = CIRCLE('',#2469,3.);
#2469 = AXIS2_PLACEMENT_2D('',#2470,#2471);
#2470 = CARTESIAN_POINT('',(29.1,21.75));
#2471 = DIRECTION('',(1.,0.));
#2472 = ( GEOMETRIC_REPRESENTATION_CONTEXT(2) 
PARAMETRIC_REPRESENTATION_CONTEXT() REPRESENTATION_CONTEXT('2D SPACE',''
  ) );
#2473 = PCURVE('',#2474,#2479);
#2474 = CYLINDRICAL_SURFACE('',#2475,3.);
#2475 = AXIS2_PLACEMENT_3D('',#2476,#2477,#2478);
#2476 = CARTESIAN_POINT('',(12.25,8.575,0.));
#2477 = DIRECTION('',(0.,0.,1.));
#2478 = DIRECTION('',(1.,0.,0.));
#2479 = DEFINITIONAL_REPRESENTATION('',(#2480),#2484);
#2480 = LINE('',#2481,#2482);
#2481 = CARTESIAN_POINT('',(0.,0.));
#2482 = VECTOR('',#2483,1.);
#2483 = DIRECTION('',(1.,0.));
#2484 = ( GEOMETRIC_REPRESENTATION_CONTEXT(2) 
PARAMETRIC_REPRESENTATION_CONTEXT() REPRESENTATION_CONTEXT('2D SPACE',''
  ) );
#2485 = ADVANCED_FACE('',(#2486),#156,.T.);
#2486 = FACE_BOUND('',#2487,.T.);
#2487 = EDGE_LOOP('',(#2488,#2489,#2490,#2491));
#2488 = ORIENTED_EDGE('',*,*,#2341,.F.);
#2489 = ORIENTED_EDGE('',*,*,#140,.T.);
#2490 = ORIENTED_EDGE('',*,*,#380,.T.);
#2491 = ORIENTED_EDGE('',*,*,#2492,.F.);
#2492 = EDGE_CURVE('',#2319,#353,#2493,.T.);
#2493 = SURFACE_CURVE('',#2494,(#2498,#2505),.PCURVE_S1.);
#2494 = LINE('',#2495,#2496);
#2495 = CARTESIAN_POINT('',(16.85,13.175,0.));
#2496 = VECTOR('',#2497,1.);
#2497 = DIRECTION('',(0.,0.,1.));
#2498 = PCURVE('',#156,#2499);
#2499 = DEFINITIONAL_REPRESENTATION('',(#2500),#2504);
#2500 = LINE('',#2501,#2502);
#2501 = CARTESIAN_POINT('',(0.,33.7));
#2502 = VECTOR('',#2503,1.);
#2503 = DIRECTION('',(1.,0.));
#2504 = ( GEOMETRIC_REPRESENTATION_CONTEXT(2) 
PARAMETRIC_REPRESENTATION_CONTEXT() REPRESENTATION_CONTEXT('2D SPACE',''
  ) );
#2505 = PCURVE('',#368,#2506);
#2506 = DEFINITIONAL_REPRESENTATION('',(#2507),#2511);
#2507 = LINE('',#2508,#2509);
#2508 = CARTESIAN_POINT('',(-4.,-16.675));
#2509 = VECTOR('',#2510,1.);
#2510 = DIRECTION('',(1.,0.));
#2511 = ( GEOMETRIC_REPRESENTATION_CONTEXT(2) 
PARAMETRIC_REPRESENTATION_CONTEXT() REPRESENTATION_CONTEXT('2D SPACE',''
  ) );
#2512 = ADVANCED_FACE('',(#2513),#207,.T.);
#2513 = FACE_BOUND('',#2514,.T.);
#2514 = EDGE_LOOP('',(#2515,#2516,#2517,#2540));
#2515 = ORIENTED_EDGE('',*,*,#402,.F.);
#2516 = ORIENTED_EDGE('',*,*,#191,.T.);
#2517 = ORIENTED_EDGE('',*,*,#2518,.T.);
#2518 = EDGE_CURVE('',#192,#2519,#2521,.T.);
#2519 = VERTEX_POINT('',#2520);
#2520 = CARTESIAN_POINT('',(-15.525,5.9,6.));
#2521 = SURFACE_CURVE('',#2522,(#2526,#2533),.PCURVE_S1.);
#2522 = LINE('',#2523,#2524);
#2523 = CARTESIAN_POINT('',(-16.85,5.9,6.));
#2524 = VECTOR('',#2525,1.);
#2525 = DIRECTION('',(1.,0.,0.));
#2526 = PCURVE('',#207,#2527);
#2527 = DEFINITIONAL_REPRESENTATION('',(#2528),#2532);
#2528 = LINE('',#2529,#2530);
#2529 = CARTESIAN_POINT('',(2.,0.));
#2530 = VECTOR('',#2531,1.);
#2531 = DIRECTION('',(0.,1.));
#2532 = ( GEOMETRIC_REPRESENTATION_CONTEXT(2) 
PARAMETRIC_REPRESENTATION_CONTEXT() REPRESENTATION_CONTEXT('2D SPACE',''
  ) );
#2533 = PCURVE('',#233,#2534);
#2534 = DEFINITIONAL_REPRESENTATION('',(#2535),#2539);
#2535 = LINE('',#2536,#2537);
#2536 = CARTESIAN_POINT('',(0.,11.8));
#2537 = VECTOR('',#2538,1.);
#2538 = DIRECTION('',(1.,0.));
#2539 = ( GEOMETRIC_REPRESENTATION_CONTEXT(2) 
PARAMETRIC_REPRESENTATION_CONTEXT() REPRESENTATION_CONTEXT('2D SPACE',''
  ) );
#2540 = ORIENTED_EDGE('',*,*,#2541,.F.);
#2541 = EDGE_CURVE('',#403,#2519,#2542,.T.);
#2542 = SURFACE_CURVE('',#2543,(#2547,#2553),.PCURVE_S1.);
#2543 = LINE('',#2544,#2545);
#2544 = CARTESIAN_POINT('',(-15.525,5.9,4.));
#2545 = VECTOR('',#2546,1.);
#2546 = DIRECTION('',(0.,0.,1.));
#2547 = PCURVE('',#207,#2548);
#2548 = DEFINITIONAL_REPRESENTATION('',(#2549),#2552);
#2549 = B_SPLINE_CURVE_WITH_KNOTS('',1,(#2550,#2551),.UNSPECIFIED.,.F.,
  .F.,(2,2),(0.,2.),.PIECEWISE_BEZIER_KNOTS.);
#2550 = CARTESIAN_POINT('',(0.,1.325));
#2551 = CARTESIAN_POINT('',(2.,1.325));
#2552 = ( GEOMETRIC_REPRESENTATION_CONTEXT(2) 
PARAMETRIC_REPRESENTATION_CONTEXT() REPRESENTATION_CONTEXT('2D SPACE',''
  ) );
#2553 = PCURVE('',#441,#2554);
#2554 = DEFINITIONAL_REPRESENTATION('',(#2555),#2558);
#2555 = B_SPLINE_CURVE_WITH_KNOTS('',1,(#2556,#2557),.UNSPECIFIED.,.F.,
  .F.,(2,2),(0.,2.),.PIECEWISE_BEZIER_KNOTS.);
#2556 = CARTESIAN_POINT('',(0.,-12.675));
#2557 = CARTESIAN_POINT('',(2.,-12.675));
#2558 = ( GEOMETRIC_REPRESENTATION_CONTEXT(2) 
PARAMETRIC_REPRESENTATION_CONTEXT() REPRESENTATION_CONTEXT('2D SPACE',''
  ) );
#2559 = ADVANCED_FACE('',(#2560),#233,.T.);
#2560 = FACE_BOUND('',#2561,.T.);
#2561 = EDGE_LOOP('',(#2562,#2563,#2564,#2565,#2587,#2615,#2643,#2671));
#2562 = ORIENTED_EDGE('',*,*,#2518,.F.);
#2563 = ORIENTED_EDGE('',*,*,#219,.F.);
#2564 = ORIENTED_EDGE('',*,*,#272,.T.);
#2565 = ORIENTED_EDGE('',*,*,#2566,.T.);
#2566 = EDGE_CURVE('',#273,#2567,#2569,.T.);
#2567 = VERTEX_POINT('',#2568);
#2568 = CARTESIAN_POINT('',(-15.525,-6.,6.));
#2569 = SURFACE_CURVE('',#2570,(#2574,#2581),.PCURVE_S1.);
#2570 = LINE('',#2571,#2572);
#2571 = CARTESIAN_POINT('',(-15.525,-6.3875,6.));
#2572 = VECTOR('',#2573,1.);
#2573 = DIRECTION('',(0.,-1.,0.));
#2574 = PCURVE('',#233,#2575);
#2575 = DEFINITIONAL_REPRESENTATION('',(#2576),#2580);
#2576 = LINE('',#2577,#2578);
#2577 = CARTESIAN_POINT('',(1.325,-0.4875));
#2578 = VECTOR('',#2579,1.);
#2579 = DIRECTION('',(0.,-1.));
#2580 = ( GEOMETRIC_REPRESENTATION_CONTEXT(2) 
PARAMETRIC_REPRESENTATION_CONTEXT() REPRESENTATION_CONTEXT('2D SPACE',''
  ) );
#2581 = PCURVE('',#308,#2582);
#2582 = DEFINITIONAL_REPRESENTATION('',(#2583),#2586);
#2583 = B_SPLINE_CURVE_WITH_KNOTS('',1,(#2584,#2585),.UNSPECIFIED.,.F.,
  .F.,(2,2),(-12.3875,-0.3875),.PIECEWISE_BEZIER_KNOTS.);
#2584 = CARTESIAN_POINT('',(2.,-12.775));
#2585 = CARTESIAN_POINT('',(2.,-0.775));
#2586 = ( GEOMETRIC_REPRESENTATION_CONTEXT(2) 
PARAMETRIC_REPRESENTATION_CONTEXT() REPRESENTATION_CONTEXT('2D SPACE',''
  ) );
#2587 = ORIENTED_EDGE('',*,*,#2588,.T.);
#2588 = EDGE_CURVE('',#2567,#2589,#2591,.T.);
#2589 = VERTEX_POINT('',#2590);
#2590 = CARTESIAN_POINT('',(-14.25,-6.,6.));
#2591 = SURFACE_CURVE('',#2592,(#2596,#2603),.PCURVE_S1.);
#2592 = LINE('',#2593,#2594);
#2593 = CARTESIAN_POINT('',(-16.85,-6.,6.));
#2594 = VECTOR('',#2595,1.);
#2595 = DIRECTION('',(1.,0.,0.));
#2596 = PCURVE('',#233,#2597);
#2597 = DEFINITIONAL_REPRESENTATION('',(#2598),#2602);
#2598 = LINE('',#2599,#2600);
#2599 = CARTESIAN_POINT('',(0.,-1.E-01));
#2600 = VECTOR('',#2601,1.);
#2601 = DIRECTION('',(1.,0.));
#2602 = ( GEOMETRIC_REPRESENTATION_CONTEXT(2) 
PARAMETRIC_REPRESENTATION_CONTEXT() REPRESENTATION_CONTEXT('2D SPACE',''
  ) );
#2603 = PCURVE('',#2604,#2609);
#2604 = PLANE('',#2605);
#2605 = AXIS2_PLACEMENT_3D('',#2606,#2607,#2608);
#2606 = CARTESIAN_POINT('',(-16.85,-6.,6.));
#2607 = DIRECTION('',(0.,1.,0.));
#2608 = DIRECTION('',(0.,0.,1.));
#2609 = DEFINITIONAL_REPRESENTATION('',(#2610),#2614);
#2610 = LINE('',#2611,#2612);
#2611 = CARTESIAN_POINT('',(0.,0.));
#2612 = VECTOR('',#2613,1.);
#2613 = DIRECTION('',(0.,1.));
#2614 = ( GEOMETRIC_REPRESENTATION_CONTEXT(2) 
PARAMETRIC_REPRESENTATION_CONTEXT() REPRESENTATION_CONTEXT('2D SPACE',''
  ) );
#2615 = ORIENTED_EDGE('',*,*,#2616,.T.);
#2616 = EDGE_CURVE('',#2589,#2617,#2619,.T.);
#2617 = VERTEX_POINT('',#2618);
#2618 = CARTESIAN_POINT('',(-14.25,6.,6.));
#2619 = SURFACE_CURVE('',#2620,(#2624,#2631),.PCURVE_S1.);
#2620 = LINE('',#2621,#2622);
#2621 = CARTESIAN_POINT('',(-14.25,-6.,6.));
#2622 = VECTOR('',#2623,1.);
#2623 = DIRECTION('',(0.,1.,0.));
#2624 = PCURVE('',#233,#2625);
#2625 = DEFINITIONAL_REPRESENTATION('',(#2626),#2630);
#2626 = LINE('',#2627,#2628);
#2627 = CARTESIAN_POINT('',(2.6,-1.E-01));
#2628 = VECTOR('',#2629,1.);
#2629 = DIRECTION('',(0.,1.));
#2630 = ( GEOMETRIC_REPRESENTATION_CONTEXT(2) 
PARAMETRIC_REPRESENTATION_CONTEXT() REPRESENTATION_CONTEXT('2D SPACE',''
  ) );
#2631 = PCURVE('',#2632,#2637);
#2632 = PLANE('',#2633);
#2633 = AXIS2_PLACEMENT_3D('',#2634,#2635,#2636);
#2634 = CARTESIAN_POINT('',(-14.25,-6.,6.));
#2635 = DIRECTION('',(1.,0.,0.));
#2636 = DIRECTION('',(0.,0.,1.));
#2637 = DEFINITIONAL_REPRESENTATION('',(#2638),#2642);
#2638 = LINE('',#2639,#2640);
#2639 = CARTESIAN_POINT('',(0.,0.));
#2640 = VECTOR('',#2641,1.);
#2641 = DIRECTION('',(0.,-1.));
#2642 = ( GEOMETRIC_REPRESENTATION_CONTEXT(2) 
PARAMETRIC_REPRESENTATION_CONTEXT() REPRESENTATION_CONTEXT('2D SPACE',''
  ) );
#2643 = ORIENTED_EDGE('',*,*,#2644,.F.);
#2644 = EDGE_CURVE('',#2645,#2617,#2647,.T.);
#2645 = VERTEX_POINT('',#2646);
#2646 = CARTESIAN_POINT('',(-15.525,6.,6.));
#2647 = SURFACE_CURVE('',#2648,(#2652,#2659),.PCURVE_S1.);
#2648 = LINE('',#2649,#2650);
#2649 = CARTESIAN_POINT('',(-16.85,6.,6.));
#2650 = VECTOR('',#2651,1.);
#2651 = DIRECTION('',(1.,0.,0.));
#2652 = PCURVE('',#233,#2653);
#2653 = DEFINITIONAL_REPRESENTATION('',(#2654),#2658);
#2654 = LINE('',#2655,#2656);
#2655 = CARTESIAN_POINT('',(0.,11.9));
#2656 = VECTOR('',#2657,1.);
#2657 = DIRECTION('',(1.,0.));
#2658 = ( GEOMETRIC_REPRESENTATION_CONTEXT(2) 
PARAMETRIC_REPRESENTATION_CONTEXT() REPRESENTATION_CONTEXT('2D SPACE',''
  ) );
#2659 = PCURVE('',#2660,#2665);
#2660 = PLANE('',#2661);
#2661 = AXIS2_PLACEMENT_3D('',#2662,#2663,#2664);
#2662 = CARTESIAN_POINT('',(-16.85,6.,6.));
#2663 = DIRECTION('',(0.,1.,0.));
#2664 = DIRECTION('',(0.,0.,1.));
#2665 = DEFINITIONAL_REPRESENTATION('',(#2666),#2670);
#2666 = LINE('',#2667,#2668);
#2667 = CARTESIAN_POINT('',(0.,0.));
#2668 = VECTOR('',#2669,1.);
#2669 = DIRECTION('',(0.,1.));
#2670 = ( GEOMETRIC_REPRESENTATION_CONTEXT(2) 
PARAMETRIC_REPRESENTATION_CONTEXT() REPRESENTATION_CONTEXT('2D SPACE',''
  ) );
#2671 = ORIENTED_EDGE('',*,*,#2672,.T.);
#2672 = EDGE_CURVE('',#2645,#2519,#2673,.T.);
#2673 = SURFACE_CURVE('',#2674,(#2678,#2685),.PCURVE_S1.);
#2674 = LINE('',#2675,#2676);
#2675 = CARTESIAN_POINT('',(-15.525,-6.3875,6.));
#2676 = VECTOR('',#2677,1.);
#2677 = DIRECTION('',(0.,-1.,0.));
#2678 = PCURVE('',#233,#2679);
#2679 = DEFINITIONAL_REPRESENTATION('',(#2680),#2684);
#2680 = LINE('',#2681,#2682);
#2681 = CARTESIAN_POINT('',(1.325,-0.4875));
#2682 = VECTOR('',#2683,1.);
#2683 = DIRECTION('',(0.,-1.));
#2684 = ( GEOMETRIC_REPRESENTATION_CONTEXT(2) 
PARAMETRIC_REPRESENTATION_CONTEXT() REPRESENTATION_CONTEXT('2D SPACE',''
  ) );
#2685 = PCURVE('',#441,#2686);
#2686 = DEFINITIONAL_REPRESENTATION('',(#2687),#2690);
#2687 = B_SPLINE_CURVE_WITH_KNOTS('',1,(#2688,#2689),.UNSPECIFIED.,.F.,
  .F.,(2,2),(-12.3875,-0.3875),.PIECEWISE_BEZIER_KNOTS.);
#2688 = CARTESIAN_POINT('',(2.,-12.775));
#2689 = CARTESIAN_POINT('',(2.,-0.775));
#2690 = ( GEOMETRIC_REPRESENTATION_CONTEXT(2) 
PARAMETRIC_REPRESENTATION_CONTEXT() REPRESENTATION_CONTEXT('2D SPACE',''
  ) );
#2691 = ADVANCED_FACE('',(#2692),#308,.F.);
#2692 = FACE_BOUND('',#2693,.F.);
#2693 = EDGE_LOOP('',(#2694,#2724,#2745,#2746,#2747,#2748));
#2694 = ORIENTED_EDGE('',*,*,#2695,.F.);
#2695 = EDGE_CURVE('',#2696,#2698,#2700,.T.);
#2696 = VERTEX_POINT('',#2697);
#2697 = CARTESIAN_POINT('',(-15.525,-6.775,7.8));
#2698 = VERTEX_POINT('',#2699);
#2699 = CARTESIAN_POINT('',(-15.525,-6.,7.8));
#2700 = SURFACE_CURVE('',#2701,(#2705,#2712),.PCURVE_S1.);
#2701 = LINE('',#2702,#2703);
#2702 = CARTESIAN_POINT('',(-15.525,-6.775,7.8));
#2703 = VECTOR('',#2704,1.);
#2704 = DIRECTION('',(0.,1.,0.));
#2705 = PCURVE('',#308,#2706);
#2706 = DEFINITIONAL_REPRESENTATION('',(#2707),#2711);
#2707 = LINE('',#2708,#2709);
#2708 = CARTESIAN_POINT('',(3.8,0.));
#2709 = VECTOR('',#2710,1.);
#2710 = DIRECTION('',(0.,-1.));
#2711 = ( GEOMETRIC_REPRESENTATION_CONTEXT(2) 
PARAMETRIC_REPRESENTATION_CONTEXT() REPRESENTATION_CONTEXT('2D SPACE',''
  ) );
#2712 = PCURVE('',#2713,#2718);
#2713 = PLANE('',#2714);
#2714 = AXIS2_PLACEMENT_3D('',#2715,#2716,#2717);
#2715 = CARTESIAN_POINT('',(-15.525,-6.775,7.8));
#2716 = DIRECTION('',(0.,0.,1.));
#2717 = DIRECTION('',(1.,0.,0.));
#2718 = DEFINITIONAL_REPRESENTATION('',(#2719),#2723);
#2719 = LINE('',#2720,#2721);
#2720 = CARTESIAN_POINT('',(0.,0.));
#2721 = VECTOR('',#2722,1.);
#2722 = DIRECTION('',(0.,1.));
#2723 = ( GEOMETRIC_REPRESENTATION_CONTEXT(2) 
PARAMETRIC_REPRESENTATION_CONTEXT() REPRESENTATION_CONTEXT('2D SPACE',''
  ) );
#2724 = ORIENTED_EDGE('',*,*,#2725,.F.);
#2725 = EDGE_CURVE('',#680,#2696,#2726,.T.);
#2726 = SURFACE_CURVE('',#2727,(#2731,#2738),.PCURVE_S1.);
#2727 = LINE('',#2728,#2729);
#2728 = CARTESIAN_POINT('',(-15.525,-6.775,4.));
#2729 = VECTOR('',#2730,1.);
#2730 = DIRECTION('',(0.,0.,1.));
#2731 = PCURVE('',#308,#2732);
#2732 = DEFINITIONAL_REPRESENTATION('',(#2733),#2737);
#2733 = LINE('',#2734,#2735);
#2734 = CARTESIAN_POINT('',(0.,0.));
#2735 = VECTOR('',#2736,1.);
#2736 = DIRECTION('',(1.,0.));
#2737 = ( GEOMETRIC_REPRESENTATION_CONTEXT(2) 
PARAMETRIC_REPRESENTATION_CONTEXT() REPRESENTATION_CONTEXT('2D SPACE',''
  ) );
#2738 = PCURVE('',#695,#2739);
#2739 = DEFINITIONAL_REPRESENTATION('',(#2740),#2744);
#2740 = LINE('',#2741,#2742);
#2741 = CARTESIAN_POINT('',(0.,0.));
#2742 = VECTOR('',#2743,1.);
#2743 = DIRECTION('',(1.,0.));
#2744 = ( GEOMETRIC_REPRESENTATION_CONTEXT(2) 
PARAMETRIC_REPRESENTATION_CONTEXT() REPRESENTATION_CONTEXT('2D SPACE',''
  ) );
#2745 = ORIENTED_EDGE('',*,*,#707,.T.);
#2746 = ORIENTED_EDGE('',*,*,#295,.T.);
#2747 = ORIENTED_EDGE('',*,*,#2566,.T.);
#2748 = ORIENTED_EDGE('',*,*,#2749,.T.);
#2749 = EDGE_CURVE('',#2567,#2698,#2750,.T.);
#2750 = SURFACE_CURVE('',#2751,(#2755,#2761),.PCURVE_S1.);
#2751 = LINE('',#2752,#2753);
#2752 = CARTESIAN_POINT('',(-15.525,-6.,5.));
#2753 = VECTOR('',#2754,1.);
#2754 = DIRECTION('',(0.,0.,1.));
#2755 = PCURVE('',#308,#2756);
#2756 = DEFINITIONAL_REPRESENTATION('',(#2757),#2760);
#2757 = B_SPLINE_CURVE_WITH_KNOTS('',1,(#2758,#2759),.UNSPECIFIED.,.F.,
  .F.,(2,2),(1.,2.8),.PIECEWISE_BEZIER_KNOTS.);
#2758 = CARTESIAN_POINT('',(2.,-0.775));
#2759 = CARTESIAN_POINT('',(3.8,-0.775));
#2760 = ( GEOMETRIC_REPRESENTATION_CONTEXT(2) 
PARAMETRIC_REPRESENTATION_CONTEXT() REPRESENTATION_CONTEXT('2D SPACE',''
  ) );
#2761 = PCURVE('',#2604,#2762);
#2762 = DEFINITIONAL_REPRESENTATION('',(#2763),#2766);
#2763 = B_SPLINE_CURVE_WITH_KNOTS('',1,(#2764,#2765),.UNSPECIFIED.,.F.,
  .F.,(2,2),(1.,2.8),.PIECEWISE_BEZIER_KNOTS.);
#2764 = CARTESIAN_POINT('',(0.,1.325));
#2765 = CARTESIAN_POINT('',(1.8,1.325));
#2766 = ( GEOMETRIC_REPRESENTATION_CONTEXT(2) 
PARAMETRIC_REPRESENTATION_CONTEXT() REPRESENTATION_CONTEXT('2D SPACE',''
  ) );
#2767 = ADVANCED_FACE('',(#2768),#340,.T.);
#2768 = FACE_BOUND('',#2769,.T.);
#2769 = EDGE_LOOP('',(#2770,#2771,#2792,#2818,#2846,#2874));
#2770 = ORIENTED_EDGE('',*,*,#322,.F.);
#2771 = ORIENTED_EDGE('',*,*,#2772,.T.);
#2772 = EDGE_CURVE('',#323,#2773,#2775,.T.);
#2773 = VERTEX_POINT('',#2774);
#2774 = CARTESIAN_POINT('',(15.525,3.5,7.8));
#2775 = SURFACE_CURVE('',#2776,(#2780,#2786),.PCURVE_S1.);
#2776 = LINE('',#2777,#2778);
#2777 = CARTESIAN_POINT('',(15.525,3.5,4.));
#2778 = VECTOR('',#2779,1.);
#2779 = DIRECTION('',(0.,0.,1.));
#2780 = PCURVE('',#340,#2781);
#2781 = DEFINITIONAL_REPRESENTATION('',(#2782),#2785);
#2782 = B_SPLINE_CURVE_WITH_KNOTS('',1,(#2783,#2784),.UNSPECIFIED.,.F.,
  .F.,(2,2),(0.,3.8),.PIECEWISE_BEZIER_KNOTS.);
#2783 = CARTESIAN_POINT('',(0.,0.275));
#2784 = CARTESIAN_POINT('',(3.8,0.275));
#2785 = ( GEOMETRIC_REPRESENTATION_CONTEXT(2) 
PARAMETRIC_REPRESENTATION_CONTEXT() REPRESENTATION_CONTEXT('2D SPACE',''
  ) );
#2786 = PCURVE('',#1436,#2787);
#2787 = DEFINITIONAL_REPRESENTATION('',(#2788),#2791);
#2788 = B_SPLINE_CURVE_WITH_KNOTS('',1,(#2789,#2790),.UNSPECIFIED.,.F.,
  .F.,(2,2),(0.,3.8),.PIECEWISE_BEZIER_KNOTS.);
#2789 = CARTESIAN_POINT('',(0.,-10.275));
#2790 = CARTESIAN_POINT('',(3.8,-10.275));
#2791 = ( GEOMETRIC_REPRESENTATION_CONTEXT(2) 
PARAMETRIC_REPRESENTATION_CONTEXT() REPRESENTATION_CONTEXT('2D SPACE',''
  ) );
#2792 = ORIENTED_EDGE('',*,*,#2793,.T.);
#2793 = EDGE_CURVE('',#2773,#2794,#2796,.T.);
#2794 = VERTEX_POINT('',#2795);
#2795 = CARTESIAN_POINT('',(15.25,3.5,7.8));
#2796 = SURFACE_CURVE('',#2797,(#2801,#2807),.PCURVE_S1.);
#2797 = LINE('',#2798,#2799);
#2798 = CARTESIAN_POINT('',(-0.1375,3.5,7.8));
#2799 = VECTOR('',#2800,1.);
#2800 = DIRECTION('',(-1.,0.,0.));
#2801 = PCURVE('',#340,#2802);
#2802 = DEFINITIONAL_REPRESENTATION('',(#2803),#2806);
#2803 = B_SPLINE_CURVE_WITH_KNOTS('',1,(#2804,#2805),.UNSPECIFIED.,.F.,
  .F.,(2,2),(-15.6625,-15.3875),.PIECEWISE_BEZIER_KNOTS.);
#2804 = CARTESIAN_POINT('',(3.8,0.275));
#2805 = CARTESIAN_POINT('',(3.8,0.));
#2806 = ( GEOMETRIC_REPRESENTATION_CONTEXT(2) 
PARAMETRIC_REPRESENTATION_CONTEXT() REPRESENTATION_CONTEXT('2D SPACE',''
  ) );
#2807 = PCURVE('',#2808,#2813);
#2808 = PLANE('',#2809);
#2809 = AXIS2_PLACEMENT_3D('',#2810,#2811,#2812);
#2810 = CARTESIAN_POINT('',(-15.525,-6.775,7.8));
#2811 = DIRECTION('',(0.,0.,1.));
#2812 = DIRECTION('',(1.,0.,0.));
#2813 = DEFINITIONAL_REPRESENTATION('',(#2814),#2817);
#2814 = B_SPLINE_CURVE_WITH_KNOTS('',1,(#2815,#2816),.UNSPECIFIED.,.F.,
  .F.,(2,2),(-15.6625,-15.3875),.PIECEWISE_BEZIER_KNOTS.);
#2815 = CARTESIAN_POINT('',(31.05,10.275));
#2816 = CARTESIAN_POINT('',(30.775,10.275));
#2817 = ( GEOMETRIC_REPRESENTATION_CONTEXT(2) 
PARAMETRIC_REPRESENTATION_CONTEXT() REPRESENTATION_CONTEXT('2D SPACE',''
  ) );
#2818 = ORIENTED_EDGE('',*,*,#2819,.T.);
#2819 = EDGE_CURVE('',#2794,#2820,#2822,.T.);
#2820 = VERTEX_POINT('',#2821);
#2821 = CARTESIAN_POINT('',(15.25,3.5,11.35));
#2822 = SURFACE_CURVE('',#2823,(#2827,#2834),.PCURVE_S1.);
#2823 = LINE('',#2824,#2825);
#2824 = CARTESIAN_POINT('',(15.25,3.5,4.));
#2825 = VECTOR('',#2826,1.);
#2826 = DIRECTION('',(0.,0.,1.));
#2827 = PCURVE('',#340,#2828);
#2828 = DEFINITIONAL_REPRESENTATION('',(#2829),#2833);
#2829 = LINE('',#2830,#2831);
#2830 = CARTESIAN_POINT('',(0.,0.));
#2831 = VECTOR('',#2832,1.);
#2832 = DIRECTION('',(1.,0.));
#2833 = ( GEOMETRIC_REPRESENTATION_CONTEXT(2) 
PARAMETRIC_REPRESENTATION_CONTEXT() REPRESENTATION_CONTEXT('2D SPACE',''
  ) );
#2834 = PCURVE('',#2835,#2840);
#2835 = PLANE('',#2836);
#2836 = AXIS2_PLACEMENT_3D('',#2837,#2838,#2839);
#2837 = CARTESIAN_POINT('',(15.25,-3.5,4.));
#2838 = DIRECTION('',(1.,0.,0.));
#2839 = DIRECTION('',(0.,0.,1.));
#2840 = DEFINITIONAL_REPRESENTATION('',(#2841),#2845);
#2841 = LINE('',#2842,#2843);
#2842 = CARTESIAN_POINT('',(0.,-7.));
#2843 = VECTOR('',#2844,1.);
#2844 = DIRECTION('',(1.,0.));
#2845 = ( GEOMETRIC_REPRESENTATION_CONTEXT(2) 
PARAMETRIC_REPRESENTATION_CONTEXT() REPRESENTATION_CONTEXT('2D SPACE',''
  ) );
#2846 = ORIENTED_EDGE('',*,*,#2847,.T.);
#2847 = EDGE_CURVE('',#2820,#2848,#2850,.T.);
#2848 = VERTEX_POINT('',#2849);
#2849 = CARTESIAN_POINT('',(16.85,3.5,11.35));
#2850 = SURFACE_CURVE('',#2851,(#2855,#2862),.PCURVE_S1.);
#2851 = LINE('',#2852,#2853);
#2852 = CARTESIAN_POINT('',(15.25,3.5,11.35));
#2853 = VECTOR('',#2854,1.);
#2854 = DIRECTION('',(1.,0.,0.));
#2855 = PCURVE('',#340,#2856);
#2856 = DEFINITIONAL_REPRESENTATION('',(#2857),#2861);
#2857 = LINE('',#2858,#2859);
#2858 = CARTESIAN_POINT('',(7.35,0.));
#2859 = VECTOR('',#2860,1.);
#2860 = DIRECTION('',(0.,1.));
#2861 = ( GEOMETRIC_REPRESENTATION_CONTEXT(2) 
PARAMETRIC_REPRESENTATION_CONTEXT() REPRESENTATION_CONTEXT('2D SPACE',''
  ) );
#2862 = PCURVE('',#2863,#2868);
#2863 = PLANE('',#2864);
#2864 = AXIS2_PLACEMENT_3D('',#2865,#2866,#2867);
#2865 = CARTESIAN_POINT('',(15.25,-3.5,11.35));
#2866 = DIRECTION('',(0.,0.,1.));
#2867 = DIRECTION('',(1.,0.,0.));
#2868 = DEFINITIONAL_REPRESENTATION('',(#2869),#2873);
#2869 = LINE('',#2870,#2871);
#2870 = CARTESIAN_POINT('',(0.,7.));
#2871 = VECTOR('',#2872,1.);
#2872 = DIRECTION('',(1.,0.));
#2873 = ( GEOMETRIC_REPRESENTATION_CONTEXT(2) 
PARAMETRIC_REPRESENTATION_CONTEXT() REPRESENTATION_CONTEXT('2D SPACE',''
  ) );
#2874 = ORIENTED_EDGE('',*,*,#2875,.F.);
#2875 = EDGE_CURVE('',#325,#2848,#2876,.T.);
#2876 = SURFACE_CURVE('',#2877,(#2881,#2888),.PCURVE_S1.);
#2877 = LINE('',#2878,#2879);
#2878 = CARTESIAN_POINT('',(16.85,3.5,4.));
#2879 = VECTOR('',#2880,1.);
#2880 = DIRECTION('',(0.,0.,1.));
#2881 = PCURVE('',#340,#2882);
#2882 = DEFINITIONAL_REPRESENTATION('',(#2883),#2887);
#2883 = LINE('',#2884,#2885);
#2884 = CARTESIAN_POINT('',(0.,1.6));
#2885 = VECTOR('',#2886,1.);
#2886 = DIRECTION('',(1.,0.));
#2887 = ( GEOMETRIC_REPRESENTATION_CONTEXT(2) 
PARAMETRIC_REPRESENTATION_CONTEXT() REPRESENTATION_CONTEXT('2D SPACE',''
  ) );
#2888 = PCURVE('',#368,#2889);
#2889 = DEFINITIONAL_REPRESENTATION('',(#2890),#2894);
#2890 = LINE('',#2891,#2892);
#2891 = CARTESIAN_POINT('',(0.,-7.));
#2892 = VECTOR('',#2893,1.);
#2893 = DIRECTION('',(1.,0.));
#2894 = ( GEOMETRIC_REPRESENTATION_CONTEXT(2) 
PARAMETRIC_REPRESENTATION_CONTEXT() REPRESENTATION_CONTEXT('2D SPACE',''
  ) );
#2895 = ADVANCED_FACE('',(#2896),#1436,.T.);
#2896 = FACE_BOUND('',#2897,.T.);
#2897 = EDGE_LOOP('',(#2898,#2921,#2922,#2923));
#2898 = ORIENTED_EDGE('',*,*,#2899,.F.);
#2899 = EDGE_CURVE('',#2773,#2900,#2902,.T.);
#2900 = VERTEX_POINT('',#2901);
#2901 = CARTESIAN_POINT('',(15.525,6.775,7.8));
#2902 = SURFACE_CURVE('',#2903,(#2907,#2914),.PCURVE_S1.);
#2903 = LINE('',#2904,#2905);
#2904 = CARTESIAN_POINT('',(15.525,-6.775,7.8));
#2905 = VECTOR('',#2906,1.);
#2906 = DIRECTION('',(0.,1.,0.));
#2907 = PCURVE('',#1436,#2908);
#2908 = DEFINITIONAL_REPRESENTATION('',(#2909),#2913);
#2909 = LINE('',#2910,#2911);
#2910 = CARTESIAN_POINT('',(3.8,0.));
#2911 = VECTOR('',#2912,1.);
#2912 = DIRECTION('',(0.,-1.));
#2913 = ( GEOMETRIC_REPRESENTATION_CONTEXT(2) 
PARAMETRIC_REPRESENTATION_CONTEXT() REPRESENTATION_CONTEXT('2D SPACE',''
  ) );
#2914 = PCURVE('',#2808,#2915);
#2915 = DEFINITIONAL_REPRESENTATION('',(#2916),#2920);
#2916 = LINE('',#2917,#2918);
#2917 = CARTESIAN_POINT('',(31.05,0.));
#2918 = VECTOR('',#2919,1.);
#2919 = DIRECTION('',(0.,1.));
#2920 = ( GEOMETRIC_REPRESENTATION_CONTEXT(2) 
PARAMETRIC_REPRESENTATION_CONTEXT() REPRESENTATION_CONTEXT('2D SPACE',''
  ) );
#2921 = ORIENTED_EDGE('',*,*,#2772,.F.);
#2922 = ORIENTED_EDGE('',*,*,#1422,.T.);
#2923 = ORIENTED_EDGE('',*,*,#2924,.T.);
#2924 = EDGE_CURVE('',#1395,#2900,#2925,.T.);
#2925 = SURFACE_CURVE('',#2926,(#2930,#2937),.PCURVE_S1.);
#2926 = LINE('',#2927,#2928);
#2927 = CARTESIAN_POINT('',(15.525,6.775,4.));
#2928 = VECTOR('',#2929,1.);
#2929 = DIRECTION('',(0.,0.,1.));
#2930 = PCURVE('',#1436,#2931);
#2931 = DEFINITIONAL_REPRESENTATION('',(#2932),#2936);
#2932 = LINE('',#2933,#2934);
#2933 = CARTESIAN_POINT('',(0.,-13.55));
#2934 = VECTOR('',#2935,1.);
#2935 = DIRECTION('',(1.,0.));
#2936 = ( GEOMETRIC_REPRESENTATION_CONTEXT(2) 
PARAMETRIC_REPRESENTATION_CONTEXT() REPRESENTATION_CONTEXT('2D SPACE',''
  ) );
#2937 = PCURVE('',#1410,#2938);
#2938 = DEFINITIONAL_REPRESENTATION('',(#2939),#2943);
#2939 = LINE('',#2940,#2941);
#2940 = CARTESIAN_POINT('',(0.,31.05));
#2941 = VECTOR('',#2942,1.);
#2942 = DIRECTION('',(1.,0.));
#2943 = ( GEOMETRIC_REPRESENTATION_CONTEXT(2) 
PARAMETRIC_REPRESENTATION_CONTEXT() REPRESENTATION_CONTEXT('2D SPACE',''
  ) );
#2944 = ADVANCED_FACE('',(#2945),#1410,.T.);
#2945 = FACE_BOUND('',#2946,.T.);
#2946 = EDGE_LOOP('',(#2947,#2948,#2969,#2995,#3016,#3037));
#2947 = ORIENTED_EDGE('',*,*,#1394,.F.);
#2948 = ORIENTED_EDGE('',*,*,#2949,.T.);
#2949 = EDGE_CURVE('',#1367,#2950,#2952,.T.);
#2950 = VERTEX_POINT('',#2951);
#2951 = CARTESIAN_POINT('',(15.15,6.775,6.5));
#2952 = SURFACE_CURVE('',#2953,(#2957,#2963),.PCURVE_S1.);
#2953 = LINE('',#2954,#2955);
#2954 = CARTESIAN_POINT('',(15.15,6.775,4.));
#2955 = VECTOR('',#2956,1.);
#2956 = DIRECTION('',(0.,0.,1.));
#2957 = PCURVE('',#1410,#2958);
#2958 = DEFINITIONAL_REPRESENTATION('',(#2959),#2962);
#2959 = B_SPLINE_CURVE_WITH_KNOTS('',1,(#2960,#2961),.UNSPECIFIED.,.F.,
  .F.,(2,2),(0.,2.5),.PIECEWISE_BEZIER_KNOTS.);
#2960 = CARTESIAN_POINT('',(0.,30.675));
#2961 = CARTESIAN_POINT('',(2.5,30.675));
#2962 = ( GEOMETRIC_REPRESENTATION_CONTEXT(2) 
PARAMETRIC_REPRESENTATION_CONTEXT() REPRESENTATION_CONTEXT('2D SPACE',''
  ) );
#2963 = PCURVE('',#1382,#2964);
#2964 = DEFINITIONAL_REPRESENTATION('',(#2965),#2968);
#2965 = B_SPLINE_CURVE_WITH_KNOTS('',1,(#2966,#2967),.UNSPECIFIED.,.F.,
  .F.,(2,2),(0.,2.5),.PIECEWISE_BEZIER_KNOTS.);
#2966 = CARTESIAN_POINT('',(0.,-18.25));
#2967 = CARTESIAN_POINT('',(2.5,-18.25));
#2968 = ( GEOMETRIC_REPRESENTATION_CONTEXT(2) 
PARAMETRIC_REPRESENTATION_CONTEXT() REPRESENTATION_CONTEXT('2D SPACE',''
  ) );
#2969 = ORIENTED_EDGE('',*,*,#2970,.T.);
#2970 = EDGE_CURVE('',#2950,#2971,#2973,.T.);
#2971 = VERTEX_POINT('',#2972);
#2972 = CARTESIAN_POINT('',(14.895751311065,6.775,6.5));
#2973 = SURFACE_CURVE('',#2974,(#2978,#2984),.PCURVE_S1.);
#2974 = LINE('',#2975,#2976);
#2975 = CARTESIAN_POINT('',(-15.3375,6.775,6.5));
#2976 = VECTOR('',#2977,1.);
#2977 = DIRECTION('',(-1.,0.,0.));
#2978 = PCURVE('',#1410,#2979);
#2979 = DEFINITIONAL_REPRESENTATION('',(#2980),#2983);
#2980 = B_SPLINE_CURVE_WITH_KNOTS('',1,(#2981,#2982),.UNSPECIFIED.,.F.,
  .F.,(2,2),(-30.4875,-30.23325131106),.PIECEWISE_BEZIER_KNOTS.);
#2981 = CARTESIAN_POINT('',(2.5,30.675));
#2982 = CARTESIAN_POINT('',(2.5,30.420751311065));
#2983 = ( GEOMETRIC_REPRESENTATION_CONTEXT(2) 
PARAMETRIC_REPRESENTATION_CONTEXT() REPRESENTATION_CONTEXT('2D SPACE',''
  ) );
#2984 = PCURVE('',#2985,#2990);
#2985 = PLANE('',#2986);
#2986 = AXIS2_PLACEMENT_3D('',#2987,#2988,#2989);
#2987 = CARTESIAN_POINT('',(-15.15,-11.475,6.5));
#2988 = DIRECTION('',(0.,0.,1.));
#2989 = DIRECTION('',(1.,0.,0.));
#2990 = DEFINITIONAL_REPRESENTATION('',(#2991),#2994);
#2991 = B_SPLINE_CURVE_WITH_KNOTS('',1,(#2992,#2993),.UNSPECIFIED.,.F.,
  .F.,(2,2),(-30.4875,-30.23325131106),.PIECEWISE_BEZIER_KNOTS.);
#2992 = CARTESIAN_POINT('',(30.3,18.25));
#2993 = CARTESIAN_POINT('',(30.045751311065,18.25));
#2994 = ( GEOMETRIC_REPRESENTATION_CONTEXT(2) 
PARAMETRIC_REPRESENTATION_CONTEXT() REPRESENTATION_CONTEXT('2D SPACE',''
  ) );
#2995 = ORIENTED_EDGE('',*,*,#2996,.T.);
#2996 = EDGE_CURVE('',#2971,#2997,#2999,.T.);
#2997 = VERTEX_POINT('',#2998);
#2998 = CARTESIAN_POINT('',(14.895751311065,6.775,7.8));
#2999 = SURFACE_CURVE('',#3000,(#3004,#3010),.PCURVE_S1.);
#3000 = LINE('',#3001,#3002);
#3001 = CARTESIAN_POINT('',(14.895751311065,6.775,4.));
#3002 = VECTOR('',#3003,1.);
#3003 = DIRECTION('',(0.,0.,1.));
#3004 = PCURVE('',#1410,#3005);
#3005 = DEFINITIONAL_REPRESENTATION('',(#3006),#3009);
#3006 = B_SPLINE_CURVE_WITH_KNOTS('',1,(#3007,#3008),.UNSPECIFIED.,.F.,
  .F.,(2,2),(-6.E-07,3.8000006),.PIECEWISE_BEZIER_KNOTS.);
#3007 = CARTESIAN_POINT('',(-6.E-07,30.420751311065));
#3008 = CARTESIAN_POINT('',(3.8000006,30.420751311065));
#3009 = ( GEOMETRIC_REPRESENTATION_CONTEXT(2) 
PARAMETRIC_REPRESENTATION_CONTEXT() REPRESENTATION_CONTEXT('2D SPACE',''
  ) );
#3010 = PCURVE('',#1354,#3011);
#3011 = DEFINITIONAL_REPRESENTATION('',(#3012),#3015);
#3012 = B_SPLINE_CURVE_WITH_KNOTS('',1,(#3013,#3014),.UNSPECIFIED.,.F.,
  .F.,(2,2),(-6.E-07,3.8000006),.PIECEWISE_BEZIER_KNOTS.);
#3013 = CARTESIAN_POINT('',(5.685778890534,-6.E-07));
#3014 = CARTESIAN_POINT('',(5.685778890534,3.8000006));
#3015 = ( GEOMETRIC_REPRESENTATION_CONTEXT(2) 
PARAMETRIC_REPRESENTATION_CONTEXT() REPRESENTATION_CONTEXT('2D SPACE',''
  ) );
#3016 = ORIENTED_EDGE('',*,*,#3017,.T.);
#3017 = EDGE_CURVE('',#2997,#2900,#3018,.T.);
#3018 = SURFACE_CURVE('',#3019,(#3023,#3030),.PCURVE_S1.);
#3019 = LINE('',#3020,#3021);
#3020 = CARTESIAN_POINT('',(-15.525,6.775,7.8));
#3021 = VECTOR('',#3022,1.);
#3022 = DIRECTION('',(1.,0.,0.));
#3023 = PCURVE('',#1410,#3024);
#3024 = DEFINITIONAL_REPRESENTATION('',(#3025),#3029);
#3025 = LINE('',#3026,#3027);
#3026 = CARTESIAN_POINT('',(3.8,0.));
#3027 = VECTOR('',#3028,1.);
#3028 = DIRECTION('',(0.,1.));
#3029 = ( GEOMETRIC_REPRESENTATION_CONTEXT(2) 
PARAMETRIC_REPRESENTATION_CONTEXT() REPRESENTATION_CONTEXT('2D SPACE',''
  ) );
#3030 = PCURVE('',#2808,#3031);
#3031 = DEFINITIONAL_REPRESENTATION('',(#3032),#3036);
#3032 = LINE('',#3033,#3034);
#3033 = CARTESIAN_POINT('',(0.,13.55));
#3034 = VECTOR('',#3035,1.);
#3035 = DIRECTION('',(1.,0.));
#3036 = ( GEOMETRIC_REPRESENTATION_CONTEXT(2) 
PARAMETRIC_REPRESENTATION_CONTEXT() REPRESENTATION_CONTEXT('2D SPACE',''
  ) );
#3037 = ORIENTED_EDGE('',*,*,#2924,.F.);
#3038 = ADVANCED_FACE('',(#3039),#1382,.T.);
#3039 = FACE_BOUND('',#3040,.T.);
#3040 = EDGE_LOOP('',(#3041,#3064,#3065,#3066));
#3041 = ORIENTED_EDGE('',*,*,#3042,.F.);
#3042 = EDGE_CURVE('',#2950,#3043,#3045,.T.);
#3043 = VERTEX_POINT('',#3044);
#3044 = CARTESIAN_POINT('',(15.15,7.222225074153,6.5));
#3045 = SURFACE_CURVE('',#3046,(#3050,#3057),.PCURVE_S1.);
#3046 = LINE('',#3047,#3048);
#3047 = CARTESIAN_POINT('',(15.15,-11.475,6.5));
#3048 = VECTOR('',#3049,1.);
#3049 = DIRECTION('',(0.,1.,0.));
#3050 = PCURVE('',#1382,#3051);
#3051 = DEFINITIONAL_REPRESENTATION('',(#3052),#3056);
#3052 = LINE('',#3053,#3054);
#3053 = CARTESIAN_POINT('',(2.5,0.));
#3054 = VECTOR('',#3055,1.);
#3055 = DIRECTION('',(0.,-1.));
#3056 = ( GEOMETRIC_REPRESENTATION_CONTEXT(2) 
PARAMETRIC_REPRESENTATION_CONTEXT() REPRESENTATION_CONTEXT('2D SPACE',''
  ) );
#3057 = PCURVE('',#2985,#3058);
#3058 = DEFINITIONAL_REPRESENTATION('',(#3059),#3063);
#3059 = LINE('',#3060,#3061);
#3060 = CARTESIAN_POINT('',(30.3,0.));
#3061 = VECTOR('',#3062,1.);
#3062 = DIRECTION('',(0.,1.));
#3063 = ( GEOMETRIC_REPRESENTATION_CONTEXT(2) 
PARAMETRIC_REPRESENTATION_CONTEXT() REPRESENTATION_CONTEXT('2D SPACE',''
  ) );
#3064 = ORIENTED_EDGE('',*,*,#2949,.F.);
#3065 = ORIENTED_EDGE('',*,*,#1366,.T.);
#3066 = ORIENTED_EDGE('',*,*,#3067,.T.);
#3067 = EDGE_CURVE('',#1338,#3043,#3068,.T.);
#3068 = SURFACE_CURVE('',#3069,(#3073,#3079),.PCURVE_S1.);
#3069 = LINE('',#3070,#3071);
#3070 = CARTESIAN_POINT('',(15.15,7.222225074153,4.));
#3071 = VECTOR('',#3072,1.);
#3072 = DIRECTION('',(0.,0.,1.));
#3073 = PCURVE('',#1382,#3074);
#3074 = DEFINITIONAL_REPRESENTATION('',(#3075),#3078);
#3075 = B_SPLINE_CURVE_WITH_KNOTS('',1,(#3076,#3077),.UNSPECIFIED.,.F.,
  .F.,(2,2),(-5.999999999062E-07,2.5000006),.PIECEWISE_BEZIER_KNOTS.);
#3076 = CARTESIAN_POINT('',(-5.999999999062E-07,-18.69722507415));
#3077 = CARTESIAN_POINT('',(2.5000006,-18.69722507415));
#3078 = ( GEOMETRIC_REPRESENTATION_CONTEXT(2) 
PARAMETRIC_REPRESENTATION_CONTEXT() REPRESENTATION_CONTEXT('2D SPACE',''
  ) );
#3079 = PCURVE('',#1354,#3080);
#3080 = DEFINITIONAL_REPRESENTATION('',(#3081),#3084);
#3081 = B_SPLINE_CURVE_WITH_KNOTS('',1,(#3082,#3083),.UNSPECIFIED.,.F.,
  .F.,(2,2),(-5.999999999062E-07,2.5000006),.PIECEWISE_BEZIER_KNOTS.);
#3082 = CARTESIAN_POINT('',(5.846716278445,-5.999999999062E-07));
#3083 = CARTESIAN_POINT('',(5.846716278445,2.5000006));
#3084 = ( GEOMETRIC_REPRESENTATION_CONTEXT(2) 
PARAMETRIC_REPRESENTATION_CONTEXT() REPRESENTATION_CONTEXT('2D SPACE',''
  ) );
#3085 = ADVANCED_FACE('',(#3086),#1354,.F.);
#3086 = FACE_BOUND('',#3087,.F.);
#3087 = EDGE_LOOP('',(#3088,#3089,#3111,#3112,#3136,#3155));
#3088 = ORIENTED_EDGE('',*,*,#3067,.T.);
#3089 = ORIENTED_EDGE('',*,*,#3090,.F.);
#3090 = EDGE_CURVE('',#2971,#3043,#3091,.T.);
#3091 = SURFACE_CURVE('',#3092,(#3097,#3104),.PCURVE_S1.);
#3092 = CIRCLE('',#3093,3.2);
#3093 = AXIS2_PLACEMENT_3D('',#3094,#3095,#3096);
#3094 = CARTESIAN_POINT('',(12.25,8.575,6.5));
#3095 = DIRECTION('',(0.,0.,1.));
#3096 = DIRECTION('',(1.,0.,0.));
#3097 = PCURVE('',#1354,#3098);
#3098 = DEFINITIONAL_REPRESENTATION('',(#3099),#3103);
#3099 = LINE('',#3100,#3101);
#3100 = CARTESIAN_POINT('',(0.,2.5));
#3101 = VECTOR('',#3102,1.);
#3102 = DIRECTION('',(1.,0.));
#3103 = ( GEOMETRIC_REPRESENTATION_CONTEXT(2) 
PARAMETRIC_REPRESENTATION_CONTEXT() REPRESENTATION_CONTEXT('2D SPACE',''
  ) );
#3104 = PCURVE('',#2985,#3105);
#3105 = DEFINITIONAL_REPRESENTATION('',(#3106),#3110);
#3106 = CIRCLE('',#3107,3.2);
#3107 = AXIS2_PLACEMENT_2D('',#3108,#3109);
#3108 = CARTESIAN_POINT('',(27.4,20.05));
#3109 = DIRECTION('',(1.,0.));
#3110 = ( GEOMETRIC_REPRESENTATION_CONTEXT(2) 
PARAMETRIC_REPRESENTATION_CONTEXT() REPRESENTATION_CONTEXT('2D SPACE',''
  ) );
#3111 = ORIENTED_EDGE('',*,*,#2996,.T.);
#3112 = ORIENTED_EDGE('',*,*,#3113,.F.);
#3113 = EDGE_CURVE('',#3114,#2997,#3116,.T.);
#3114 = VERTEX_POINT('',#3115);
#3115 = CARTESIAN_POINT('',(13.363552872566,5.575,7.8));
#3116 = SURFACE_CURVE('',#3117,(#3122,#3129),.PCURVE_S1.);
#3117 = CIRCLE('',#3118,3.2);
#3118 = AXIS2_PLACEMENT_3D('',#3119,#3120,#3121);
#3119 = CARTESIAN_POINT('',(12.25,8.575,7.8));
#3120 = DIRECTION('',(0.,0.,1.));
#3121 = DIRECTION('',(1.,0.,0.));
#3122 = PCURVE('',#1354,#3123);
#3123 = DEFINITIONAL_REPRESENTATION('',(#3124),#3128);
#3124 = LINE('',#3125,#3126);
#3125 = CARTESIAN_POINT('',(0.,3.8));
#3126 = VECTOR('',#3127,1.);
#3127 = DIRECTION('',(1.,0.));
#3128 = ( GEOMETRIC_REPRESENTATION_CONTEXT(2) 
PARAMETRIC_REPRESENTATION_CONTEXT() REPRESENTATION_CONTEXT('2D SPACE',''
  ) );
#3129 = PCURVE('',#2808,#3130);
#3130 = DEFINITIONAL_REPRESENTATION('',(#3131),#3135);
#3131 = CIRCLE('',#3132,3.2);
#3132 = AXIS2_PLACEMENT_2D('',#3133,#3134);
#3133 = CARTESIAN_POINT('',(27.775,15.35));
#3134 = DIRECTION('',(1.,0.));
#3135 = ( GEOMETRIC_REPRESENTATION_CONTEXT(2) 
PARAMETRIC_REPRESENTATION_CONTEXT() REPRESENTATION_CONTEXT('2D SPACE',''
  ) );
#3136 = ORIENTED_EDGE('',*,*,#3137,.F.);
#3137 = EDGE_CURVE('',#1310,#3114,#3138,.T.);
#3138 = SURFACE_CURVE('',#3139,(#3143,#3149),.PCURVE_S1.);
#3139 = LINE('',#3140,#3141);
#3140 = CARTESIAN_POINT('',(13.363552872566,5.575,4.));
#3141 = VECTOR('',#3142,1.);
#3142 = DIRECTION('',(0.,0.,1.));
#3143 = PCURVE('',#1354,#3144);
#3144 = DEFINITIONAL_REPRESENTATION('',(#3145),#3148);
#3145 = B_SPLINE_CURVE_WITH_KNOTS('',1,(#3146,#3147),.UNSPECIFIED.,.F.,
  .F.,(2,2),(-6.E-07,3.8000006),.PIECEWISE_BEZIER_KNOTS.);
#3146 = CARTESIAN_POINT('',(5.067810182075,-6.E-07));
#3147 = CARTESIAN_POINT('',(5.067810182075,3.8000006));
#3148 = ( GEOMETRIC_REPRESENTATION_CONTEXT(2) 
PARAMETRIC_REPRESENTATION_CONTEXT() REPRESENTATION_CONTEXT('2D SPACE',''
  ) );
#3149 = PCURVE('',#1325,#3150);
#3150 = DEFINITIONAL_REPRESENTATION('',(#3151),#3154);
#3151 = B_SPLINE_CURVE_WITH_KNOTS('',1,(#3152,#3153),.UNSPECIFIED.,.F.,
  .F.,(2,2),(-6.E-07,3.8000006),.PIECEWISE_BEZIER_KNOTS.);
#3152 = CARTESIAN_POINT('',(-6.E-07,27.688552872566));
#3153 = CARTESIAN_POINT('',(3.8000006,27.688552872566));
#3154 = ( GEOMETRIC_REPRESENTATION_CONTEXT(2) 
PARAMETRIC_REPRESENTATION_CONTEXT() REPRESENTATION_CONTEXT('2D SPACE',''
  ) );
#3155 = ORIENTED_EDGE('',*,*,#1337,.T.);
#3156 = ADVANCED_FACE('',(#3157),#1325,.F.);
#3157 = FACE_BOUND('',#3158,.F.);
#3158 = EDGE_LOOP('',(#3159,#3160,#3161,#3184,#3207,#3234));
#3159 = ORIENTED_EDGE('',*,*,#1309,.F.);
#3160 = ORIENTED_EDGE('',*,*,#3137,.T.);
#3161 = ORIENTED_EDGE('',*,*,#3162,.T.);
#3162 = EDGE_CURVE('',#3114,#3163,#3165,.T.);
#3163 = VERTEX_POINT('',#3164);
#3164 = CARTESIAN_POINT('',(14.325,5.575,7.8));
#3165 = SURFACE_CURVE('',#3166,(#3170,#3177),.PCURVE_S1.);
#3166 = LINE('',#3167,#3168);
#3167 = CARTESIAN_POINT('',(-14.325,5.575,7.8));
#3168 = VECTOR('',#3169,1.);
#3169 = DIRECTION('',(1.,0.,0.));
#3170 = PCURVE('',#1325,#3171);
#3171 = DEFINITIONAL_REPRESENTATION('',(#3172),#3176);
#3172 = LINE('',#3173,#3174);
#3173 = CARTESIAN_POINT('',(3.8,0.));
#3174 = VECTOR('',#3175,1.);
#3175 = DIRECTION('',(0.,1.));
#3176 = ( GEOMETRIC_REPRESENTATION_CONTEXT(2) 
PARAMETRIC_REPRESENTATION_CONTEXT() REPRESENTATION_CONTEXT('2D SPACE',''
  ) );
#3177 = PCURVE('',#2808,#3178);
#3178 = DEFINITIONAL_REPRESENTATION('',(#3179),#3183);
#3179 = LINE('',#3180,#3181);
#3180 = CARTESIAN_POINT('',(1.2,12.35));
#3181 = VECTOR('',#3182,1.);
#3182 = DIRECTION('',(1.,0.));
#3183 = ( GEOMETRIC_REPRESENTATION_CONTEXT(2) 
PARAMETRIC_REPRESENTATION_CONTEXT() REPRESENTATION_CONTEXT('2D SPACE',''
  ) );
#3184 = ORIENTED_EDGE('',*,*,#3185,.F.);
#3185 = EDGE_CURVE('',#3186,#3163,#3188,.T.);
#3186 = VERTEX_POINT('',#3187);
#3187 = CARTESIAN_POINT('',(14.325,5.575,6.5));
#3188 = SURFACE_CURVE('',#3189,(#3193,#3200),.PCURVE_S1.);
#3189 = LINE('',#3190,#3191);
#3190 = CARTESIAN_POINT('',(14.325,5.575,4.));
#3191 = VECTOR('',#3192,1.);
#3192 = DIRECTION('',(0.,0.,1.));
#3193 = PCURVE('',#1325,#3194);
#3194 = DEFINITIONAL_REPRESENTATION('',(#3195),#3199);
#3195 = LINE('',#3196,#3197);
#3196 = CARTESIAN_POINT('',(0.,28.65));
#3197 = VECTOR('',#3198,1.);
#3198 = DIRECTION('',(1.,0.));
#3199 = ( GEOMETRIC_REPRESENTATION_CONTEXT(2) 
PARAMETRIC_REPRESENTATION_CONTEXT() REPRESENTATION_CONTEXT('2D SPACE',''
  ) );
#3200 = PCURVE('',#1129,#3201);
#3201 = DEFINITIONAL_REPRESENTATION('',(#3202),#3206);
#3202 = LINE('',#3203,#3204);
#3203 = CARTESIAN_POINT('',(0.,-11.15));
#3204 = VECTOR('',#3205,1.);
#3205 = DIRECTION('',(1.,0.));
#3206 = ( GEOMETRIC_REPRESENTATION_CONTEXT(2) 
PARAMETRIC_REPRESENTATION_CONTEXT() REPRESENTATION_CONTEXT('2D SPACE',''
  ) );
#3207 = ORIENTED_EDGE('',*,*,#3208,.T.);
#3208 = EDGE_CURVE('',#3186,#3209,#3211,.T.);
#3209 = VERTEX_POINT('',#3210);
#3210 = CARTESIAN_POINT('',(13.95,5.575,6.5));
#3211 = SURFACE_CURVE('',#3212,(#3216,#3222),.PCURVE_S1.);
#3212 = LINE('',#3213,#3214);
#3213 = CARTESIAN_POINT('',(-14.7375,5.575,6.5));
#3214 = VECTOR('',#3215,1.);
#3215 = DIRECTION('',(-1.,0.,0.));
#3216 = PCURVE('',#1325,#3217);
#3217 = DEFINITIONAL_REPRESENTATION('',(#3218),#3221);
#3218 = B_SPLINE_CURVE_WITH_KNOTS('',1,(#3219,#3220),.UNSPECIFIED.,.F.,
  .F.,(2,2),(-29.0625,-28.6875),.PIECEWISE_BEZIER_KNOTS.);
#3219 = CARTESIAN_POINT('',(2.5,28.65));
#3220 = CARTESIAN_POINT('',(2.5,28.275));
#3221 = ( GEOMETRIC_REPRESENTATION_CONTEXT(2) 
PARAMETRIC_REPRESENTATION_CONTEXT() REPRESENTATION_CONTEXT('2D SPACE',''
  ) );
#3222 = PCURVE('',#3223,#3228);
#3223 = PLANE('',#3224);
#3224 = AXIS2_PLACEMENT_3D('',#3225,#3226,#3227);
#3225 = CARTESIAN_POINT('',(-15.15,-11.475,6.5));
#3226 = DIRECTION('',(0.,0.,1.));
#3227 = DIRECTION('',(1.,0.,0.));
#3228 = DEFINITIONAL_REPRESENTATION('',(#3229),#3233);
#3229 = LINE('',#3230,#3231);
#3230 = CARTESIAN_POINT('',(0.4125,17.05));
#3231 = VECTOR('',#3232,1.);
#3232 = DIRECTION('',(-1.,0.));
#3233 = ( GEOMETRIC_REPRESENTATION_CONTEXT(2) 
PARAMETRIC_REPRESENTATION_CONTEXT() REPRESENTATION_CONTEXT('2D SPACE',''
  ) );
#3234 = ORIENTED_EDGE('',*,*,#3235,.F.);
#3235 = EDGE_CURVE('',#1282,#3209,#3236,.T.);
#3236 = SURFACE_CURVE('',#3237,(#3241,#3247),.PCURVE_S1.);
#3237 = LINE('',#3238,#3239);
#3238 = CARTESIAN_POINT('',(13.95,5.575,4.));
#3239 = VECTOR('',#3240,1.);
#3240 = DIRECTION('',(0.,0.,1.));
#3241 = PCURVE('',#1325,#3242);
#3242 = DEFINITIONAL_REPRESENTATION('',(#3243),#3246);
#3243 = B_SPLINE_CURVE_WITH_KNOTS('',1,(#3244,#3245),.UNSPECIFIED.,.F.,
  .F.,(2,2),(0.,2.5),.PIECEWISE_BEZIER_KNOTS.);
#3244 = CARTESIAN_POINT('',(0.,28.275));
#3245 = CARTESIAN_POINT('',(2.5,28.275));
#3246 = ( GEOMETRIC_REPRESENTATION_CONTEXT(2) 
PARAMETRIC_REPRESENTATION_CONTEXT() REPRESENTATION_CONTEXT('2D SPACE',''
  ) );
#3247 = PCURVE('',#1297,#3248);
#3248 = DEFINITIONAL_REPRESENTATION('',(#3249),#3252);
#3249 = B_SPLINE_CURVE_WITH_KNOTS('',1,(#3250,#3251),.UNSPECIFIED.,.F.,
  .F.,(2,2),(0.,2.5),.PIECEWISE_BEZIER_KNOTS.);
#3250 = CARTESIAN_POINT('',(0.,-15.85));
#3251 = CARTESIAN_POINT('',(2.5,-15.85));
#3252 = ( GEOMETRIC_REPRESENTATION_CONTEXT(2) 
PARAMETRIC_REPRESENTATION_CONTEXT() REPRESENTATION_CONTEXT('2D SPACE',''
  ) );
#3253 = ADVANCED_FACE('',(#3254),#1297,.F.);
#3254 = FACE_BOUND('',#3255,.F.);
#3255 = EDGE_LOOP('',(#3256,#3279,#3298,#3299));
#3256 = ORIENTED_EDGE('',*,*,#3257,.F.);
#3257 = EDGE_CURVE('',#3258,#3209,#3260,.T.);
#3258 = VERTEX_POINT('',#3259);
#3259 = CARTESIAN_POINT('',(13.95,5.5,6.5));
#3260 = SURFACE_CURVE('',#3261,(#3265,#3272),.PCURVE_S1.);
#3261 = LINE('',#3262,#3263);
#3262 = CARTESIAN_POINT('',(13.95,-10.275,6.5));
#3263 = VECTOR('',#3264,1.);
#3264 = DIRECTION('',(0.,1.,0.));
#3265 = PCURVE('',#1297,#3266);
#3266 = DEFINITIONAL_REPRESENTATION('',(#3267),#3271);
#3267 = LINE('',#3268,#3269);
#3268 = CARTESIAN_POINT('',(2.5,0.));
#3269 = VECTOR('',#3270,1.);
#3270 = DIRECTION('',(0.,-1.));
#3271 = ( GEOMETRIC_REPRESENTATION_CONTEXT(2) 
PARAMETRIC_REPRESENTATION_CONTEXT() REPRESENTATION_CONTEXT('2D SPACE',''
  ) );
#3272 = PCURVE('',#3223,#3273);
#3273 = DEFINITIONAL_REPRESENTATION('',(#3274),#3278);
#3274 = LINE('',#3275,#3276);
#3275 = CARTESIAN_POINT('',(29.1,1.2));
#3276 = VECTOR('',#3277,1.);
#3277 = DIRECTION('',(0.,1.));
#3278 = ( GEOMETRIC_REPRESENTATION_CONTEXT(2) 
PARAMETRIC_REPRESENTATION_CONTEXT() REPRESENTATION_CONTEXT('2D SPACE',''
  ) );
#3279 = ORIENTED_EDGE('',*,*,#3280,.F.);
#3280 = EDGE_CURVE('',#1254,#3258,#3281,.T.);
#3281 = SURFACE_CURVE('',#3282,(#3286,#3292),.PCURVE_S1.);
#3282 = LINE('',#3283,#3284);
#3283 = CARTESIAN_POINT('',(13.95,5.5,4.));
#3284 = VECTOR('',#3285,1.);
#3285 = DIRECTION('',(0.,0.,1.));
#3286 = PCURVE('',#1297,#3287);
#3287 = DEFINITIONAL_REPRESENTATION('',(#3288),#3291);
#3288 = B_SPLINE_CURVE_WITH_KNOTS('',1,(#3289,#3290),.UNSPECIFIED.,.F.,
  .F.,(2,2),(0.,2.5),.PIECEWISE_BEZIER_KNOTS.);
#3289 = CARTESIAN_POINT('',(0.,-15.775));
#3290 = CARTESIAN_POINT('',(2.5,-15.775));
#3291 = ( GEOMETRIC_REPRESENTATION_CONTEXT(2) 
PARAMETRIC_REPRESENTATION_CONTEXT() REPRESENTATION_CONTEXT('2D SPACE',''
  ) );
#3292 = PCURVE('',#1269,#3293);
#3293 = DEFINITIONAL_REPRESENTATION('',(#3294),#3297);
#3294 = B_SPLINE_CURVE_WITH_KNOTS('',1,(#3295,#3296),.UNSPECIFIED.,.F.,
  .F.,(2,2),(0.,2.5),.PIECEWISE_BEZIER_KNOTS.);
#3295 = CARTESIAN_POINT('',(0.,0.7));
#3296 = CARTESIAN_POINT('',(2.5,0.7));
#3297 = ( GEOMETRIC_REPRESENTATION_CONTEXT(2) 
PARAMETRIC_REPRESENTATION_CONTEXT() REPRESENTATION_CONTEXT('2D SPACE',''
  ) );
#3298 = ORIENTED_EDGE('',*,*,#1281,.T.);
#3299 = ORIENTED_EDGE('',*,*,#3235,.T.);
#3300 = ADVANCED_FACE('',(#3301),#1269,.T.);
#3301 = FACE_BOUND('',#3302,.T.);
#3302 = EDGE_LOOP('',(#3303,#3304,#3327,#3348));
#3303 = ORIENTED_EDGE('',*,*,#1253,.F.);
#3304 = ORIENTED_EDGE('',*,*,#3305,.T.);
#3305 = EDGE_CURVE('',#1226,#3306,#3308,.T.);
#3306 = VERTEX_POINT('',#3307);
#3307 = CARTESIAN_POINT('',(13.25,5.5,6.5));
#3308 = SURFACE_CURVE('',#3309,(#3313,#3320),.PCURVE_S1.);
#3309 = LINE('',#3310,#3311);
#3310 = CARTESIAN_POINT('',(13.25,5.5,4.));
#3311 = VECTOR('',#3312,1.);
#3312 = DIRECTION('',(0.,0.,1.));
#3313 = PCURVE('',#1269,#3314);
#3314 = DEFINITIONAL_REPRESENTATION('',(#3315),#3319);
#3315 = LINE('',#3316,#3317);
#3316 = CARTESIAN_POINT('',(0.,0.));
#3317 = VECTOR('',#3318,1.);
#3318 = DIRECTION('',(1.,0.));
#3319 = ( GEOMETRIC_REPRESENTATION_CONTEXT(2) 
PARAMETRIC_REPRESENTATION_CONTEXT() REPRESENTATION_CONTEXT('2D SPACE',''
  ) );
#3320 = PCURVE('',#1241,#3321);
#3321 = DEFINITIONAL_REPRESENTATION('',(#3322),#3326);
#3322 = LINE('',#3323,#3324);
#3323 = CARTESIAN_POINT('',(0.,-1.));
#3324 = VECTOR('',#3325,1.);
#3325 = DIRECTION('',(1.,0.));
#3326 = ( GEOMETRIC_REPRESENTATION_CONTEXT(2) 
PARAMETRIC_REPRESENTATION_CONTEXT() REPRESENTATION_CONTEXT('2D SPACE',''
  ) );
#3327 = ORIENTED_EDGE('',*,*,#3328,.T.);
#3328 = EDGE_CURVE('',#3306,#3258,#3329,.T.);
#3329 = SURFACE_CURVE('',#3330,(#3334,#3341),.PCURVE_S1.);
#3330 = LINE('',#3331,#3332);
#3331 = CARTESIAN_POINT('',(13.25,5.5,6.5));
#3332 = VECTOR('',#3333,1.);
#3333 = DIRECTION('',(1.,0.,0.));
#3334 = PCURVE('',#1269,#3335);
#3335 = DEFINITIONAL_REPRESENTATION('',(#3336),#3340);
#3336 = LINE('',#3337,#3338);
#3337 = CARTESIAN_POINT('',(2.5,0.));
#3338 = VECTOR('',#3339,1.);
#3339 = DIRECTION('',(0.,1.));
#3340 = ( GEOMETRIC_REPRESENTATION_CONTEXT(2) 
PARAMETRIC_REPRESENTATION_CONTEXT() REPRESENTATION_CONTEXT('2D SPACE',''
  ) );
#3341 = PCURVE('',#3223,#3342);
#3342 = DEFINITIONAL_REPRESENTATION('',(#3343),#3347);
#3343 = LINE('',#3344,#3345);
#3344 = CARTESIAN_POINT('',(28.4,16.975));
#3345 = VECTOR('',#3346,1.);
#3346 = DIRECTION('',(1.,0.));
#3347 = ( GEOMETRIC_REPRESENTATION_CONTEXT(2) 
PARAMETRIC_REPRESENTATION_CONTEXT() REPRESENTATION_CONTEXT('2D SPACE',''
  ) );
#3348 = ORIENTED_EDGE('',*,*,#3280,.F.);
#3349 = ADVANCED_FACE('',(#3350),#1241,.F.);
#3350 = FACE_BOUND('',#3351,.F.);
#3351 = EDGE_LOOP('',(#3352,#3375,#3376,#3377));
#3352 = ORIENTED_EDGE('',*,*,#3353,.F.);
#3353 = EDGE_CURVE('',#1198,#3354,#3356,.T.);
#3354 = VERTEX_POINT('',#3355);
#3355 = CARTESIAN_POINT('',(13.25,4.5,6.5));
#3356 = SURFACE_CURVE('',#3357,(#3361,#3368),.PCURVE_S1.);
#3357 = LINE('',#3358,#3359);
#3358 = CARTESIAN_POINT('',(13.25,4.5,4.));
#3359 = VECTOR('',#3360,1.);
#3360 = DIRECTION('',(0.,0.,1.));
#3361 = PCURVE('',#1241,#3362);
#3362 = DEFINITIONAL_REPRESENTATION('',(#3363),#3367);
#3363 = LINE('',#3364,#3365);
#3364 = CARTESIAN_POINT('',(0.,0.));
#3365 = VECTOR('',#3366,1.);
#3366 = DIRECTION('',(1.,0.));
#3367 = ( GEOMETRIC_REPRESENTATION_CONTEXT(2) 
PARAMETRIC_REPRESENTATION_CONTEXT() REPRESENTATION_CONTEXT('2D SPACE',''
  ) );
#3368 = PCURVE('',#1213,#3369);
#3369 = DEFINITIONAL_REPRESENTATION('',(#3370),#3374);
#3370 = LINE('',#3371,#3372);
#3371 = CARTESIAN_POINT('',(0.,0.));
#3372 = VECTOR('',#3373,1.);
#3373 = DIRECTION('',(1.,0.));
#3374 = ( GEOMETRIC_REPRESENTATION_CONTEXT(2) 
PARAMETRIC_REPRESENTATION_CONTEXT() REPRESENTATION_CONTEXT('2D SPACE',''
  ) );
#3375 = ORIENTED_EDGE('',*,*,#1225,.T.);
#3376 = ORIENTED_EDGE('',*,*,#3305,.T.);
#3377 = ORIENTED_EDGE('',*,*,#3378,.F.);
#3378 = EDGE_CURVE('',#3354,#3306,#3379,.T.);
#3379 = SURFACE_CURVE('',#3380,(#3384,#3391),.PCURVE_S1.);
#3380 = LINE('',#3381,#3382);
#3381 = CARTESIAN_POINT('',(13.25,4.5,6.5));
#3382 = VECTOR('',#3383,1.);
#3383 = DIRECTION('',(0.,1.,0.));
#3384 = PCURVE('',#1241,#3385);
#3385 = DEFINITIONAL_REPRESENTATION('',(#3386),#3390);
#3386 = LINE('',#3387,#3388);
#3387 = CARTESIAN_POINT('',(2.5,0.));
#3388 = VECTOR('',#3389,1.);
#3389 = DIRECTION('',(0.,-1.));
#3390 = ( GEOMETRIC_REPRESENTATION_CONTEXT(2) 
PARAMETRIC_REPRESENTATION_CONTEXT() REPRESENTATION_CONTEXT('2D SPACE',''
  ) );
#3391 = PCURVE('',#3223,#3392);
#3392 = DEFINITIONAL_REPRESENTATION('',(#3393),#3397);
#3393 = LINE('',#3394,#3395);
#3394 = CARTESIAN_POINT('',(28.4,15.975));
#3395 = VECTOR('',#3396,1.);
#3396 = DIRECTION('',(0.,1.));
#3397 = ( GEOMETRIC_REPRESENTATION_CONTEXT(2) 
PARAMETRIC_REPRESENTATION_CONTEXT() REPRESENTATION_CONTEXT('2D SPACE',''
  ) );
#3398 = ADVANCED_FACE('',(#3399),#1213,.F.);
#3399 = FACE_BOUND('',#3400,.F.);
#3400 = EDGE_LOOP('',(#3401,#3402,#3403,#3426));
#3401 = ORIENTED_EDGE('',*,*,#1197,.F.);
#3402 = ORIENTED_EDGE('',*,*,#3353,.T.);
#3403 = ORIENTED_EDGE('',*,*,#3404,.T.);
#3404 = EDGE_CURVE('',#3354,#3405,#3407,.T.);
#3405 = VERTEX_POINT('',#3406);
#3406 = CARTESIAN_POINT('',(13.95,4.5,6.5));
#3407 = SURFACE_CURVE('',#3408,(#3412,#3419),.PCURVE_S1.);
#3408 = LINE('',#3409,#3410);
#3409 = CARTESIAN_POINT('',(13.25,4.5,6.5));
#3410 = VECTOR('',#3411,1.);
#3411 = DIRECTION('',(1.,0.,0.));
#3412 = PCURVE('',#1213,#3413);
#3413 = DEFINITIONAL_REPRESENTATION('',(#3414),#3418);
#3414 = LINE('',#3415,#3416);
#3415 = CARTESIAN_POINT('',(2.5,0.));
#3416 = VECTOR('',#3417,1.);
#3417 = DIRECTION('',(0.,1.));
#3418 = ( GEOMETRIC_REPRESENTATION_CONTEXT(2) 
PARAMETRIC_REPRESENTATION_CONTEXT() REPRESENTATION_CONTEXT('2D SPACE',''
  ) );
#3419 = PCURVE('',#3223,#3420);
#3420 = DEFINITIONAL_REPRESENTATION('',(#3421),#3425);
#3421 = LINE('',#3422,#3423);
#3422 = CARTESIAN_POINT('',(28.4,15.975));
#3423 = VECTOR('',#3424,1.);
#3424 = DIRECTION('',(1.,0.));
#3425 = ( GEOMETRIC_REPRESENTATION_CONTEXT(2) 
PARAMETRIC_REPRESENTATION_CONTEXT() REPRESENTATION_CONTEXT('2D SPACE',''
  ) );
#3426 = ORIENTED_EDGE('',*,*,#3427,.F.);
#3427 = EDGE_CURVE('',#1170,#3405,#3428,.T.);
#3428 = SURFACE_CURVE('',#3429,(#3433,#3439),.PCURVE_S1.);
#3429 = LINE('',#3430,#3431);
#3430 = CARTESIAN_POINT('',(13.95,4.5,4.));
#3431 = VECTOR('',#3432,1.);
#3432 = DIRECTION('',(0.,0.,1.));
#3433 = PCURVE('',#1213,#3434);
#3434 = DEFINITIONAL_REPRESENTATION('',(#3435),#3438);
#3435 = B_SPLINE_CURVE_WITH_KNOTS('',1,(#3436,#3437),.UNSPECIFIED.,.F.,
  .F.,(2,2),(0.,2.5),.PIECEWISE_BEZIER_KNOTS.);
#3436 = CARTESIAN_POINT('',(0.,0.7));
#3437 = CARTESIAN_POINT('',(2.5,0.7));
#3438 = ( GEOMETRIC_REPRESENTATION_CONTEXT(2) 
PARAMETRIC_REPRESENTATION_CONTEXT() REPRESENTATION_CONTEXT('2D SPACE',''
  ) );
#3439 = PCURVE('',#1185,#3440);
#3440 = DEFINITIONAL_REPRESENTATION('',(#3441),#3444);
#3441 = B_SPLINE_CURVE_WITH_KNOTS('',1,(#3442,#3443),.UNSPECIFIED.,.F.,
  .F.,(2,2),(0.,2.5),.PIECEWISE_BEZIER_KNOTS.);
#3442 = CARTESIAN_POINT('',(0.,-14.775));
#3443 = CARTESIAN_POINT('',(2.5,-14.775));
#3444 = ( GEOMETRIC_REPRESENTATION_CONTEXT(2) 
PARAMETRIC_REPRESENTATION_CONTEXT() REPRESENTATION_CONTEXT('2D SPACE',''
  ) );
#3445 = ADVANCED_FACE('',(#3446),#1185,.F.);
#3446 = FACE_BOUND('',#3447,.F.);
#3447 = EDGE_LOOP('',(#3448,#3471,#3490,#3491));
#3448 = ORIENTED_EDGE('',*,*,#3449,.F.);
#3449 = EDGE_CURVE('',#3450,#3405,#3452,.T.);
#3450 = VERTEX_POINT('',#3451);
#3451 = CARTESIAN_POINT('',(13.95,3.5,6.5));
#3452 = SURFACE_CURVE('',#3453,(#3457,#3464),.PCURVE_S1.);
#3453 = LINE('',#3454,#3455);
#3454 = CARTESIAN_POINT('',(13.95,-10.275,6.5));
#3455 = VECTOR('',#3456,1.);
#3456 = DIRECTION('',(0.,1.,0.));
#3457 = PCURVE('',#1185,#3458);
#3458 = DEFINITIONAL_REPRESENTATION('',(#3459),#3463);
#3459 = LINE('',#3460,#3461);
#3460 = CARTESIAN_POINT('',(2.5,0.));
#3461 = VECTOR('',#3462,1.);
#3462 = DIRECTION('',(0.,-1.));
#3463 = ( GEOMETRIC_REPRESENTATION_CONTEXT(2) 
PARAMETRIC_REPRESENTATION_CONTEXT() REPRESENTATION_CONTEXT('2D SPACE',''
  ) );
#3464 = PCURVE('',#3223,#3465);
#3465 = DEFINITIONAL_REPRESENTATION('',(#3466),#3470);
#3466 = LINE('',#3467,#3468);
#3467 = CARTESIAN_POINT('',(29.1,1.2));
#3468 = VECTOR('',#3469,1.);
#3469 = DIRECTION('',(0.,1.));
#3470 = ( GEOMETRIC_REPRESENTATION_CONTEXT(2) 
PARAMETRIC_REPRESENTATION_CONTEXT() REPRESENTATION_CONTEXT('2D SPACE',''
  ) );
#3471 = ORIENTED_EDGE('',*,*,#3472,.F.);
#3472 = EDGE_CURVE('',#1142,#3450,#3473,.T.);
#3473 = SURFACE_CURVE('',#3474,(#3478,#3484),.PCURVE_S1.);
#3474 = LINE('',#3475,#3476);
#3475 = CARTESIAN_POINT('',(13.95,3.5,4.));
#3476 = VECTOR('',#3477,1.);
#3477 = DIRECTION('',(0.,0.,1.));
#3478 = PCURVE('',#1185,#3479);
#3479 = DEFINITIONAL_REPRESENTATION('',(#3480),#3483);
#3480 = B_SPLINE_CURVE_WITH_KNOTS('',1,(#3481,#3482),.UNSPECIFIED.,.F.,
  .F.,(2,2),(0.,2.5),.PIECEWISE_BEZIER_KNOTS.);
#3481 = CARTESIAN_POINT('',(0.,-13.775));
#3482 = CARTESIAN_POINT('',(2.5,-13.775));
#3483 = ( GEOMETRIC_REPRESENTATION_CONTEXT(2) 
PARAMETRIC_REPRESENTATION_CONTEXT() REPRESENTATION_CONTEXT('2D SPACE',''
  ) );
#3484 = PCURVE('',#1157,#3485);
#3485 = DEFINITIONAL_REPRESENTATION('',(#3486),#3489);
#3486 = B_SPLINE_CURVE_WITH_KNOTS('',1,(#3487,#3488),.UNSPECIFIED.,.F.,
  .F.,(2,2),(0.,2.5),.PIECEWISE_BEZIER_KNOTS.);
#3487 = CARTESIAN_POINT('',(0.,1.9));
#3488 = CARTESIAN_POINT('',(2.5,1.9));
#3489 = ( GEOMETRIC_REPRESENTATION_CONTEXT(2) 
PARAMETRIC_REPRESENTATION_CONTEXT() REPRESENTATION_CONTEXT('2D SPACE',''
  ) );
#3490 = ORIENTED_EDGE('',*,*,#1169,.T.);
#3491 = ORIENTED_EDGE('',*,*,#3427,.T.);
#3492 = ADVANCED_FACE('',(#3493),#1157,.F.);
#3493 = FACE_BOUND('',#3494,.F.);
#3494 = EDGE_LOOP('',(#3495,#3496,#3497,#3519));
#3495 = ORIENTED_EDGE('',*,*,#1141,.F.);
#3496 = ORIENTED_EDGE('',*,*,#3472,.T.);
#3497 = ORIENTED_EDGE('',*,*,#3498,.F.);
#3498 = EDGE_CURVE('',#3499,#3450,#3501,.T.);
#3499 = VERTEX_POINT('',#3500);
#3500 = CARTESIAN_POINT('',(14.325,3.5,6.5));
#3501 = SURFACE_CURVE('',#3502,(#3506,#3512),.PCURVE_S1.);
#3502 = LINE('',#3503,#3504);
#3503 = CARTESIAN_POINT('',(-1.55,3.5,6.5));
#3504 = VECTOR('',#3505,1.);
#3505 = DIRECTION('',(-1.,0.,0.));
#3506 = PCURVE('',#1157,#3507);
#3507 = DEFINITIONAL_REPRESENTATION('',(#3508),#3511);
#3508 = B_SPLINE_CURVE_WITH_KNOTS('',1,(#3509,#3510),.UNSPECIFIED.,.F.,
  .F.,(2,2),(-16.7,-15.5),.PIECEWISE_BEZIER_KNOTS.);
#3509 = CARTESIAN_POINT('',(2.5,3.1));
#3510 = CARTESIAN_POINT('',(2.5,1.9));
#3511 = ( GEOMETRIC_REPRESENTATION_CONTEXT(2) 
PARAMETRIC_REPRESENTATION_CONTEXT() REPRESENTATION_CONTEXT('2D SPACE',''
  ) );
#3512 = PCURVE('',#3223,#3513);
#3513 = DEFINITIONAL_REPRESENTATION('',(#3514),#3518);
#3514 = LINE('',#3515,#3516);
#3515 = CARTESIAN_POINT('',(13.6,14.975));
#3516 = VECTOR('',#3517,1.);
#3517 = DIRECTION('',(-1.,0.));
#3518 = ( GEOMETRIC_REPRESENTATION_CONTEXT(2) 
PARAMETRIC_REPRESENTATION_CONTEXT() REPRESENTATION_CONTEXT('2D SPACE',''
  ) );
#3519 = ORIENTED_EDGE('',*,*,#3520,.T.);
#3520 = EDGE_CURVE('',#3499,#1114,#3521,.T.);
#3521 = SURFACE_CURVE('',#3522,(#3526,#3532),.PCURVE_S1.);
#3522 = LINE('',#3523,#3524);
#3523 = CARTESIAN_POINT('',(14.325,3.5,4.));
#3524 = VECTOR('',#3525,1.);
#3525 = DIRECTION('',(0.,0.,-1.));
#3526 = PCURVE('',#1157,#3527);
#3527 = DEFINITIONAL_REPRESENTATION('',(#3528),#3531);
#3528 = B_SPLINE_CURVE_WITH_KNOTS('',1,(#3529,#3530),.UNSPECIFIED.,.F.,
  .F.,(2,2),(-2.5,0.),.PIECEWISE_BEZIER_KNOTS.);
#3529 = CARTESIAN_POINT('',(2.5,2.275));
#3530 = CARTESIAN_POINT('',(0.,2.275));
#3531 = ( GEOMETRIC_REPRESENTATION_CONTEXT(2) 
PARAMETRIC_REPRESENTATION_CONTEXT() REPRESENTATION_CONTEXT('2D SPACE',''
  ) );
#3532 = PCURVE('',#1129,#3533);
#3533 = DEFINITIONAL_REPRESENTATION('',(#3534),#3537);
#3534 = B_SPLINE_CURVE_WITH_KNOTS('',1,(#3535,#3536),.UNSPECIFIED.,.F.,
  .F.,(2,2),(-2.5,0.),.PIECEWISE_BEZIER_KNOTS.);
#3535 = CARTESIAN_POINT('',(2.5,-9.075));
#3536 = CARTESIAN_POINT('',(0.,-9.075));
#3537 = ( GEOMETRIC_REPRESENTATION_CONTEXT(2) 
PARAMETRIC_REPRESENTATION_CONTEXT() REPRESENTATION_CONTEXT('2D SPACE',''
  ) );
#3538 = ADVANCED_FACE('',(#3539),#1129,.F.);
#3539 = FACE_BOUND('',#3540,.F.);
#3540 = EDGE_LOOP('',(#3541,#3566,#3593,#3612,#3613,#3614,#3634,#3635));
#3541 = ORIENTED_EDGE('',*,*,#3542,.F.);
#3542 = EDGE_CURVE('',#3543,#3545,#3547,.T.);
#3543 = VERTEX_POINT('',#3544);
#3544 = CARTESIAN_POINT('',(14.325,-5.575,6.5));
#3545 = VERTEX_POINT('',#3546);
#3546 = CARTESIAN_POINT('',(14.325,-5.575,7.8));
#3547 = SURFACE_CURVE('',#3548,(#3552,#3559),.PCURVE_S1.);
#3548 = LINE('',#3549,#3550);
#3549 = CARTESIAN_POINT('',(14.325,-5.575,4.));
#3550 = VECTOR('',#3551,1.);
#3551 = DIRECTION('',(0.,0.,1.));
#3552 = PCURVE('',#1129,#3553);
#3553 = DEFINITIONAL_REPRESENTATION('',(#3554),#3558);
#3554 = LINE('',#3555,#3556);
#3555 = CARTESIAN_POINT('',(0.,0.));
#3556 = VECTOR('',#3557,1.);
#3557 = DIRECTION('',(1.,0.));
#3558 = ( GEOMETRIC_REPRESENTATION_CONTEXT(2) 
PARAMETRIC_REPRESENTATION_CONTEXT() REPRESENTATION_CONTEXT('2D SPACE',''
  ) );
#3559 = PCURVE('',#933,#3560);
#3560 = DEFINITIONAL_REPRESENTATION('',(#3561),#3565);
#3561 = LINE('',#3562,#3563);
#3562 = CARTESIAN_POINT('',(0.,28.65));
#3563 = VECTOR('',#3564,1.);
#3564 = DIRECTION('',(1.,0.));
#3565 = ( GEOMETRIC_REPRESENTATION_CONTEXT(2) 
PARAMETRIC_REPRESENTATION_CONTEXT() REPRESENTATION_CONTEXT('2D SPACE',''
  ) );
#3566 = ORIENTED_EDGE('',*,*,#3567,.T.);
#3567 = EDGE_CURVE('',#3543,#3568,#3570,.T.);
#3568 = VERTEX_POINT('',#3569);
#3569 = CARTESIAN_POINT('',(14.325,-3.5,6.5));
#3570 = SURFACE_CURVE('',#3571,(#3575,#3581),.PCURVE_S1.);
#3571 = LINE('',#3572,#3573);
#3572 = CARTESIAN_POINT('',(14.325,-8.525,6.5));
#3573 = VECTOR('',#3574,1.);
#3574 = DIRECTION('',(0.,1.,0.));
#3575 = PCURVE('',#1129,#3576);
#3576 = DEFINITIONAL_REPRESENTATION('',(#3577),#3580);
#3577 = B_SPLINE_CURVE_WITH_KNOTS('',1,(#3578,#3579),.UNSPECIFIED.,.F.,
  .F.,(2,2),(2.95,5.025),.PIECEWISE_BEZIER_KNOTS.);
#3578 = CARTESIAN_POINT('',(2.5,0.));
#3579 = CARTESIAN_POINT('',(2.5,-2.075));
#3580 = ( GEOMETRIC_REPRESENTATION_CONTEXT(2) 
PARAMETRIC_REPRESENTATION_CONTEXT() REPRESENTATION_CONTEXT('2D SPACE',''
  ) );
#3581 = PCURVE('',#3582,#3587);
#3582 = PLANE('',#3583);
#3583 = AXIS2_PLACEMENT_3D('',#3584,#3585,#3586);
#3584 = CARTESIAN_POINT('',(13.25,-5.5,6.5));
#3585 = DIRECTION('',(0.,0.,1.));
#3586 = DIRECTION('',(1.,0.,0.));
#3587 = DEFINITIONAL_REPRESENTATION('',(#3588),#3592);
#3588 = LINE('',#3589,#3590);
#3589 = CARTESIAN_POINT('',(1.075,-3.025));
#3590 = VECTOR('',#3591,1.);
#3591 = DIRECTION('',(0.,1.));
#3592 = ( GEOMETRIC_REPRESENTATION_CONTEXT(2) 
PARAMETRIC_REPRESENTATION_CONTEXT() REPRESENTATION_CONTEXT('2D SPACE',''
  ) );
#3593 = ORIENTED_EDGE('',*,*,#3594,.T.);
#3594 = EDGE_CURVE('',#3568,#1086,#3595,.T.);
#3595 = SURFACE_CURVE('',#3596,(#3600,#3606),.PCURVE_S1.);
#3596 = LINE('',#3597,#3598);
#3597 = CARTESIAN_POINT('',(14.325,-3.5,4.));
#3598 = VECTOR('',#3599,1.);
#3599 = DIRECTION('',(0.,0.,-1.));
#3600 = PCURVE('',#1129,#3601);
#3601 = DEFINITIONAL_REPRESENTATION('',(#3602),#3605);
#3602 = B_SPLINE_CURVE_WITH_KNOTS('',1,(#3603,#3604),.UNSPECIFIED.,.F.,
  .F.,(2,2),(-2.5,0.),.PIECEWISE_BEZIER_KNOTS.);
#3603 = CARTESIAN_POINT('',(2.5,-2.075));
#3604 = CARTESIAN_POINT('',(0.,-2.075));
#3605 = ( GEOMETRIC_REPRESENTATION_CONTEXT(2) 
PARAMETRIC_REPRESENTATION_CONTEXT() REPRESENTATION_CONTEXT('2D SPACE',''
  ) );
#3606 = PCURVE('',#1101,#3607);
#3607 = DEFINITIONAL_REPRESENTATION('',(#3608),#3611);
#3608 = B_SPLINE_CURVE_WITH_KNOTS('',1,(#3609,#3610),.UNSPECIFIED.,.F.,
  .F.,(2,2),(-2.5,0.),.PIECEWISE_BEZIER_KNOTS.);
#3609 = CARTESIAN_POINT('',(2.5,2.275));
#3610 = CARTESIAN_POINT('',(0.,2.275));
#3611 = ( GEOMETRIC_REPRESENTATION_CONTEXT(2) 
PARAMETRIC_REPRESENTATION_CONTEXT() REPRESENTATION_CONTEXT('2D SPACE',''
  ) );
#3612 = ORIENTED_EDGE('',*,*,#1113,.T.);
#3613 = ORIENTED_EDGE('',*,*,#3520,.F.);
#3614 = ORIENTED_EDGE('',*,*,#3615,.T.);
#3615 = EDGE_CURVE('',#3499,#3186,#3616,.T.);
#3616 = SURFACE_CURVE('',#3617,(#3621,#3627),.PCURVE_S1.);
#3617 = LINE('',#3618,#3619);
#3618 = CARTESIAN_POINT('',(14.325,-8.525,6.5));
#3619 = VECTOR('',#3620,1.);
#3620 = DIRECTION('',(0.,1.,0.));
#3621 = PCURVE('',#1129,#3622);
#3622 = DEFINITIONAL_REPRESENTATION('',(#3623),#3626);
#3623 = B_SPLINE_CURVE_WITH_KNOTS('',1,(#3624,#3625),.UNSPECIFIED.,.F.,
  .F.,(2,2),(12.025,14.1),.PIECEWISE_BEZIER_KNOTS.);
#3624 = CARTESIAN_POINT('',(2.5,-9.075));
#3625 = CARTESIAN_POINT('',(2.5,-11.15));
#3626 = ( GEOMETRIC_REPRESENTATION_CONTEXT(2) 
PARAMETRIC_REPRESENTATION_CONTEXT() REPRESENTATION_CONTEXT('2D SPACE',''
  ) );
#3627 = PCURVE('',#3223,#3628);
#3628 = DEFINITIONAL_REPRESENTATION('',(#3629),#3633);
#3629 = LINE('',#3630,#3631);
#3630 = CARTESIAN_POINT('',(29.475,2.95));
#3631 = VECTOR('',#3632,1.);
#3632 = DIRECTION('',(0.,1.));
#3633 = ( GEOMETRIC_REPRESENTATION_CONTEXT(2) 
PARAMETRIC_REPRESENTATION_CONTEXT() REPRESENTATION_CONTEXT('2D SPACE',''
  ) );
#3634 = ORIENTED_EDGE('',*,*,#3185,.T.);
#3635 = ORIENTED_EDGE('',*,*,#3636,.F.);
#3636 = EDGE_CURVE('',#3545,#3163,#3637,.T.);
#3637 = SURFACE_CURVE('',#3638,(#3642,#3649),.PCURVE_S1.);
#3638 = LINE('',#3639,#3640);
#3639 = CARTESIAN_POINT('',(14.325,-5.575,7.8));
#3640 = VECTOR('',#3641,1.);
#3641 = DIRECTION('',(0.,1.,0.));
#3642 = PCURVE('',#1129,#3643);
#3643 = DEFINITIONAL_REPRESENTATION('',(#3644),#3648);
#3644 = LINE('',#3645,#3646);
#3645 = CARTESIAN_POINT('',(3.8,0.));
#3646 = VECTOR('',#3647,1.);
#3647 = DIRECTION('',(0.,-1.));
#3648 = ( GEOMETRIC_REPRESENTATION_CONTEXT(2) 
PARAMETRIC_REPRESENTATION_CONTEXT() REPRESENTATION_CONTEXT('2D SPACE',''
  ) );
#3649 = PCURVE('',#2808,#3650);
#3650 = DEFINITIONAL_REPRESENTATION('',(#3651),#3655);
#3651 = LINE('',#3652,#3653);
#3652 = CARTESIAN_POINT('',(29.85,1.2));
#3653 = VECTOR('',#3654,1.);
#3654 = DIRECTION('',(0.,1.));
#3655 = ( GEOMETRIC_REPRESENTATION_CONTEXT(2) 
PARAMETRIC_REPRESENTATION_CONTEXT() REPRESENTATION_CONTEXT('2D SPACE',''
  ) );
#3656 = ADVANCED_FACE('',(#3657),#1101,.T.);
#3657 = FACE_BOUND('',#3658,.T.);
#3658 = EDGE_LOOP('',(#3659,#3660,#3681,#3701));
#3659 = ORIENTED_EDGE('',*,*,#1085,.F.);
#3660 = ORIENTED_EDGE('',*,*,#3661,.T.);
#3661 = EDGE_CURVE('',#1058,#3662,#3664,.T.);
#3662 = VERTEX_POINT('',#3663);
#3663 = CARTESIAN_POINT('',(13.95,-3.5,6.5));
#3664 = SURFACE_CURVE('',#3665,(#3669,#3675),.PCURVE_S1.);
#3665 = LINE('',#3666,#3667);
#3666 = CARTESIAN_POINT('',(13.95,-3.5,4.));
#3667 = VECTOR('',#3668,1.);
#3668 = DIRECTION('',(0.,0.,1.));
#3669 = PCURVE('',#1101,#3670);
#3670 = DEFINITIONAL_REPRESENTATION('',(#3671),#3674);
#3671 = B_SPLINE_CURVE_WITH_KNOTS('',1,(#3672,#3673),.UNSPECIFIED.,.F.,
  .F.,(2,2),(0.,2.5),.PIECEWISE_BEZIER_KNOTS.);
#3672 = CARTESIAN_POINT('',(0.,1.9));
#3673 = CARTESIAN_POINT('',(2.5,1.9));
#3674 = ( GEOMETRIC_REPRESENTATION_CONTEXT(2) 
PARAMETRIC_REPRESENTATION_CONTEXT() REPRESENTATION_CONTEXT('2D SPACE',''
  ) );
#3675 = PCURVE('',#1073,#3676);
#3676 = DEFINITIONAL_REPRESENTATION('',(#3677),#3680);
#3677 = B_SPLINE_CURVE_WITH_KNOTS('',1,(#3678,#3679),.UNSPECIFIED.,.F.,
  .F.,(2,2),(0.,2.5),.PIECEWISE_BEZIER_KNOTS.);
#3678 = CARTESIAN_POINT('',(0.,-6.775));
#3679 = CARTESIAN_POINT('',(2.5,-6.775));
#3680 = ( GEOMETRIC_REPRESENTATION_CONTEXT(2) 
PARAMETRIC_REPRESENTATION_CONTEXT() REPRESENTATION_CONTEXT('2D SPACE',''
  ) );
#3681 = ORIENTED_EDGE('',*,*,#3682,.F.);
#3682 = EDGE_CURVE('',#3568,#3662,#3683,.T.);
#3683 = SURFACE_CURVE('',#3684,(#3688,#3694),.PCURVE_S1.);
#3684 = LINE('',#3685,#3686);
#3685 = CARTESIAN_POINT('',(-1.55,-3.5,6.5));
#3686 = VECTOR('',#3687,1.);
#3687 = DIRECTION('',(-1.,0.,0.));
#3688 = PCURVE('',#1101,#3689);
#3689 = DEFINITIONAL_REPRESENTATION('',(#3690),#3693);
#3690 = B_SPLINE_CURVE_WITH_KNOTS('',1,(#3691,#3692),.UNSPECIFIED.,.F.,
  .F.,(2,2),(-16.7,-15.5),.PIECEWISE_BEZIER_KNOTS.);
#3691 = CARTESIAN_POINT('',(2.5,3.1));
#3692 = CARTESIAN_POINT('',(2.5,1.9));
#3693 = ( GEOMETRIC_REPRESENTATION_CONTEXT(2) 
PARAMETRIC_REPRESENTATION_CONTEXT() REPRESENTATION_CONTEXT('2D SPACE',''
  ) );
#3694 = PCURVE('',#3582,#3695);
#3695 = DEFINITIONAL_REPRESENTATION('',(#3696),#3700);
#3696 = LINE('',#3697,#3698);
#3697 = CARTESIAN_POINT('',(-14.8,2.));
#3698 = VECTOR('',#3699,1.);
#3699 = DIRECTION('',(-1.,0.));
#3700 = ( GEOMETRIC_REPRESENTATION_CONTEXT(2) 
PARAMETRIC_REPRESENTATION_CONTEXT() REPRESENTATION_CONTEXT('2D SPACE',''
  ) );
#3701 = ORIENTED_EDGE('',*,*,#3594,.T.);
#3702 = ADVANCED_FACE('',(#3703),#1073,.F.);
#3703 = FACE_BOUND('',#3704,.F.);
#3704 = EDGE_LOOP('',(#3705,#3728,#3747,#3748));
#3705 = ORIENTED_EDGE('',*,*,#3706,.F.);
#3706 = EDGE_CURVE('',#3707,#3662,#3709,.T.);
#3707 = VERTEX_POINT('',#3708);
#3708 = CARTESIAN_POINT('',(13.95,-4.5,6.5));
#3709 = SURFACE_CURVE('',#3710,(#3714,#3721),.PCURVE_S1.);
#3710 = LINE('',#3711,#3712);
#3711 = CARTESIAN_POINT('',(13.95,-10.275,6.5));
#3712 = VECTOR('',#3713,1.);
#3713 = DIRECTION('',(0.,1.,0.));
#3714 = PCURVE('',#1073,#3715);
#3715 = DEFINITIONAL_REPRESENTATION('',(#3716),#3720);
#3716 = LINE('',#3717,#3718);
#3717 = CARTESIAN_POINT('',(2.5,0.));
#3718 = VECTOR('',#3719,1.);
#3719 = DIRECTION('',(0.,-1.));
#3720 = ( GEOMETRIC_REPRESENTATION_CONTEXT(2) 
PARAMETRIC_REPRESENTATION_CONTEXT() REPRESENTATION_CONTEXT('2D SPACE',''
  ) );
#3721 = PCURVE('',#3582,#3722);
#3722 = DEFINITIONAL_REPRESENTATION('',(#3723),#3727);
#3723 = LINE('',#3724,#3725);
#3724 = CARTESIAN_POINT('',(0.7,-4.775));
#3725 = VECTOR('',#3726,1.);
#3726 = DIRECTION('',(0.,1.));
#3727 = ( GEOMETRIC_REPRESENTATION_CONTEXT(2) 
PARAMETRIC_REPRESENTATION_CONTEXT() REPRESENTATION_CONTEXT('2D SPACE',''
  ) );
#3728 = ORIENTED_EDGE('',*,*,#3729,.F.);
#3729 = EDGE_CURVE('',#1030,#3707,#3730,.T.);
#3730 = SURFACE_CURVE('',#3731,(#3735,#3741),.PCURVE_S1.);
#3731 = LINE('',#3732,#3733);
#3732 = CARTESIAN_POINT('',(13.95,-4.5,4.));
#3733 = VECTOR('',#3734,1.);
#3734 = DIRECTION('',(0.,0.,1.));
#3735 = PCURVE('',#1073,#3736);
#3736 = DEFINITIONAL_REPRESENTATION('',(#3737),#3740);
#3737 = B_SPLINE_CURVE_WITH_KNOTS('',1,(#3738,#3739),.UNSPECIFIED.,.F.,
  .F.,(2,2),(0.,2.5),.PIECEWISE_BEZIER_KNOTS.);
#3738 = CARTESIAN_POINT('',(0.,-5.775));
#3739 = CARTESIAN_POINT('',(2.5,-5.775));
#3740 = ( GEOMETRIC_REPRESENTATION_CONTEXT(2) 
PARAMETRIC_REPRESENTATION_CONTEXT() REPRESENTATION_CONTEXT('2D SPACE',''
  ) );
#3741 = PCURVE('',#1045,#3742);
#3742 = DEFINITIONAL_REPRESENTATION('',(#3743),#3746);
#3743 = B_SPLINE_CURVE_WITH_KNOTS('',1,(#3744,#3745),.UNSPECIFIED.,.F.,
  .F.,(2,2),(0.,2.5),.PIECEWISE_BEZIER_KNOTS.);
#3744 = CARTESIAN_POINT('',(0.,0.7));
#3745 = CARTESIAN_POINT('',(2.5,0.7));
#3746 = ( GEOMETRIC_REPRESENTATION_CONTEXT(2) 
PARAMETRIC_REPRESENTATION_CONTEXT() REPRESENTATION_CONTEXT('2D SPACE',''
  ) );
#3747 = ORIENTED_EDGE('',*,*,#1057,.T.);
#3748 = ORIENTED_EDGE('',*,*,#3661,.T.);
#3749 = ADVANCED_FACE('',(#3750),#1045,.T.);
#3750 = FACE_BOUND('',#3751,.T.);
#3751 = EDGE_LOOP('',(#3752,#3753,#3776,#3797));
#3752 = ORIENTED_EDGE('',*,*,#1029,.F.);
#3753 = ORIENTED_EDGE('',*,*,#3754,.T.);
#3754 = EDGE_CURVE('',#1002,#3755,#3757,.T.);
#3755 = VERTEX_POINT('',#3756);
#3756 = CARTESIAN_POINT('',(13.25,-4.5,6.5));
#3757 = SURFACE_CURVE('',#3758,(#3762,#3769),.PCURVE_S1.);
#3758 = LINE('',#3759,#3760);
#3759 = CARTESIAN_POINT('',(13.25,-4.5,4.));
#3760 = VECTOR('',#3761,1.);
#3761 = DIRECTION('',(0.,0.,1.));
#3762 = PCURVE('',#1045,#3763);
#3763 = DEFINITIONAL_REPRESENTATION('',(#3764),#3768);
#3764 = LINE('',#3765,#3766);
#3765 = CARTESIAN_POINT('',(0.,0.));
#3766 = VECTOR('',#3767,1.);
#3767 = DIRECTION('',(1.,0.));
#3768 = ( GEOMETRIC_REPRESENTATION_CONTEXT(2) 
PARAMETRIC_REPRESENTATION_CONTEXT() REPRESENTATION_CONTEXT('2D SPACE',''
  ) );
#3769 = PCURVE('',#1017,#3770);
#3770 = DEFINITIONAL_REPRESENTATION('',(#3771),#3775);
#3771 = LINE('',#3772,#3773);
#3772 = CARTESIAN_POINT('',(0.,-1.));
#3773 = VECTOR('',#3774,1.);
#3774 = DIRECTION('',(1.,0.));
#3775 = ( GEOMETRIC_REPRESENTATION_CONTEXT(2) 
PARAMETRIC_REPRESENTATION_CONTEXT() REPRESENTATION_CONTEXT('2D SPACE',''
  ) );
#3776 = ORIENTED_EDGE('',*,*,#3777,.T.);
#3777 = EDGE_CURVE('',#3755,#3707,#3778,.T.);
#3778 = SURFACE_CURVE('',#3779,(#3783,#3790),.PCURVE_S1.);
#3779 = LINE('',#3780,#3781);
#3780 = CARTESIAN_POINT('',(13.25,-4.5,6.5));
#3781 = VECTOR('',#3782,1.);
#3782 = DIRECTION('',(1.,0.,0.));
#3783 = PCURVE('',#1045,#3784);
#3784 = DEFINITIONAL_REPRESENTATION('',(#3785),#3789);
#3785 = LINE('',#3786,#3787);
#3786 = CARTESIAN_POINT('',(2.5,0.));
#3787 = VECTOR('',#3788,1.);
#3788 = DIRECTION('',(0.,1.));
#3789 = ( GEOMETRIC_REPRESENTATION_CONTEXT(2) 
PARAMETRIC_REPRESENTATION_CONTEXT() REPRESENTATION_CONTEXT('2D SPACE',''
  ) );
#3790 = PCURVE('',#3582,#3791);
#3791 = DEFINITIONAL_REPRESENTATION('',(#3792),#3796);
#3792 = LINE('',#3793,#3794);
#3793 = CARTESIAN_POINT('',(0.,1.));
#3794 = VECTOR('',#3795,1.);
#3795 = DIRECTION('',(1.,0.));
#3796 = ( GEOMETRIC_REPRESENTATION_CONTEXT(2) 
PARAMETRIC_REPRESENTATION_CONTEXT() REPRESENTATION_CONTEXT('2D SPACE',''
  ) );
#3797 = ORIENTED_EDGE('',*,*,#3729,.F.);
#3798 = ADVANCED_FACE('',(#3799),#1017,.F.);
#3799 = FACE_BOUND('',#3800,.F.);
#3800 = EDGE_LOOP('',(#3801,#3824,#3825,#3826));
#3801 = ORIENTED_EDGE('',*,*,#3802,.F.);
#3802 = EDGE_CURVE('',#974,#3803,#3805,.T.);
#3803 = VERTEX_POINT('',#3804);
#3804 = CARTESIAN_POINT('',(13.25,-5.5,6.5));
#3805 = SURFACE_CURVE('',#3806,(#3810,#3817),.PCURVE_S1.);
#3806 = LINE('',#3807,#3808);
#3807 = CARTESIAN_POINT('',(13.25,-5.5,4.));
#3808 = VECTOR('',#3809,1.);
#3809 = DIRECTION('',(0.,0.,1.));
#3810 = PCURVE('',#1017,#3811);
#3811 = DEFINITIONAL_REPRESENTATION('',(#3812),#3816);
#3812 = LINE('',#3813,#3814);
#3813 = CARTESIAN_POINT('',(0.,0.));
#3814 = VECTOR('',#3815,1.);
#3815 = DIRECTION('',(1.,0.));
#3816 = ( GEOMETRIC_REPRESENTATION_CONTEXT(2) 
PARAMETRIC_REPRESENTATION_CONTEXT() REPRESENTATION_CONTEXT('2D SPACE',''
  ) );
#3817 = PCURVE('',#989,#3818);
#3818 = DEFINITIONAL_REPRESENTATION('',(#3819),#3823);
#3819 = LINE('',#3820,#3821);
#3820 = CARTESIAN_POINT('',(0.,0.));
#3821 = VECTOR('',#3822,1.);
#3822 = DIRECTION('',(1.,0.));
#3823 = ( GEOMETRIC_REPRESENTATION_CONTEXT(2) 
PARAMETRIC_REPRESENTATION_CONTEXT() REPRESENTATION_CONTEXT('2D SPACE',''
  ) );
#3824 = ORIENTED_EDGE('',*,*,#1001,.T.);
#3825 = ORIENTED_EDGE('',*,*,#3754,.T.);
#3826 = ORIENTED_EDGE('',*,*,#3827,.F.);
#3827 = EDGE_CURVE('',#3803,#3755,#3828,.T.);
#3828 = SURFACE_CURVE('',#3829,(#3833,#3840),.PCURVE_S1.);
#3829 = LINE('',#3830,#3831);
#3830 = CARTESIAN_POINT('',(13.25,-5.5,6.5));
#3831 = VECTOR('',#3832,1.);
#3832 = DIRECTION('',(0.,1.,0.));
#3833 = PCURVE('',#1017,#3834);
#3834 = DEFINITIONAL_REPRESENTATION('',(#3835),#3839);
#3835 = LINE('',#3836,#3837);
#3836 = CARTESIAN_POINT('',(2.5,0.));
#3837 = VECTOR('',#3838,1.);
#3838 = DIRECTION('',(0.,-1.));
#3839 = ( GEOMETRIC_REPRESENTATION_CONTEXT(2) 
PARAMETRIC_REPRESENTATION_CONTEXT() REPRESENTATION_CONTEXT('2D SPACE',''
  ) );
#3840 = PCURVE('',#3582,#3841);
#3841 = DEFINITIONAL_REPRESENTATION('',(#3842),#3846);
#3842 = LINE('',#3843,#3844);
#3843 = CARTESIAN_POINT('',(0.,0.));
#3844 = VECTOR('',#3845,1.);
#3845 = DIRECTION('',(0.,1.));
#3846 = ( GEOMETRIC_REPRESENTATION_CONTEXT(2) 
PARAMETRIC_REPRESENTATION_CONTEXT() REPRESENTATION_CONTEXT('2D SPACE',''
  ) );
#3847 = ADVANCED_FACE('',(#3848),#989,.F.);
#3848 = FACE_BOUND('',#3849,.F.);
#3849 = EDGE_LOOP('',(#3850,#3851,#3852,#3875));
#3850 = ORIENTED_EDGE('',*,*,#973,.F.);
#3851 = ORIENTED_EDGE('',*,*,#3802,.T.);
#3852 = ORIENTED_EDGE('',*,*,#3853,.T.);
#3853 = EDGE_CURVE('',#3803,#3854,#3856,.T.);
#3854 = VERTEX_POINT('',#3855);
#3855 = CARTESIAN_POINT('',(13.95,-5.5,6.5));
#3856 = SURFACE_CURVE('',#3857,(#3861,#3868),.PCURVE_S1.);
#3857 = LINE('',#3858,#3859);
#3858 = CARTESIAN_POINT('',(13.25,-5.5,6.5));
#3859 = VECTOR('',#3860,1.);
#3860 = DIRECTION('',(1.,0.,0.));
#3861 = PCURVE('',#989,#3862);
#3862 = DEFINITIONAL_REPRESENTATION('',(#3863),#3867);
#3863 = LINE('',#3864,#3865);
#3864 = CARTESIAN_POINT('',(2.5,0.));
#3865 = VECTOR('',#3866,1.);
#3866 = DIRECTION('',(0.,1.));
#3867 = ( GEOMETRIC_REPRESENTATION_CONTEXT(2) 
PARAMETRIC_REPRESENTATION_CONTEXT() REPRESENTATION_CONTEXT('2D SPACE',''
  ) );
#3868 = PCURVE('',#3582,#3869);
#3869 = DEFINITIONAL_REPRESENTATION('',(#3870),#3874);
#3870 = LINE('',#3871,#3872);
#3871 = CARTESIAN_POINT('',(0.,0.));
#3872 = VECTOR('',#3873,1.);
#3873 = DIRECTION('',(1.,0.));
#3874 = ( GEOMETRIC_REPRESENTATION_CONTEXT(2) 
PARAMETRIC_REPRESENTATION_CONTEXT() REPRESENTATION_CONTEXT('2D SPACE',''
  ) );
#3875 = ORIENTED_EDGE('',*,*,#3876,.F.);
#3876 = EDGE_CURVE('',#946,#3854,#3877,.T.);
#3877 = SURFACE_CURVE('',#3878,(#3882,#3888),.PCURVE_S1.);
#3878 = LINE('',#3879,#3880);
#3879 = CARTESIAN_POINT('',(13.95,-5.5,4.));
#3880 = VECTOR('',#3881,1.);
#3881 = DIRECTION('',(0.,0.,1.));
#3882 = PCURVE('',#989,#3883);
#3883 = DEFINITIONAL_REPRESENTATION('',(#3884),#3887);
#3884 = B_SPLINE_CURVE_WITH_KNOTS('',1,(#3885,#3886),.UNSPECIFIED.,.F.,
  .F.,(2,2),(0.,2.5),.PIECEWISE_BEZIER_KNOTS.);
#3885 = CARTESIAN_POINT('',(0.,0.7));
#3886 = CARTESIAN_POINT('',(2.5,0.7));
#3887 = ( GEOMETRIC_REPRESENTATION_CONTEXT(2) 
PARAMETRIC_REPRESENTATION_CONTEXT() REPRESENTATION_CONTEXT('2D SPACE',''
  ) );
#3888 = PCURVE('',#961,#3889);
#3889 = DEFINITIONAL_REPRESENTATION('',(#3890),#3893);
#3890 = B_SPLINE_CURVE_WITH_KNOTS('',1,(#3891,#3892),.UNSPECIFIED.,.F.,
  .F.,(2,2),(0.,2.5),.PIECEWISE_BEZIER_KNOTS.);
#3891 = CARTESIAN_POINT('',(0.,-4.775));
#3892 = CARTESIAN_POINT('',(2.5,-4.775));
#3893 = ( GEOMETRIC_REPRESENTATION_CONTEXT(2) 
PARAMETRIC_REPRESENTATION_CONTEXT() REPRESENTATION_CONTEXT('2D SPACE',''
  ) );
#3894 = ADVANCED_FACE('',(#3895),#961,.F.);
#3895 = FACE_BOUND('',#3896,.F.);
#3896 = EDGE_LOOP('',(#3897,#3920,#3939,#3940));
#3897 = ORIENTED_EDGE('',*,*,#3898,.F.);
#3898 = EDGE_CURVE('',#3899,#3854,#3901,.T.);
#3899 = VERTEX_POINT('',#3900);
#3900 = CARTESIAN_POINT('',(13.95,-5.575,6.5));
#3901 = SURFACE_CURVE('',#3902,(#3906,#3913),.PCURVE_S1.);
#3902 = LINE('',#3903,#3904);
#3903 = CARTESIAN_POINT('',(13.95,-10.275,6.5));
#3904 = VECTOR('',#3905,1.);
#3905 = DIRECTION('',(0.,1.,0.));
#3906 = PCURVE('',#961,#3907);
#3907 = DEFINITIONAL_REPRESENTATION('',(#3908),#3912);
#3908 = LINE('',#3909,#3910);
#3909 = CARTESIAN_POINT('',(2.5,0.));
#3910 = VECTOR('',#3911,1.);
#3911 = DIRECTION('',(0.,-1.));
#3912 = ( GEOMETRIC_REPRESENTATION_CONTEXT(2) 
PARAMETRIC_REPRESENTATION_CONTEXT() REPRESENTATION_CONTEXT('2D SPACE',''
  ) );
#3913 = PCURVE('',#3582,#3914);
#3914 = DEFINITIONAL_REPRESENTATION('',(#3915),#3919);
#3915 = LINE('',#3916,#3917);
#3916 = CARTESIAN_POINT('',(0.7,-4.775));
#3917 = VECTOR('',#3918,1.);
#3918 = DIRECTION('',(0.,1.));
#3919 = ( GEOMETRIC_REPRESENTATION_CONTEXT(2) 
PARAMETRIC_REPRESENTATION_CONTEXT() REPRESENTATION_CONTEXT('2D SPACE',''
  ) );
#3920 = ORIENTED_EDGE('',*,*,#3921,.F.);
#3921 = EDGE_CURVE('',#918,#3899,#3922,.T.);
#3922 = SURFACE_CURVE('',#3923,(#3927,#3933),.PCURVE_S1.);
#3923 = LINE('',#3924,#3925);
#3924 = CARTESIAN_POINT('',(13.95,-5.575,4.));
#3925 = VECTOR('',#3926,1.);
#3926 = DIRECTION('',(0.,0.,1.));
#3927 = PCURVE('',#961,#3928);
#3928 = DEFINITIONAL_REPRESENTATION('',(#3929),#3932);
#3929 = B_SPLINE_CURVE_WITH_KNOTS('',1,(#3930,#3931),.UNSPECIFIED.,.F.,
  .F.,(2,2),(0.,2.5),.PIECEWISE_BEZIER_KNOTS.);
#3930 = CARTESIAN_POINT('',(0.,-4.7));
#3931 = CARTESIAN_POINT('',(2.5,-4.7));
#3932 = ( GEOMETRIC_REPRESENTATION_CONTEXT(2) 
PARAMETRIC_REPRESENTATION_CONTEXT() REPRESENTATION_CONTEXT('2D SPACE',''
  ) );
#3933 = PCURVE('',#933,#3934);
#3934 = DEFINITIONAL_REPRESENTATION('',(#3935),#3938);
#3935 = B_SPLINE_CURVE_WITH_KNOTS('',1,(#3936,#3937),.UNSPECIFIED.,.F.,
  .F.,(2,2),(0.,2.5),.PIECEWISE_BEZIER_KNOTS.);
#3936 = CARTESIAN_POINT('',(0.,28.275));
#3937 = CARTESIAN_POINT('',(2.5,28.275));
#3938 = ( GEOMETRIC_REPRESENTATION_CONTEXT(2) 
PARAMETRIC_REPRESENTATION_CONTEXT() REPRESENTATION_CONTEXT('2D SPACE',''
  ) );
#3939 = ORIENTED_EDGE('',*,*,#945,.T.);
#3940 = ORIENTED_EDGE('',*,*,#3876,.T.);
#3941 = ADVANCED_FACE('',(#3942),#933,.T.);
#3942 = FACE_BOUND('',#3943,.T.);
#3943 = EDGE_LOOP('',(#3944,#3945,#3966,#3987,#3988,#4008));
#3944 = ORIENTED_EDGE('',*,*,#917,.F.);
#3945 = ORIENTED_EDGE('',*,*,#3946,.T.);
#3946 = EDGE_CURVE('',#889,#3947,#3949,.T.);
#3947 = VERTEX_POINT('',#3948);
#3948 = CARTESIAN_POINT('',(13.363552872566,-5.575,7.8));
#3949 = SURFACE_CURVE('',#3950,(#3954,#3960),.PCURVE_S1.);
#3950 = LINE('',#3951,#3952);
#3951 = CARTESIAN_POINT('',(13.363552872566,-5.575,4.));
#3952 = VECTOR('',#3953,1.);
#3953 = DIRECTION('',(0.,0.,1.));
#3954 = PCURVE('',#933,#3955);
#3955 = DEFINITIONAL_REPRESENTATION('',(#3956),#3959);
#3956 = B_SPLINE_CURVE_WITH_KNOTS('',1,(#3957,#3958),.UNSPECIFIED.,.F.,
  .F.,(2,2),(-6.E-07,3.8000006),.PIECEWISE_BEZIER_KNOTS.);
#3957 = CARTESIAN_POINT('',(-6.E-07,27.688552872566));
#3958 = CARTESIAN_POINT('',(3.8000006,27.688552872566));
#3959 = ( GEOMETRIC_REPRESENTATION_CONTEXT(2) 
PARAMETRIC_REPRESENTATION_CONTEXT() REPRESENTATION_CONTEXT('2D SPACE',''
  ) );
#3960 = PCURVE('',#905,#3961);
#3961 = DEFINITIONAL_REPRESENTATION('',(#3962),#3965);
#3962 = B_SPLINE_CURVE_WITH_KNOTS('',1,(#3963,#3964),.UNSPECIFIED.,.F.,
  .F.,(2,2),(-6.E-07,3.8000006),.PIECEWISE_BEZIER_KNOTS.);
#3963 = CARTESIAN_POINT('',(1.215375125105,-6.E-07));
#3964 = CARTESIAN_POINT('',(1.215375125105,3.8000006));
#3965 = ( GEOMETRIC_REPRESENTATION_CONTEXT(2) 
PARAMETRIC_REPRESENTATION_CONTEXT() REPRESENTATION_CONTEXT('2D SPACE',''
  ) );
#3966 = ORIENTED_EDGE('',*,*,#3967,.T.);
#3967 = EDGE_CURVE('',#3947,#3545,#3968,.T.);
#3968 = SURFACE_CURVE('',#3969,(#3973,#3980),.PCURVE_S1.);
#3969 = LINE('',#3970,#3971);
#3970 = CARTESIAN_POINT('',(-14.325,-5.575,7.8));
#3971 = VECTOR('',#3972,1.);
#3972 = DIRECTION('',(1.,0.,0.));
#3973 = PCURVE('',#933,#3974);
#3974 = DEFINITIONAL_REPRESENTATION('',(#3975),#3979);
#3975 = LINE('',#3976,#3977);
#3976 = CARTESIAN_POINT('',(3.8,0.));
#3977 = VECTOR('',#3978,1.);
#3978 = DIRECTION('',(0.,1.));
#3979 = ( GEOMETRIC_REPRESENTATION_CONTEXT(2) 
PARAMETRIC_REPRESENTATION_CONTEXT() REPRESENTATION_CONTEXT('2D SPACE',''
  ) );
#3980 = PCURVE('',#2808,#3981);
#3981 = DEFINITIONAL_REPRESENTATION('',(#3982),#3986);
#3982 = LINE('',#3983,#3984);
#3983 = CARTESIAN_POINT('',(1.2,1.2));
#3984 = VECTOR('',#3985,1.);
#3985 = DIRECTION('',(1.,0.));
#3986 = ( GEOMETRIC_REPRESENTATION_CONTEXT(2) 
PARAMETRIC_REPRESENTATION_CONTEXT() REPRESENTATION_CONTEXT('2D SPACE',''
  ) );
#3987 = ORIENTED_EDGE('',*,*,#3542,.F.);
#3988 = ORIENTED_EDGE('',*,*,#3989,.T.);
#3989 = EDGE_CURVE('',#3543,#3899,#3990,.T.);
#3990 = SURFACE_CURVE('',#3991,(#3995,#4001),.PCURVE_S1.);
#3991 = LINE('',#3992,#3993);
#3992 = CARTESIAN_POINT('',(-14.7375,-5.575,6.5));
#3993 = VECTOR('',#3994,1.);
#3994 = DIRECTION('',(-1.,0.,0.));
#3995 = PCURVE('',#933,#3996);
#3996 = DEFINITIONAL_REPRESENTATION('',(#3997),#4000);
#3997 = B_SPLINE_CURVE_WITH_KNOTS('',1,(#3998,#3999),.UNSPECIFIED.,.F.,
  .F.,(2,2),(-29.0625,-28.6875),.PIECEWISE_BEZIER_KNOTS.);
#3998 = CARTESIAN_POINT('',(2.5,28.65));
#3999 = CARTESIAN_POINT('',(2.5,28.275));
#4000 = ( GEOMETRIC_REPRESENTATION_CONTEXT(2) 
PARAMETRIC_REPRESENTATION_CONTEXT() REPRESENTATION_CONTEXT('2D SPACE',''
  ) );
#4001 = PCURVE('',#3582,#4002);
#4002 = DEFINITIONAL_REPRESENTATION('',(#4003),#4007);
#4003 = LINE('',#4004,#4005);
#4004 = CARTESIAN_POINT('',(-27.9875,-7.5E-02));
#4005 = VECTOR('',#4006,1.);
#4006 = DIRECTION('',(-1.,0.));
#4007 = ( GEOMETRIC_REPRESENTATION_CONTEXT(2) 
PARAMETRIC_REPRESENTATION_CONTEXT() REPRESENTATION_CONTEXT('2D SPACE',''
  ) );
#4008 = ORIENTED_EDGE('',*,*,#3921,.F.);
#4009 = ADVANCED_FACE('',(#4010),#905,.F.);
#4010 = FACE_BOUND('',#4011,.F.);
#4011 = EDGE_LOOP('',(#4012,#4036,#4057,#4086,#4105,#4106));
#4012 = ORIENTED_EDGE('',*,*,#4013,.F.);
#4013 = EDGE_CURVE('',#4014,#3947,#4016,.T.);
#4014 = VERTEX_POINT('',#4015);
#4015 = CARTESIAN_POINT('',(14.895751311065,-6.775,7.8));
#4016 = SURFACE_CURVE('',#4017,(#4022,#4029),.PCURVE_S1.);
#4017 = CIRCLE('',#4018,3.2);
#4018 = AXIS2_PLACEMENT_3D('',#4019,#4020,#4021);
#4019 = CARTESIAN_POINT('',(12.25,-8.575,7.8));
#4020 = DIRECTION('',(0.,0.,1.));
#4021 = DIRECTION('',(1.,0.,0.));
#4022 = PCURVE('',#905,#4023);
#4023 = DEFINITIONAL_REPRESENTATION('',(#4024),#4028);
#4024 = LINE('',#4025,#4026);
#4025 = CARTESIAN_POINT('',(0.,3.8));
#4026 = VECTOR('',#4027,1.);
#4027 = DIRECTION('',(1.,0.));
#4028 = ( GEOMETRIC_REPRESENTATION_CONTEXT(2) 
PARAMETRIC_REPRESENTATION_CONTEXT() REPRESENTATION_CONTEXT('2D SPACE',''
  ) );
#4029 = PCURVE('',#2808,#4030);
#4030 = DEFINITIONAL_REPRESENTATION('',(#4031),#4035);
#4031 = CIRCLE('',#4032,3.2);
#4032 = AXIS2_PLACEMENT_2D('',#4033,#4034);
#4033 = CARTESIAN_POINT('',(27.775,-1.8));
#4034 = DIRECTION('',(1.,0.));
#4035 = ( GEOMETRIC_REPRESENTATION_CONTEXT(2) 
PARAMETRIC_REPRESENTATION_CONTEXT() REPRESENTATION_CONTEXT('2D SPACE',''
  ) );
#4036 = ORIENTED_EDGE('',*,*,#4037,.F.);
#4037 = EDGE_CURVE('',#4038,#4014,#4040,.T.);
#4038 = VERTEX_POINT('',#4039);
#4039 = CARTESIAN_POINT('',(14.895751311065,-6.775,6.5));
#4040 = SURFACE_CURVE('',#4041,(#4045,#4051),.PCURVE_S1.);
#4041 = LINE('',#4042,#4043);
#4042 = CARTESIAN_POINT('',(14.895751311065,-6.775,4.));
#4043 = VECTOR('',#4044,1.);
#4044 = DIRECTION('',(0.,0.,1.));
#4045 = PCURVE('',#905,#4046);
#4046 = DEFINITIONAL_REPRESENTATION('',(#4047),#4050);
#4047 = B_SPLINE_CURVE_WITH_KNOTS('',1,(#4048,#4049),.UNSPECIFIED.,.F.,
  .F.,(2,2),(-6.E-07,3.8000006),.PIECEWISE_BEZIER_KNOTS.);
#4048 = CARTESIAN_POINT('',(0.597406416645,-6.E-07));
#4049 = CARTESIAN_POINT('',(0.597406416645,3.8000006));
#4050 = ( GEOMETRIC_REPRESENTATION_CONTEXT(2) 
PARAMETRIC_REPRESENTATION_CONTEXT() REPRESENTATION_CONTEXT('2D SPACE',''
  ) );
#4051 = PCURVE('',#848,#4052);
#4052 = DEFINITIONAL_REPRESENTATION('',(#4053),#4056);
#4053 = B_SPLINE_CURVE_WITH_KNOTS('',1,(#4054,#4055),.UNSPECIFIED.,.F.,
  .F.,(2,2),(-6.E-07,3.8000006),.PIECEWISE_BEZIER_KNOTS.);
#4054 = CARTESIAN_POINT('',(-6.E-07,30.420751311065));
#4055 = CARTESIAN_POINT('',(3.8000006,30.420751311065));
#4056 = ( GEOMETRIC_REPRESENTATION_CONTEXT(2) 
PARAMETRIC_REPRESENTATION_CONTEXT() REPRESENTATION_CONTEXT('2D SPACE',''
  ) );
#4057 = ORIENTED_EDGE('',*,*,#4058,.F.);
#4058 = EDGE_CURVE('',#4059,#4038,#4061,.T.);
#4059 = VERTEX_POINT('',#4060);
#4060 = CARTESIAN_POINT('',(15.15,-7.222225074153,6.5));
#4061 = SURFACE_CURVE('',#4062,(#4067,#4074),.PCURVE_S1.);
#4062 = CIRCLE('',#4063,3.2);
#4063 = AXIS2_PLACEMENT_3D('',#4064,#4065,#4066);
#4064 = CARTESIAN_POINT('',(12.25,-8.575,6.5));
#4065 = DIRECTION('',(0.,0.,1.));
#4066 = DIRECTION('',(1.,0.,0.));
#4067 = PCURVE('',#905,#4068);
#4068 = DEFINITIONAL_REPRESENTATION('',(#4069),#4073);
#4069 = LINE('',#4070,#4071);
#4070 = CARTESIAN_POINT('',(0.,2.5));
#4071 = VECTOR('',#4072,1.);
#4072 = DIRECTION('',(1.,0.));
#4073 = ( GEOMETRIC_REPRESENTATION_CONTEXT(2) 
PARAMETRIC_REPRESENTATION_CONTEXT() REPRESENTATION_CONTEXT('2D SPACE',''
  ) );
#4074 = PCURVE('',#4075,#4080);
#4075 = PLANE('',#4076);
#4076 = AXIS2_PLACEMENT_3D('',#4077,#4078,#4079);
#4077 = CARTESIAN_POINT('',(-15.15,-11.475,6.5));
#4078 = DIRECTION('',(0.,0.,1.));
#4079 = DIRECTION('',(1.,0.,0.));
#4080 = DEFINITIONAL_REPRESENTATION('',(#4081),#4085);
#4081 = CIRCLE('',#4082,3.2);
#4082 = AXIS2_PLACEMENT_2D('',#4083,#4084);
#4083 = CARTESIAN_POINT('',(27.4,2.9));
#4084 = DIRECTION('',(1.,0.));
#4085 = ( GEOMETRIC_REPRESENTATION_CONTEXT(2) 
PARAMETRIC_REPRESENTATION_CONTEXT() REPRESENTATION_CONTEXT('2D SPACE',''
  ) );
#4086 = ORIENTED_EDGE('',*,*,#4087,.F.);
#4087 = EDGE_CURVE('',#861,#4059,#4088,.T.);
#4088 = SURFACE_CURVE('',#4089,(#4093,#4099),.PCURVE_S1.);
#4089 = LINE('',#4090,#4091);
#4090 = CARTESIAN_POINT('',(15.15,-7.222225074153,4.));
#4091 = VECTOR('',#4092,1.);
#4092 = DIRECTION('',(0.,0.,1.));
#4093 = PCURVE('',#905,#4094);
#4094 = DEFINITIONAL_REPRESENTATION('',(#4095),#4098);
#4095 = B_SPLINE_CURVE_WITH_KNOTS('',1,(#4096,#4097),.UNSPECIFIED.,.F.,
  .F.,(2,2),(-5.999999999062E-07,2.5000006),.PIECEWISE_BEZIER_KNOTS.);
#4096 = CARTESIAN_POINT('',(0.436469028735,-5.999999999062E-07));
#4097 = CARTESIAN_POINT('',(0.436469028735,2.5000006));
#4098 = ( GEOMETRIC_REPRESENTATION_CONTEXT(2) 
PARAMETRIC_REPRESENTATION_CONTEXT() REPRESENTATION_CONTEXT('2D SPACE',''
  ) );
#4099 = PCURVE('',#876,#4100);
#4100 = DEFINITIONAL_REPRESENTATION('',(#4101),#4104);
#4101 = B_SPLINE_CURVE_WITH_KNOTS('',1,(#4102,#4103),.UNSPECIFIED.,.F.,
  .F.,(2,2),(-5.999999999062E-07,2.5000006),.PIECEWISE_BEZIER_KNOTS.);
#4102 = CARTESIAN_POINT('',(-5.999999999062E-07,-4.252774925847));
#4103 = CARTESIAN_POINT('',(2.5000006,-4.252774925847));
#4104 = ( GEOMETRIC_REPRESENTATION_CONTEXT(2) 
PARAMETRIC_REPRESENTATION_CONTEXT() REPRESENTATION_CONTEXT('2D SPACE',''
  ) );
#4105 = ORIENTED_EDGE('',*,*,#888,.T.);
#4106 = ORIENTED_EDGE('',*,*,#3946,.T.);
#4107 = ADVANCED_FACE('',(#4108),#876,.T.);
#4108 = FACE_BOUND('',#4109,.T.);
#4109 = EDGE_LOOP('',(#4110,#4133,#4134,#4135));
#4110 = ORIENTED_EDGE('',*,*,#4111,.F.);
#4111 = EDGE_CURVE('',#4059,#4112,#4114,.T.);
#4112 = VERTEX_POINT('',#4113);
#4113 = CARTESIAN_POINT('',(15.15,-6.775,6.5));
#4114 = SURFACE_CURVE('',#4115,(#4119,#4126),.PCURVE_S1.);
#4115 = LINE('',#4116,#4117);
#4116 = CARTESIAN_POINT('',(15.15,-11.475,6.5));
#4117 = VECTOR('',#4118,1.);
#4118 = DIRECTION('',(0.,1.,0.));
#4119 = PCURVE('',#876,#4120);
#4120 = DEFINITIONAL_REPRESENTATION('',(#4121),#4125);
#4121 = LINE('',#4122,#4123);
#4122 = CARTESIAN_POINT('',(2.5,0.));
#4123 = VECTOR('',#4124,1.);
#4124 = DIRECTION('',(0.,-1.));
#4125 = ( GEOMETRIC_REPRESENTATION_CONTEXT(2) 
PARAMETRIC_REPRESENTATION_CONTEXT() REPRESENTATION_CONTEXT('2D SPACE',''
  ) );
#4126 = PCURVE('',#4075,#4127);
#4127 = DEFINITIONAL_REPRESENTATION('',(#4128),#4132);
#4128 = LINE('',#4129,#4130);
#4129 = CARTESIAN_POINT('',(30.3,0.));
#4130 = VECTOR('',#4131,1.);
#4131 = DIRECTION('',(0.,1.));
#4132 = ( GEOMETRIC_REPRESENTATION_CONTEXT(2) 
PARAMETRIC_REPRESENTATION_CONTEXT() REPRESENTATION_CONTEXT('2D SPACE',''
  ) );
#4133 = ORIENTED_EDGE('',*,*,#4087,.F.);
#4134 = ORIENTED_EDGE('',*,*,#860,.T.);
#4135 = ORIENTED_EDGE('',*,*,#4136,.T.);
#4136 = EDGE_CURVE('',#833,#4112,#4137,.T.);
#4137 = SURFACE_CURVE('',#4138,(#4142,#4148),.PCURVE_S1.);
#4138 = LINE('',#4139,#4140);
#4139 = CARTESIAN_POINT('',(15.15,-6.775,4.));
#4140 = VECTOR('',#4141,1.);
#4141 = DIRECTION('',(0.,0.,1.));
#4142 = PCURVE('',#876,#4143);
#4143 = DEFINITIONAL_REPRESENTATION('',(#4144),#4147);
#4144 = B_SPLINE_CURVE_WITH_KNOTS('',1,(#4145,#4146),.UNSPECIFIED.,.F.,
  .F.,(2,2),(0.,2.5),.PIECEWISE_BEZIER_KNOTS.);
#4145 = CARTESIAN_POINT('',(0.,-4.7));
#4146 = CARTESIAN_POINT('',(2.5,-4.7));
#4147 = ( GEOMETRIC_REPRESENTATION_CONTEXT(2) 
PARAMETRIC_REPRESENTATION_CONTEXT() REPRESENTATION_CONTEXT('2D SPACE',''
  ) );
#4148 = PCURVE('',#848,#4149);
#4149 = DEFINITIONAL_REPRESENTATION('',(#4150),#4153);
#4150 = B_SPLINE_CURVE_WITH_KNOTS('',1,(#4151,#4152),.UNSPECIFIED.,.F.,
  .F.,(2,2),(0.,2.5),.PIECEWISE_BEZIER_KNOTS.);
#4151 = CARTESIAN_POINT('',(0.,30.675));
#4152 = CARTESIAN_POINT('',(2.5,30.675));
#4153 = ( GEOMETRIC_REPRESENTATION_CONTEXT(2) 
PARAMETRIC_REPRESENTATION_CONTEXT() REPRESENTATION_CONTEXT('2D SPACE',''
  ) );
#4154 = ADVANCED_FACE('',(#4155),#848,.F.);
#4155 = FACE_BOUND('',#4156,.F.);
#4156 = EDGE_LOOP('',(#4157,#4158,#4159,#4178,#4179,#4202));
#4157 = ORIENTED_EDGE('',*,*,#832,.F.);
#4158 = ORIENTED_EDGE('',*,*,#4136,.T.);
#4159 = ORIENTED_EDGE('',*,*,#4160,.T.);
#4160 = EDGE_CURVE('',#4112,#4038,#4161,.T.);
#4161 = SURFACE_CURVE('',#4162,(#4166,#4172),.PCURVE_S1.);
#4162 = LINE('',#4163,#4164);
#4163 = CARTESIAN_POINT('',(-15.3375,-6.775,6.5));
#4164 = VECTOR('',#4165,1.);
#4165 = DIRECTION('',(-1.,0.,0.));
#4166 = PCURVE('',#848,#4167);
#4167 = DEFINITIONAL_REPRESENTATION('',(#4168),#4171);
#4168 = B_SPLINE_CURVE_WITH_KNOTS('',1,(#4169,#4170),.UNSPECIFIED.,.F.,
  .F.,(2,2),(-30.4875,-30.23325131106),.PIECEWISE_BEZIER_KNOTS.);
#4169 = CARTESIAN_POINT('',(2.5,30.675));
#4170 = CARTESIAN_POINT('',(2.5,30.420751311065));
#4171 = ( GEOMETRIC_REPRESENTATION_CONTEXT(2) 
PARAMETRIC_REPRESENTATION_CONTEXT() REPRESENTATION_CONTEXT('2D SPACE',''
  ) );
#4172 = PCURVE('',#4075,#4173);
#4173 = DEFINITIONAL_REPRESENTATION('',(#4174),#4177);
#4174 = B_SPLINE_CURVE_WITH_KNOTS('',1,(#4175,#4176),.UNSPECIFIED.,.F.,
  .F.,(2,2),(-30.4875,-30.23325131106),.PIECEWISE_BEZIER_KNOTS.);
#4175 = CARTESIAN_POINT('',(30.3,4.7));
#4176 = CARTESIAN_POINT('',(30.045751311065,4.7));
#4177 = ( GEOMETRIC_REPRESENTATION_CONTEXT(2) 
PARAMETRIC_REPRESENTATION_CONTEXT() REPRESENTATION_CONTEXT('2D SPACE',''
  ) );
#4178 = ORIENTED_EDGE('',*,*,#4037,.T.);
#4179 = ORIENTED_EDGE('',*,*,#4180,.T.);
#4180 = EDGE_CURVE('',#4014,#4181,#4183,.T.);
#4181 = VERTEX_POINT('',#4182);
#4182 = CARTESIAN_POINT('',(15.525,-6.775,7.8));
#4183 = SURFACE_CURVE('',#4184,(#4188,#4195),.PCURVE_S1.);
#4184 = LINE('',#4185,#4186);
#4185 = CARTESIAN_POINT('',(-15.525,-6.775,7.8));
#4186 = VECTOR('',#4187,1.);
#4187 = DIRECTION('',(1.,0.,0.));
#4188 = PCURVE('',#848,#4189);
#4189 = DEFINITIONAL_REPRESENTATION('',(#4190),#4194);
#4190 = LINE('',#4191,#4192);
#4191 = CARTESIAN_POINT('',(3.8,0.));
#4192 = VECTOR('',#4193,1.);
#4193 = DIRECTION('',(0.,1.));
#4194 = ( GEOMETRIC_REPRESENTATION_CONTEXT(2) 
PARAMETRIC_REPRESENTATION_CONTEXT() REPRESENTATION_CONTEXT('2D SPACE',''
  ) );
#4195 = PCURVE('',#2808,#4196);
#4196 = DEFINITIONAL_REPRESENTATION('',(#4197),#4201);
#4197 = LINE('',#4198,#4199);
#4198 = CARTESIAN_POINT('',(0.,0.));
#4199 = VECTOR('',#4200,1.);
#4200 = DIRECTION('',(1.,0.));
#4201 = ( GEOMETRIC_REPRESENTATION_CONTEXT(2) 
PARAMETRIC_REPRESENTATION_CONTEXT() REPRESENTATION_CONTEXT('2D SPACE',''
  ) );
#4202 = ORIENTED_EDGE('',*,*,#4203,.F.);
#4203 = EDGE_CURVE('',#805,#4181,#4204,.T.);
#4204 = SURFACE_CURVE('',#4205,(#4209,#4216),.PCURVE_S1.);
#4205 = LINE('',#4206,#4207);
#4206 = CARTESIAN_POINT('',(15.525,-6.775,4.));
#4207 = VECTOR('',#4208,1.);
#4208 = DIRECTION('',(0.,0.,1.));
#4209 = PCURVE('',#848,#4210);
#4210 = DEFINITIONAL_REPRESENTATION('',(#4211),#4215);
#4211 = LINE('',#4212,#4213);
#4212 = CARTESIAN_POINT('',(0.,31.05));
#4213 = VECTOR('',#4214,1.);
#4214 = DIRECTION('',(1.,0.));
#4215 = ( GEOMETRIC_REPRESENTATION_CONTEXT(2) 
PARAMETRIC_REPRESENTATION_CONTEXT() REPRESENTATION_CONTEXT('2D SPACE',''
  ) );
#4216 = PCURVE('',#820,#4217);
#4217 = DEFINITIONAL_REPRESENTATION('',(#4218),#4222);
#4218 = LINE('',#4219,#4220);
#4219 = CARTESIAN_POINT('',(0.,0.));
#4220 = VECTOR('',#4221,1.);
#4221 = DIRECTION('',(1.,0.));
#4222 = ( GEOMETRIC_REPRESENTATION_CONTEXT(2) 
PARAMETRIC_REPRESENTATION_CONTEXT() REPRESENTATION_CONTEXT('2D SPACE',''
  ) );
#4223 = ADVANCED_FACE('',(#4224),#820,.T.);
#4224 = FACE_BOUND('',#4225,.T.);
#4225 = EDGE_LOOP('',(#4226,#4249,#4250,#4251));
#4226 = ORIENTED_EDGE('',*,*,#4227,.F.);
#4227 = EDGE_CURVE('',#4181,#4228,#4230,.T.);
#4228 = VERTEX_POINT('',#4229);
#4229 = CARTESIAN_POINT('',(15.525,-3.5,7.8));
#4230 = SURFACE_CURVE('',#4231,(#4235,#4242),.PCURVE_S1.);
#4231 = LINE('',#4232,#4233);
#4232 = CARTESIAN_POINT('',(15.525,-6.775,7.8));
#4233 = VECTOR('',#4234,1.);
#4234 = DIRECTION('',(0.,1.,0.));
#4235 = PCURVE('',#820,#4236);
#4236 = DEFINITIONAL_REPRESENTATION('',(#4237),#4241);
#4237 = LINE('',#4238,#4239);
#4238 = CARTESIAN_POINT('',(3.8,0.));
#4239 = VECTOR('',#4240,1.);
#4240 = DIRECTION('',(0.,-1.));
#4241 = ( GEOMETRIC_REPRESENTATION_CONTEXT(2) 
PARAMETRIC_REPRESENTATION_CONTEXT() REPRESENTATION_CONTEXT('2D SPACE',''
  ) );
#4242 = PCURVE('',#2808,#4243);
#4243 = DEFINITIONAL_REPRESENTATION('',(#4244),#4248);
#4244 = LINE('',#4245,#4246);
#4245 = CARTESIAN_POINT('',(31.05,0.));
#4246 = VECTOR('',#4247,1.);
#4247 = DIRECTION('',(0.,1.));
#4248 = ( GEOMETRIC_REPRESENTATION_CONTEXT(2) 
PARAMETRIC_REPRESENTATION_CONTEXT() REPRESENTATION_CONTEXT('2D SPACE',''
  ) );
#4249 = ORIENTED_EDGE('',*,*,#4203,.F.);
#4250 = ORIENTED_EDGE('',*,*,#804,.T.);
#4251 = ORIENTED_EDGE('',*,*,#4252,.T.);
#4252 = EDGE_CURVE('',#777,#4228,#4253,.T.);
#4253 = SURFACE_CURVE('',#4254,(#4258,#4264),.PCURVE_S1.);
#4254 = LINE('',#4255,#4256);
#4255 = CARTESIAN_POINT('',(15.525,-3.5,4.));
#4256 = VECTOR('',#4257,1.);
#4257 = DIRECTION('',(0.,0.,1.));
#4258 = PCURVE('',#820,#4259);
#4259 = DEFINITIONAL_REPRESENTATION('',(#4260),#4263);
#4260 = B_SPLINE_CURVE_WITH_KNOTS('',1,(#4261,#4262),.UNSPECIFIED.,.F.,
  .F.,(2,2),(0.,3.8),.PIECEWISE_BEZIER_KNOTS.);
#4261 = CARTESIAN_POINT('',(0.,-3.275));
#4262 = CARTESIAN_POINT('',(3.8,-3.275));
#4263 = ( GEOMETRIC_REPRESENTATION_CONTEXT(2) 
PARAMETRIC_REPRESENTATION_CONTEXT() REPRESENTATION_CONTEXT('2D SPACE',''
  ) );
#4264 = PCURVE('',#792,#4265);
#4265 = DEFINITIONAL_REPRESENTATION('',(#4266),#4269);
#4266 = B_SPLINE_CURVE_WITH_KNOTS('',1,(#4267,#4268),.UNSPECIFIED.,.F.,
  .F.,(2,2),(0.,3.8),.PIECEWISE_BEZIER_KNOTS.);
#4267 = CARTESIAN_POINT('',(0.,0.275));
#4268 = CARTESIAN_POINT('',(3.8,0.275));
#4269 = ( GEOMETRIC_REPRESENTATION_CONTEXT(2) 
PARAMETRIC_REPRESENTATION_CONTEXT() REPRESENTATION_CONTEXT('2D SPACE',''
  ) );
#4270 = ADVANCED_FACE('',(#4271),#792,.F.);
#4271 = FACE_BOUND('',#4272,.F.);
#4272 = EDGE_LOOP('',(#4273,#4274,#4275,#4296,#4319,#4342));
#4273 = ORIENTED_EDGE('',*,*,#776,.F.);
#4274 = ORIENTED_EDGE('',*,*,#4252,.T.);
#4275 = ORIENTED_EDGE('',*,*,#4276,.T.);
#4276 = EDGE_CURVE('',#4228,#4277,#4279,.T.);
#4277 = VERTEX_POINT('',#4278);
#4278 = CARTESIAN_POINT('',(15.25,-3.5,7.8));
#4279 = SURFACE_CURVE('',#4280,(#4284,#4290),.PCURVE_S1.);
#4280 = LINE('',#4281,#4282);
#4281 = CARTESIAN_POINT('',(-0.1375,-3.5,7.8));
#4282 = VECTOR('',#4283,1.);
#4283 = DIRECTION('',(-1.,0.,0.));
#4284 = PCURVE('',#792,#4285);
#4285 = DEFINITIONAL_REPRESENTATION('',(#4286),#4289);
#4286 = B_SPLINE_CURVE_WITH_KNOTS('',1,(#4287,#4288),.UNSPECIFIED.,.F.,
  .F.,(2,2),(-15.6625,-15.3875),.PIECEWISE_BEZIER_KNOTS.);
#4287 = CARTESIAN_POINT('',(3.8,0.275));
#4288 = CARTESIAN_POINT('',(3.8,0.));
#4289 = ( GEOMETRIC_REPRESENTATION_CONTEXT(2) 
PARAMETRIC_REPRESENTATION_CONTEXT() REPRESENTATION_CONTEXT('2D SPACE',''
  ) );
#4290 = PCURVE('',#2808,#4291);
#4291 = DEFINITIONAL_REPRESENTATION('',(#4292),#4295);
#4292 = B_SPLINE_CURVE_WITH_KNOTS('',1,(#4293,#4294),.UNSPECIFIED.,.F.,
  .F.,(2,2),(-15.6625,-15.3875),.PIECEWISE_BEZIER_KNOTS.);
#4293 = CARTESIAN_POINT('',(31.05,3.275));
#4294 = CARTESIAN_POINT('',(30.775,3.275));
#4295 = ( GEOMETRIC_REPRESENTATION_CONTEXT(2) 
PARAMETRIC_REPRESENTATION_CONTEXT() REPRESENTATION_CONTEXT('2D SPACE',''
  ) );
#4296 = ORIENTED_EDGE('',*,*,#4297,.T.);
#4297 = EDGE_CURVE('',#4277,#4298,#4300,.T.);
#4298 = VERTEX_POINT('',#4299);
#4299 = CARTESIAN_POINT('',(15.25,-3.5,11.35));
#4300 = SURFACE_CURVE('',#4301,(#4305,#4312),.PCURVE_S1.);
#4301 = LINE('',#4302,#4303);
#4302 = CARTESIAN_POINT('',(15.25,-3.5,4.));
#4303 = VECTOR('',#4304,1.);
#4304 = DIRECTION('',(0.,0.,1.));
#4305 = PCURVE('',#792,#4306);
#4306 = DEFINITIONAL_REPRESENTATION('',(#4307),#4311);
#4307 = LINE('',#4308,#4309);
#4308 = CARTESIAN_POINT('',(0.,0.));
#4309 = VECTOR('',#4310,1.);
#4310 = DIRECTION('',(1.,0.));
#4311 = ( GEOMETRIC_REPRESENTATION_CONTEXT(2) 
PARAMETRIC_REPRESENTATION_CONTEXT() REPRESENTATION_CONTEXT('2D SPACE',''
  ) );
#4312 = PCURVE('',#2835,#4313);
#4313 = DEFINITIONAL_REPRESENTATION('',(#4314),#4318);
#4314 = LINE('',#4315,#4316);
#4315 = CARTESIAN_POINT('',(0.,0.));
#4316 = VECTOR('',#4317,1.);
#4317 = DIRECTION('',(1.,0.));
#4318 = ( GEOMETRIC_REPRESENTATION_CONTEXT(2) 
PARAMETRIC_REPRESENTATION_CONTEXT() REPRESENTATION_CONTEXT('2D SPACE',''
  ) );
#4319 = ORIENTED_EDGE('',*,*,#4320,.T.);
#4320 = EDGE_CURVE('',#4298,#4321,#4323,.T.);
#4321 = VERTEX_POINT('',#4322);
#4322 = CARTESIAN_POINT('',(16.85,-3.5,11.35));
#4323 = SURFACE_CURVE('',#4324,(#4328,#4335),.PCURVE_S1.);
#4324 = LINE('',#4325,#4326);
#4325 = CARTESIAN_POINT('',(15.25,-3.5,11.35));
#4326 = VECTOR('',#4327,1.);
#4327 = DIRECTION('',(1.,0.,0.));
#4328 = PCURVE('',#792,#4329);
#4329 = DEFINITIONAL_REPRESENTATION('',(#4330),#4334);
#4330 = LINE('',#4331,#4332);
#4331 = CARTESIAN_POINT('',(7.35,0.));
#4332 = VECTOR('',#4333,1.);
#4333 = DIRECTION('',(0.,1.));
#4334 = ( GEOMETRIC_REPRESENTATION_CONTEXT(2) 
PARAMETRIC_REPRESENTATION_CONTEXT() REPRESENTATION_CONTEXT('2D SPACE',''
  ) );
#4335 = PCURVE('',#2863,#4336);
#4336 = DEFINITIONAL_REPRESENTATION('',(#4337),#4341);
#4337 = LINE('',#4338,#4339);
#4338 = CARTESIAN_POINT('',(0.,0.));
#4339 = VECTOR('',#4340,1.);
#4340 = DIRECTION('',(1.,0.));
#4341 = ( GEOMETRIC_REPRESENTATION_CONTEXT(2) 
PARAMETRIC_REPRESENTATION_CONTEXT() REPRESENTATION_CONTEXT('2D SPACE',''
  ) );
#4342 = ORIENTED_EDGE('',*,*,#4343,.F.);
#4343 = EDGE_CURVE('',#754,#4321,#4344,.T.);
#4344 = SURFACE_CURVE('',#4345,(#4349,#4356),.PCURVE_S1.);
#4345 = LINE('',#4346,#4347);
#4346 = CARTESIAN_POINT('',(16.85,-3.5,4.));
#4347 = VECTOR('',#4348,1.);
#4348 = DIRECTION('',(0.,0.,1.));
#4349 = PCURVE('',#792,#4350);
#4350 = DEFINITIONAL_REPRESENTATION('',(#4351),#4355);
#4351 = LINE('',#4352,#4353);
#4352 = CARTESIAN_POINT('',(0.,1.6));
#4353 = VECTOR('',#4354,1.);
#4354 = DIRECTION('',(1.,0.));
#4355 = ( GEOMETRIC_REPRESENTATION_CONTEXT(2) 
PARAMETRIC_REPRESENTATION_CONTEXT() REPRESENTATION_CONTEXT('2D SPACE',''
  ) );
#4356 = PCURVE('',#368,#4357);
#4357 = DEFINITIONAL_REPRESENTATION('',(#4358),#4362);
#4358 = LINE('',#4359,#4360);
#4359 = CARTESIAN_POINT('',(0.,0.));
#4360 = VECTOR('',#4361,1.);
#4361 = DIRECTION('',(1.,0.));
#4362 = ( GEOMETRIC_REPRESENTATION_CONTEXT(2) 
PARAMETRIC_REPRESENTATION_CONTEXT() REPRESENTATION_CONTEXT('2D SPACE',''
  ) );
#4363 = ADVANCED_FACE('',(#4364),#368,.T.);
#4364 = FACE_BOUND('',#4365,.T.);
#4365 = EDGE_LOOP('',(#4366,#4367,#4368,#4369,#4370,#4371,#4372,#4373));
#4366 = ORIENTED_EDGE('',*,*,#4343,.F.);
#4367 = ORIENTED_EDGE('',*,*,#753,.F.);
#4368 = ORIENTED_EDGE('',*,*,#2292,.F.);
#4369 = ORIENTED_EDGE('',*,*,#2318,.T.);
#4370 = ORIENTED_EDGE('',*,*,#2492,.T.);
#4371 = ORIENTED_EDGE('',*,*,#352,.F.);
#4372 = ORIENTED_EDGE('',*,*,#2875,.T.);
#4373 = ORIENTED_EDGE('',*,*,#4374,.F.);
#4374 = EDGE_CURVE('',#4321,#2848,#4375,.T.);
#4375 = SURFACE_CURVE('',#4376,(#4380,#4387),.PCURVE_S1.);
#4376 = LINE('',#4377,#4378);
#4377 = CARTESIAN_POINT('',(16.85,-3.5,11.35));
#4378 = VECTOR('',#4379,1.);
#4379 = DIRECTION('',(0.,1.,0.));
#4380 = PCURVE('',#368,#4381);
#4381 = DEFINITIONAL_REPRESENTATION('',(#4382),#4386);
#4382 = LINE('',#4383,#4384);
#4383 = CARTESIAN_POINT('',(7.35,0.));
#4384 = VECTOR('',#4385,1.);
#4385 = DIRECTION('',(0.,-1.));
#4386 = ( GEOMETRIC_REPRESENTATION_CONTEXT(2) 
PARAMETRIC_REPRESENTATION_CONTEXT() REPRESENTATION_CONTEXT('2D SPACE',''
  ) );
#4387 = PCURVE('',#2863,#4388);
#4388 = DEFINITIONAL_REPRESENTATION('',(#4389),#4393);
#4389 = LINE('',#4390,#4391);
#4390 = CARTESIAN_POINT('',(1.6,0.));
#4391 = VECTOR('',#4392,1.);
#4392 = DIRECTION('',(0.,1.));
#4393 = ( GEOMETRIC_REPRESENTATION_CONTEXT(2) 
PARAMETRIC_REPRESENTATION_CONTEXT() REPRESENTATION_CONTEXT('2D SPACE',''
  ) );
#4394 = ADVANCED_FACE('',(#4395),#695,.F.);
#4395 = FACE_BOUND('',#4396,.F.);
#4396 = EDGE_LOOP('',(#4397,#4398,#4399,#4422,#4443,#4469));
#4397 = ORIENTED_EDGE('',*,*,#679,.F.);
#4398 = ORIENTED_EDGE('',*,*,#2725,.T.);
#4399 = ORIENTED_EDGE('',*,*,#4400,.T.);
#4400 = EDGE_CURVE('',#2696,#4401,#4403,.T.);
#4401 = VERTEX_POINT('',#4402);
#4402 = CARTESIAN_POINT('',(-14.89575131106,-6.775,7.8));
#4403 = SURFACE_CURVE('',#4404,(#4408,#4415),.PCURVE_S1.);
#4404 = LINE('',#4405,#4406);
#4405 = CARTESIAN_POINT('',(-15.525,-6.775,7.8));
#4406 = VECTOR('',#4407,1.);
#4407 = DIRECTION('',(1.,0.,0.));
#4408 = PCURVE('',#695,#4409);
#4409 = DEFINITIONAL_REPRESENTATION('',(#4410),#4414);
#4410 = LINE('',#4411,#4412);
#4411 = CARTESIAN_POINT('',(3.8,0.));
#4412 = VECTOR('',#4413,1.);
#4413 = DIRECTION('',(0.,1.));
#4414 = ( GEOMETRIC_REPRESENTATION_CONTEXT(2) 
PARAMETRIC_REPRESENTATION_CONTEXT() REPRESENTATION_CONTEXT('2D SPACE',''
  ) );
#4415 = PCURVE('',#2713,#4416);
#4416 = DEFINITIONAL_REPRESENTATION('',(#4417),#4421);
#4417 = LINE('',#4418,#4419);
#4418 = CARTESIAN_POINT('',(0.,0.));
#4419 = VECTOR('',#4420,1.);
#4420 = DIRECTION('',(1.,0.));
#4421 = ( GEOMETRIC_REPRESENTATION_CONTEXT(2) 
PARAMETRIC_REPRESENTATION_CONTEXT() REPRESENTATION_CONTEXT('2D SPACE',''
  ) );
#4422 = ORIENTED_EDGE('',*,*,#4423,.F.);
#4423 = EDGE_CURVE('',#4424,#4401,#4426,.T.);
#4424 = VERTEX_POINT('',#4425);
#4425 = CARTESIAN_POINT('',(-14.89575131106,-6.775,6.5));
#4426 = SURFACE_CURVE('',#4427,(#4431,#4437),.PCURVE_S1.);
#4427 = LINE('',#4428,#4429);
#4428 = CARTESIAN_POINT('',(-14.89575131106,-6.775,4.));
#4429 = VECTOR('',#4430,1.);
#4430 = DIRECTION('',(0.,0.,1.));
#4431 = PCURVE('',#695,#4432);
#4432 = DEFINITIONAL_REPRESENTATION('',(#4433),#4436);
#4433 = B_SPLINE_CURVE_WITH_KNOTS('',1,(#4434,#4435),.UNSPECIFIED.,.F.,
  .F.,(2,2),(-6.E-07,3.8000006),.PIECEWISE_BEZIER_KNOTS.);
#4434 = CARTESIAN_POINT('',(-6.E-07,0.629248688935));
#4435 = CARTESIAN_POINT('',(3.8000006,0.629248688935));
#4436 = ( GEOMETRIC_REPRESENTATION_CONTEXT(2) 
PARAMETRIC_REPRESENTATION_CONTEXT() REPRESENTATION_CONTEXT('2D SPACE',''
  ) );
#4437 = PCURVE('',#639,#4438);
#4438 = DEFINITIONAL_REPRESENTATION('',(#4439),#4442);
#4439 = B_SPLINE_CURVE_WITH_KNOTS('',1,(#4440,#4441),.UNSPECIFIED.,.F.,
  .F.,(2,2),(-6.E-07,3.8000006),.PIECEWISE_BEZIER_KNOTS.);
#4440 = CARTESIAN_POINT('',(2.544186236944,-6.E-07));
#4441 = CARTESIAN_POINT('',(2.544186236944,3.8000006));
#4442 = ( GEOMETRIC_REPRESENTATION_CONTEXT(2) 
PARAMETRIC_REPRESENTATION_CONTEXT() REPRESENTATION_CONTEXT('2D SPACE',''
  ) );
#4443 = ORIENTED_EDGE('',*,*,#4444,.T.);
#4444 = EDGE_CURVE('',#4424,#4445,#4447,.T.);
#4445 = VERTEX_POINT('',#4446);
#4446 = CARTESIAN_POINT('',(-15.15,-6.775,6.5));
#4447 = SURFACE_CURVE('',#4448,(#4452,#4458),.PCURVE_S1.);
#4448 = LINE('',#4449,#4450);
#4449 = CARTESIAN_POINT('',(-15.3375,-6.775,6.5));
#4450 = VECTOR('',#4451,1.);
#4451 = DIRECTION('',(-1.,0.,0.));
#4452 = PCURVE('',#695,#4453);
#4453 = DEFINITIONAL_REPRESENTATION('',(#4454),#4457);
#4454 = B_SPLINE_CURVE_WITH_KNOTS('',1,(#4455,#4456),.UNSPECIFIED.,.F.,
  .F.,(2,2),(-0.441748688935,-0.1875),.PIECEWISE_BEZIER_KNOTS.);
#4455 = CARTESIAN_POINT('',(2.5,0.629248688935));
#4456 = CARTESIAN_POINT('',(2.5,0.375));
#4457 = ( GEOMETRIC_REPRESENTATION_CONTEXT(2) 
PARAMETRIC_REPRESENTATION_CONTEXT() REPRESENTATION_CONTEXT('2D SPACE',''
  ) );
#4458 = PCURVE('',#4459,#4464);
#4459 = PLANE('',#4460);
#4460 = AXIS2_PLACEMENT_3D('',#4461,#4462,#4463);
#4461 = CARTESIAN_POINT('',(-15.15,-11.475,6.5));
#4462 = DIRECTION('',(0.,0.,1.));
#4463 = DIRECTION('',(1.,0.,0.));
#4464 = DEFINITIONAL_REPRESENTATION('',(#4465),#4468);
#4465 = B_SPLINE_CURVE_WITH_KNOTS('',1,(#4466,#4467),.UNSPECIFIED.,.F.,
  .F.,(2,2),(-0.441748688935,-0.1875),.PIECEWISE_BEZIER_KNOTS.);
#4466 = CARTESIAN_POINT('',(0.254248688935,4.7));
#4467 = CARTESIAN_POINT('',(0.,4.7));
#4468 = ( GEOMETRIC_REPRESENTATION_CONTEXT(2) 
PARAMETRIC_REPRESENTATION_CONTEXT() REPRESENTATION_CONTEXT('2D SPACE',''
  ) );
#4469 = ORIENTED_EDGE('',*,*,#4470,.F.);
#4470 = EDGE_CURVE('',#652,#4445,#4471,.T.);
#4471 = SURFACE_CURVE('',#4472,(#4476,#4482),.PCURVE_S1.);
#4472 = LINE('',#4473,#4474);
#4473 = CARTESIAN_POINT('',(-15.15,-6.775,4.));
#4474 = VECTOR('',#4475,1.);
#4475 = DIRECTION('',(0.,0.,1.));
#4476 = PCURVE('',#695,#4477);
#4477 = DEFINITIONAL_REPRESENTATION('',(#4478),#4481);
#4478 = B_SPLINE_CURVE_WITH_KNOTS('',1,(#4479,#4480),.UNSPECIFIED.,.F.,
  .F.,(2,2),(0.,2.5),.PIECEWISE_BEZIER_KNOTS.);
#4479 = CARTESIAN_POINT('',(0.,0.375));
#4480 = CARTESIAN_POINT('',(2.5,0.375));
#4481 = ( GEOMETRIC_REPRESENTATION_CONTEXT(2) 
PARAMETRIC_REPRESENTATION_CONTEXT() REPRESENTATION_CONTEXT('2D SPACE',''
  ) );
#4482 = PCURVE('',#667,#4483);
#4483 = DEFINITIONAL_REPRESENTATION('',(#4484),#4487);
#4484 = B_SPLINE_CURVE_WITH_KNOTS('',1,(#4485,#4486),.UNSPECIFIED.,.F.,
  .F.,(2,2),(0.,2.5),.PIECEWISE_BEZIER_KNOTS.);
#4485 = CARTESIAN_POINT('',(0.,-4.7));
#4486 = CARTESIAN_POINT('',(2.5,-4.7));
#4487 = ( GEOMETRIC_REPRESENTATION_CONTEXT(2) 
PARAMETRIC_REPRESENTATION_CONTEXT() REPRESENTATION_CONTEXT('2D SPACE',''
  ) );
#4488 = ADVANCED_FACE('',(#4489),#667,.F.);
#4489 = FACE_BOUND('',#4490,.F.);
#4490 = EDGE_LOOP('',(#4491,#4514,#4533,#4534));
#4491 = ORIENTED_EDGE('',*,*,#4492,.F.);
#4492 = EDGE_CURVE('',#4493,#4445,#4495,.T.);
#4493 = VERTEX_POINT('',#4494);
#4494 = CARTESIAN_POINT('',(-15.15,-7.222225074153,6.5));
#4495 = SURFACE_CURVE('',#4496,(#4500,#4507),.PCURVE_S1.);
#4496 = LINE('',#4497,#4498);
#4497 = CARTESIAN_POINT('',(-15.15,-11.475,6.5));
#4498 = VECTOR('',#4499,1.);
#4499 = DIRECTION('',(0.,1.,0.));
#4500 = PCURVE('',#667,#4501);
#4501 = DEFINITIONAL_REPRESENTATION('',(#4502),#4506);
#4502 = LINE('',#4503,#4504);
#4503 = CARTESIAN_POINT('',(2.5,0.));
#4504 = VECTOR('',#4505,1.);
#4505 = DIRECTION('',(0.,-1.));
#4506 = ( GEOMETRIC_REPRESENTATION_CONTEXT(2) 
PARAMETRIC_REPRESENTATION_CONTEXT() REPRESENTATION_CONTEXT('2D SPACE',''
  ) );
#4507 = PCURVE('',#4459,#4508);
#4508 = DEFINITIONAL_REPRESENTATION('',(#4509),#4513);
#4509 = LINE('',#4510,#4511);
#4510 = CARTESIAN_POINT('',(0.,0.));
#4511 = VECTOR('',#4512,1.);
#4512 = DIRECTION('',(0.,1.));
#4513 = ( GEOMETRIC_REPRESENTATION_CONTEXT(2) 
PARAMETRIC_REPRESENTATION_CONTEXT() REPRESENTATION_CONTEXT('2D SPACE',''
  ) );
#4514 = ORIENTED_EDGE('',*,*,#4515,.F.);
#4515 = EDGE_CURVE('',#623,#4493,#4516,.T.);
#4516 = SURFACE_CURVE('',#4517,(#4521,#4527),.PCURVE_S1.);
#4517 = LINE('',#4518,#4519);
#4518 = CARTESIAN_POINT('',(-15.15,-7.222225074153,4.));
#4519 = VECTOR('',#4520,1.);
#4520 = DIRECTION('',(0.,0.,1.));
#4521 = PCURVE('',#667,#4522);
#4522 = DEFINITIONAL_REPRESENTATION('',(#4523),#4526);
#4523 = B_SPLINE_CURVE_WITH_KNOTS('',1,(#4524,#4525),.UNSPECIFIED.,.F.,
  .F.,(2,2),(-5.999999999062E-07,2.5000006),.PIECEWISE_BEZIER_KNOTS.);
#4524 = CARTESIAN_POINT('',(-5.999999999062E-07,-4.252774925847));
#4525 = CARTESIAN_POINT('',(2.5000006,-4.252774925847));
#4526 = ( GEOMETRIC_REPRESENTATION_CONTEXT(2) 
PARAMETRIC_REPRESENTATION_CONTEXT() REPRESENTATION_CONTEXT('2D SPACE',''
  ) );
#4527 = PCURVE('',#639,#4528);
#4528 = DEFINITIONAL_REPRESENTATION('',(#4529),#4532);
#4529 = B_SPLINE_CURVE_WITH_KNOTS('',1,(#4530,#4531),.UNSPECIFIED.,.F.,
  .F.,(2,2),(-5.999999999062E-07,2.5000006),.PIECEWISE_BEZIER_KNOTS.);
#4530 = CARTESIAN_POINT('',(2.705123624855,-5.999999999062E-07));
#4531 = CARTESIAN_POINT('',(2.705123624855,2.5000006));
#4532 = ( GEOMETRIC_REPRESENTATION_CONTEXT(2) 
PARAMETRIC_REPRESENTATION_CONTEXT() REPRESENTATION_CONTEXT('2D SPACE',''
  ) );
#4533 = ORIENTED_EDGE('',*,*,#651,.T.);
#4534 = ORIENTED_EDGE('',*,*,#4470,.T.);
#4535 = ADVANCED_FACE('',(#4536),#639,.F.);
#4536 = FACE_BOUND('',#4537,.F.);
#4537 = EDGE_LOOP('',(#4538,#4539,#4540,#4562,#4563,#4587));
#4538 = ORIENTED_EDGE('',*,*,#622,.T.);
#4539 = ORIENTED_EDGE('',*,*,#4515,.T.);
#4540 = ORIENTED_EDGE('',*,*,#4541,.F.);
#4541 = EDGE_CURVE('',#4424,#4493,#4542,.T.);
#4542 = SURFACE_CURVE('',#4543,(#4548,#4555),.PCURVE_S1.);
#4543 = CIRCLE('',#4544,3.2);
#4544 = AXIS2_PLACEMENT_3D('',#4545,#4546,#4547);
#4545 = CARTESIAN_POINT('',(-12.25,-8.575,6.5));
#4546 = DIRECTION('',(0.,0.,1.));
#4547 = DIRECTION('',(1.,0.,0.));
#4548 = PCURVE('',#639,#4549);
#4549 = DEFINITIONAL_REPRESENTATION('',(#4550),#4554);
#4550 = LINE('',#4551,#4552);
#4551 = CARTESIAN_POINT('',(0.,2.5));
#4552 = VECTOR('',#4553,1.);
#4553 = DIRECTION('',(1.,0.));
#4554 = ( GEOMETRIC_REPRESENTATION_CONTEXT(2) 
PARAMETRIC_REPRESENTATION_CONTEXT() REPRESENTATION_CONTEXT('2D SPACE',''
  ) );
#4555 = PCURVE('',#4459,#4556);
#4556 = DEFINITIONAL_REPRESENTATION('',(#4557),#4561);
#4557 = CIRCLE('',#4558,3.2);
#4558 = AXIS2_PLACEMENT_2D('',#4559,#4560);
#4559 = CARTESIAN_POINT('',(2.9,2.9));
#4560 = DIRECTION('',(1.,0.));
#4561 = ( GEOMETRIC_REPRESENTATION_CONTEXT(2) 
PARAMETRIC_REPRESENTATION_CONTEXT() REPRESENTATION_CONTEXT('2D SPACE',''
  ) );
#4562 = ORIENTED_EDGE('',*,*,#4423,.T.);
#4563 = ORIENTED_EDGE('',*,*,#4564,.F.);
#4564 = EDGE_CURVE('',#4565,#4401,#4567,.T.);
#4565 = VERTEX_POINT('',#4566);
#4566 = CARTESIAN_POINT('',(-13.36355287256,-5.575,7.8));
#4567 = SURFACE_CURVE('',#4568,(#4573,#4580),.PCURVE_S1.);
#4568 = CIRCLE('',#4569,3.2);
#4569 = AXIS2_PLACEMENT_3D('',#4570,#4571,#4572);
#4570 = CARTESIAN_POINT('',(-12.25,-8.575,7.8));
#4571 = DIRECTION('',(0.,0.,1.));
#4572 = DIRECTION('',(1.,0.,0.));
#4573 = PCURVE('',#639,#4574);
#4574 = DEFINITIONAL_REPRESENTATION('',(#4575),#4579);
#4575 = LINE('',#4576,#4577);
#4576 = CARTESIAN_POINT('',(0.,3.8));
#4577 = VECTOR('',#4578,1.);
#4578 = DIRECTION('',(1.,0.));
#4579 = ( GEOMETRIC_REPRESENTATION_CONTEXT(2) 
PARAMETRIC_REPRESENTATION_CONTEXT() REPRESENTATION_CONTEXT('2D SPACE',''
  ) );
#4580 = PCURVE('',#2713,#4581);
#4581 = DEFINITIONAL_REPRESENTATION('',(#4582),#4586);
#4582 = CIRCLE('',#4583,3.2);
#4583 = AXIS2_PLACEMENT_2D('',#4584,#4585);
#4584 = CARTESIAN_POINT('',(3.275,-1.8));
#4585 = DIRECTION('',(1.,0.));
#4586 = ( GEOMETRIC_REPRESENTATION_CONTEXT(2) 
PARAMETRIC_REPRESENTATION_CONTEXT() REPRESENTATION_CONTEXT('2D SPACE',''
  ) );
#4587 = ORIENTED_EDGE('',*,*,#4588,.F.);
#4588 = EDGE_CURVE('',#595,#4565,#4589,.T.);
#4589 = SURFACE_CURVE('',#4590,(#4594,#4600),.PCURVE_S1.);
#4590 = LINE('',#4591,#4592);
#4591 = CARTESIAN_POINT('',(-13.36355287256,-5.575,4.));
#4592 = VECTOR('',#4593,1.);
#4593 = DIRECTION('',(0.,0.,1.));
#4594 = PCURVE('',#639,#4595);
#4595 = DEFINITIONAL_REPRESENTATION('',(#4596),#4599);
#4596 = B_SPLINE_CURVE_WITH_KNOTS('',1,(#4597,#4598),.UNSPECIFIED.,.F.,
  .F.,(2,2),(-6.E-07,3.8000006),.PIECEWISE_BEZIER_KNOTS.);
#4597 = CARTESIAN_POINT('',(1.926217528485,-6.E-07));
#4598 = CARTESIAN_POINT('',(1.926217528485,3.8000006));
#4599 = ( GEOMETRIC_REPRESENTATION_CONTEXT(2) 
PARAMETRIC_REPRESENTATION_CONTEXT() REPRESENTATION_CONTEXT('2D SPACE',''
  ) );
#4600 = PCURVE('',#610,#4601);
#4601 = DEFINITIONAL_REPRESENTATION('',(#4602),#4605);
#4602 = B_SPLINE_CURVE_WITH_KNOTS('',1,(#4603,#4604),.UNSPECIFIED.,.F.,
  .F.,(2,2),(-6.E-07,3.8000006),.PIECEWISE_BEZIER_KNOTS.);
#4603 = CARTESIAN_POINT('',(-6.E-07,0.961447127434));
#4604 = CARTESIAN_POINT('',(3.8000006,0.961447127434));
#4605 = ( GEOMETRIC_REPRESENTATION_CONTEXT(2) 
PARAMETRIC_REPRESENTATION_CONTEXT() REPRESENTATION_CONTEXT('2D SPACE',''
  ) );
#4606 = ADVANCED_FACE('',(#4607),#610,.T.);
#4607 = FACE_BOUND('',#4608,.T.);
#4608 = EDGE_LOOP('',(#4609,#4610,#4631,#4657,#4678,#4699));
#4609 = ORIENTED_EDGE('',*,*,#594,.F.);
#4610 = ORIENTED_EDGE('',*,*,#4611,.T.);
#4611 = EDGE_CURVE('',#567,#4612,#4614,.T.);
#4612 = VERTEX_POINT('',#4613);
#4613 = CARTESIAN_POINT('',(-13.95,-5.575,6.5));
#4614 = SURFACE_CURVE('',#4615,(#4619,#4625),.PCURVE_S1.);
#4615 = LINE('',#4616,#4617);
#4616 = CARTESIAN_POINT('',(-13.95,-5.575,4.));
#4617 = VECTOR('',#4618,1.);
#4618 = DIRECTION('',(0.,0.,1.));
#4619 = PCURVE('',#610,#4620);
#4620 = DEFINITIONAL_REPRESENTATION('',(#4621),#4624);
#4621 = B_SPLINE_CURVE_WITH_KNOTS('',1,(#4622,#4623),.UNSPECIFIED.,.F.,
  .F.,(2,2),(0.,2.5),.PIECEWISE_BEZIER_KNOTS.);
#4622 = CARTESIAN_POINT('',(0.,0.375));
#4623 = CARTESIAN_POINT('',(2.5,0.375));
#4624 = ( GEOMETRIC_REPRESENTATION_CONTEXT(2) 
PARAMETRIC_REPRESENTATION_CONTEXT() REPRESENTATION_CONTEXT('2D SPACE',''
  ) );
#4625 = PCURVE('',#582,#4626);
#4626 = DEFINITIONAL_REPRESENTATION('',(#4627),#4630);
#4627 = B_SPLINE_CURVE_WITH_KNOTS('',1,(#4628,#4629),.UNSPECIFIED.,.F.,
  .F.,(2,2),(0.,2.5),.PIECEWISE_BEZIER_KNOTS.);
#4628 = CARTESIAN_POINT('',(0.,-4.7));
#4629 = CARTESIAN_POINT('',(2.5,-4.7));
#4630 = ( GEOMETRIC_REPRESENTATION_CONTEXT(2) 
PARAMETRIC_REPRESENTATION_CONTEXT() REPRESENTATION_CONTEXT('2D SPACE',''
  ) );
#4631 = ORIENTED_EDGE('',*,*,#4632,.T.);
#4632 = EDGE_CURVE('',#4612,#4633,#4635,.T.);
#4633 = VERTEX_POINT('',#4634);
#4634 = CARTESIAN_POINT('',(-14.25,-5.575,6.5));
#4635 = SURFACE_CURVE('',#4636,(#4640,#4646),.PCURVE_S1.);
#4636 = LINE('',#4637,#4638);
#4637 = CARTESIAN_POINT('',(-14.7375,-5.575,6.5));
#4638 = VECTOR('',#4639,1.);
#4639 = DIRECTION('',(-1.,0.,0.));
#4640 = PCURVE('',#610,#4641);
#4641 = DEFINITIONAL_REPRESENTATION('',(#4642),#4645);
#4642 = B_SPLINE_CURVE_WITH_KNOTS('',1,(#4643,#4644),.UNSPECIFIED.,.F.,
  .F.,(2,2),(-0.7875,-0.4125),.PIECEWISE_BEZIER_KNOTS.);
#4643 = CARTESIAN_POINT('',(2.5,0.375));
#4644 = CARTESIAN_POINT('',(2.5,0.));
#4645 = ( GEOMETRIC_REPRESENTATION_CONTEXT(2) 
PARAMETRIC_REPRESENTATION_CONTEXT() REPRESENTATION_CONTEXT('2D SPACE',''
  ) );
#4646 = PCURVE('',#4647,#4652);
#4647 = PLANE('',#4648);
#4648 = AXIS2_PLACEMENT_3D('',#4649,#4650,#4651);
#4649 = CARTESIAN_POINT('',(-15.15,-11.475,6.5));
#4650 = DIRECTION('',(0.,0.,1.));
#4651 = DIRECTION('',(1.,0.,0.));
#4652 = DEFINITIONAL_REPRESENTATION('',(#4653),#4656);
#4653 = B_SPLINE_CURVE_WITH_KNOTS('',1,(#4654,#4655),.UNSPECIFIED.,.F.,
  .F.,(2,2),(-0.7875,-0.4125),.PIECEWISE_BEZIER_KNOTS.);
#4654 = CARTESIAN_POINT('',(1.2,5.9));
#4655 = CARTESIAN_POINT('',(0.825,5.9));
#4656 = ( GEOMETRIC_REPRESENTATION_CONTEXT(2) 
PARAMETRIC_REPRESENTATION_CONTEXT() REPRESENTATION_CONTEXT('2D SPACE',''
  ) );
#4657 = ORIENTED_EDGE('',*,*,#4658,.F.);
#4658 = EDGE_CURVE('',#4659,#4633,#4661,.T.);
#4659 = VERTEX_POINT('',#4660);
#4660 = CARTESIAN_POINT('',(-14.25,-5.575,7.8));
#4661 = SURFACE_CURVE('',#4662,(#4666,#4672),.PCURVE_S1.);
#4662 = LINE('',#4663,#4664);
#4663 = CARTESIAN_POINT('',(-14.25,-5.575,5.));
#4664 = VECTOR('',#4665,1.);
#4665 = DIRECTION('',(0.,0.,-1.));
#4666 = PCURVE('',#610,#4667);
#4667 = DEFINITIONAL_REPRESENTATION('',(#4668),#4671);
#4668 = B_SPLINE_CURVE_WITH_KNOTS('',1,(#4669,#4670),.UNSPECIFIED.,.F.,
  .F.,(2,2),(-2.8,-1.),.PIECEWISE_BEZIER_KNOTS.);
#4669 = CARTESIAN_POINT('',(3.8,7.5E-02));
#4670 = CARTESIAN_POINT('',(2.,7.5E-02));
#4671 = ( GEOMETRIC_REPRESENTATION_CONTEXT(2) 
PARAMETRIC_REPRESENTATION_CONTEXT() REPRESENTATION_CONTEXT('2D SPACE',''
  ) );
#4672 = PCURVE('',#2632,#4673);
#4673 = DEFINITIONAL_REPRESENTATION('',(#4674),#4677);
#4674 = B_SPLINE_CURVE_WITH_KNOTS('',1,(#4675,#4676),.UNSPECIFIED.,.F.,
  .F.,(2,2),(-2.8,-1.),.PIECEWISE_BEZIER_KNOTS.);
#4675 = CARTESIAN_POINT('',(1.8,-0.425));
#4676 = CARTESIAN_POINT('',(0.,-0.425));
#4677 = ( GEOMETRIC_REPRESENTATION_CONTEXT(2) 
PARAMETRIC_REPRESENTATION_CONTEXT() REPRESENTATION_CONTEXT('2D SPACE',''
  ) );
#4678 = ORIENTED_EDGE('',*,*,#4679,.T.);
#4679 = EDGE_CURVE('',#4659,#4565,#4680,.T.);
#4680 = SURFACE_CURVE('',#4681,(#4685,#4692),.PCURVE_S1.);
#4681 = LINE('',#4682,#4683);
#4682 = CARTESIAN_POINT('',(-14.325,-5.575,7.8));
#4683 = VECTOR('',#4684,1.);
#4684 = DIRECTION('',(1.,0.,0.));
#4685 = PCURVE('',#610,#4686);
#4686 = DEFINITIONAL_REPRESENTATION('',(#4687),#4691);
#4687 = LINE('',#4688,#4689);
#4688 = CARTESIAN_POINT('',(3.8,0.));
#4689 = VECTOR('',#4690,1.);
#4690 = DIRECTION('',(0.,1.));
#4691 = ( GEOMETRIC_REPRESENTATION_CONTEXT(2) 
PARAMETRIC_REPRESENTATION_CONTEXT() REPRESENTATION_CONTEXT('2D SPACE',''
  ) );
#4692 = PCURVE('',#2713,#4693);
#4693 = DEFINITIONAL_REPRESENTATION('',(#4694),#4698);
#4694 = LINE('',#4695,#4696);
#4695 = CARTESIAN_POINT('',(1.2,1.2));
#4696 = VECTOR('',#4697,1.);
#4697 = DIRECTION('',(1.,0.));
#4698 = ( GEOMETRIC_REPRESENTATION_CONTEXT(2) 
PARAMETRIC_REPRESENTATION_CONTEXT() REPRESENTATION_CONTEXT('2D SPACE',''
  ) );
#4699 = ORIENTED_EDGE('',*,*,#4588,.F.);
#4700 = ADVANCED_FACE('',(#4701),#582,.T.);
#4701 = FACE_BOUND('',#4702,.T.);
#4702 = EDGE_LOOP('',(#4703,#4726,#4727,#4728));
#4703 = ORIENTED_EDGE('',*,*,#4704,.F.);
#4704 = EDGE_CURVE('',#4612,#4705,#4707,.T.);
#4705 = VERTEX_POINT('',#4706);
#4706 = CARTESIAN_POINT('',(-13.95,5.575,6.5));
#4707 = SURFACE_CURVE('',#4708,(#4712,#4719),.PCURVE_S1.);
#4708 = LINE('',#4709,#4710);
#4709 = CARTESIAN_POINT('',(-13.95,-10.275,6.5));
#4710 = VECTOR('',#4711,1.);
#4711 = DIRECTION('',(0.,1.,0.));
#4712 = PCURVE('',#582,#4713);
#4713 = DEFINITIONAL_REPRESENTATION('',(#4714),#4718);
#4714 = LINE('',#4715,#4716);
#4715 = CARTESIAN_POINT('',(2.5,0.));
#4716 = VECTOR('',#4717,1.);
#4717 = DIRECTION('',(0.,-1.));
#4718 = ( GEOMETRIC_REPRESENTATION_CONTEXT(2) 
PARAMETRIC_REPRESENTATION_CONTEXT() REPRESENTATION_CONTEXT('2D SPACE',''
  ) );
#4719 = PCURVE('',#4647,#4720);
#4720 = DEFINITIONAL_REPRESENTATION('',(#4721),#4725);
#4721 = LINE('',#4722,#4723);
#4722 = CARTESIAN_POINT('',(1.2,1.2));
#4723 = VECTOR('',#4724,1.);
#4724 = DIRECTION('',(0.,1.));
#4725 = ( GEOMETRIC_REPRESENTATION_CONTEXT(2) 
PARAMETRIC_REPRESENTATION_CONTEXT() REPRESENTATION_CONTEXT('2D SPACE',''
  ) );
#4726 = ORIENTED_EDGE('',*,*,#4611,.F.);
#4727 = ORIENTED_EDGE('',*,*,#566,.T.);
#4728 = ORIENTED_EDGE('',*,*,#4729,.T.);
#4729 = EDGE_CURVE('',#539,#4705,#4730,.T.);
#4730 = SURFACE_CURVE('',#4731,(#4735,#4741),.PCURVE_S1.);
#4731 = LINE('',#4732,#4733);
#4732 = CARTESIAN_POINT('',(-13.95,5.575,4.));
#4733 = VECTOR('',#4734,1.);
#4734 = DIRECTION('',(0.,0.,1.));
#4735 = PCURVE('',#582,#4736);
#4736 = DEFINITIONAL_REPRESENTATION('',(#4737),#4740);
#4737 = B_SPLINE_CURVE_WITH_KNOTS('',1,(#4738,#4739),.UNSPECIFIED.,.F.,
  .F.,(2,2),(0.,2.5),.PIECEWISE_BEZIER_KNOTS.);
#4738 = CARTESIAN_POINT('',(0.,-15.85));
#4739 = CARTESIAN_POINT('',(2.5,-15.85));
#4740 = ( GEOMETRIC_REPRESENTATION_CONTEXT(2) 
PARAMETRIC_REPRESENTATION_CONTEXT() REPRESENTATION_CONTEXT('2D SPACE',''
  ) );
#4741 = PCURVE('',#554,#4742);
#4742 = DEFINITIONAL_REPRESENTATION('',(#4743),#4746);
#4743 = B_SPLINE_CURVE_WITH_KNOTS('',1,(#4744,#4745),.UNSPECIFIED.,.F.,
  .F.,(2,2),(0.,2.5),.PIECEWISE_BEZIER_KNOTS.);
#4744 = CARTESIAN_POINT('',(0.,0.375));
#4745 = CARTESIAN_POINT('',(2.5,0.375));
#4746 = ( GEOMETRIC_REPRESENTATION_CONTEXT(2) 
PARAMETRIC_REPRESENTATION_CONTEXT() REPRESENTATION_CONTEXT('2D SPACE',''
  ) );
#4747 = ADVANCED_FACE('',(#4748),#554,.F.);
#4748 = FACE_BOUND('',#4749,.F.);
#4749 = EDGE_LOOP('',(#4750,#4751,#4752,#4773,#4794,#4822));
#4750 = ORIENTED_EDGE('',*,*,#538,.F.);
#4751 = ORIENTED_EDGE('',*,*,#4729,.T.);
#4752 = ORIENTED_EDGE('',*,*,#4753,.T.);
#4753 = EDGE_CURVE('',#4705,#4754,#4756,.T.);
#4754 = VERTEX_POINT('',#4755);
#4755 = CARTESIAN_POINT('',(-14.25,5.575,6.5));
#4756 = SURFACE_CURVE('',#4757,(#4761,#4767),.PCURVE_S1.);
#4757 = LINE('',#4758,#4759);
#4758 = CARTESIAN_POINT('',(-14.7375,5.575,6.5));
#4759 = VECTOR('',#4760,1.);
#4760 = DIRECTION('',(-1.,0.,0.));
#4761 = PCURVE('',#554,#4762);
#4762 = DEFINITIONAL_REPRESENTATION('',(#4763),#4766);
#4763 = B_SPLINE_CURVE_WITH_KNOTS('',1,(#4764,#4765),.UNSPECIFIED.,.F.,
  .F.,(2,2),(-0.7875,-0.4125),.PIECEWISE_BEZIER_KNOTS.);
#4764 = CARTESIAN_POINT('',(2.5,0.375));
#4765 = CARTESIAN_POINT('',(2.5,0.));
#4766 = ( GEOMETRIC_REPRESENTATION_CONTEXT(2) 
PARAMETRIC_REPRESENTATION_CONTEXT() REPRESENTATION_CONTEXT('2D SPACE',''
  ) );
#4767 = PCURVE('',#4647,#4768);
#4768 = DEFINITIONAL_REPRESENTATION('',(#4769),#4772);
#4769 = B_SPLINE_CURVE_WITH_KNOTS('',1,(#4770,#4771),.UNSPECIFIED.,.F.,
  .F.,(2,2),(-0.7875,-0.4125),.PIECEWISE_BEZIER_KNOTS.);
#4770 = CARTESIAN_POINT('',(1.2,17.05));
#4771 = CARTESIAN_POINT('',(0.825,17.05));
#4772 = ( GEOMETRIC_REPRESENTATION_CONTEXT(2) 
PARAMETRIC_REPRESENTATION_CONTEXT() REPRESENTATION_CONTEXT('2D SPACE',''
  ) );
#4773 = ORIENTED_EDGE('',*,*,#4774,.F.);
#4774 = EDGE_CURVE('',#4775,#4754,#4777,.T.);
#4775 = VERTEX_POINT('',#4776);
#4776 = CARTESIAN_POINT('',(-14.25,5.575,7.8));
#4777 = SURFACE_CURVE('',#4778,(#4782,#4788),.PCURVE_S1.);
#4778 = LINE('',#4779,#4780);
#4779 = CARTESIAN_POINT('',(-14.25,5.575,5.));
#4780 = VECTOR('',#4781,1.);
#4781 = DIRECTION('',(0.,0.,-1.));
#4782 = PCURVE('',#554,#4783);
#4783 = DEFINITIONAL_REPRESENTATION('',(#4784),#4787);
#4784 = B_SPLINE_CURVE_WITH_KNOTS('',1,(#4785,#4786),.UNSPECIFIED.,.F.,
  .F.,(2,2),(-2.8,-1.),.PIECEWISE_BEZIER_KNOTS.);
#4785 = CARTESIAN_POINT('',(3.8,7.5E-02));
#4786 = CARTESIAN_POINT('',(2.,7.5E-02));
#4787 = ( GEOMETRIC_REPRESENTATION_CONTEXT(2) 
PARAMETRIC_REPRESENTATION_CONTEXT() REPRESENTATION_CONTEXT('2D SPACE',''
  ) );
#4788 = PCURVE('',#2632,#4789);
#4789 = DEFINITIONAL_REPRESENTATION('',(#4790),#4793);
#4790 = B_SPLINE_CURVE_WITH_KNOTS('',1,(#4791,#4792),.UNSPECIFIED.,.F.,
  .F.,(2,2),(-2.8,-1.),.PIECEWISE_BEZIER_KNOTS.);
#4791 = CARTESIAN_POINT('',(1.8,-11.575));
#4792 = CARTESIAN_POINT('',(0.,-11.575));
#4793 = ( GEOMETRIC_REPRESENTATION_CONTEXT(2) 
PARAMETRIC_REPRESENTATION_CONTEXT() REPRESENTATION_CONTEXT('2D SPACE',''
  ) );
#4794 = ORIENTED_EDGE('',*,*,#4795,.T.);
#4795 = EDGE_CURVE('',#4775,#4796,#4798,.T.);
#4796 = VERTEX_POINT('',#4797);
#4797 = CARTESIAN_POINT('',(-13.36355287256,5.575,7.8));
#4798 = SURFACE_CURVE('',#4799,(#4803,#4810),.PCURVE_S1.);
#4799 = LINE('',#4800,#4801);
#4800 = CARTESIAN_POINT('',(-14.325,5.575,7.8));
#4801 = VECTOR('',#4802,1.);
#4802 = DIRECTION('',(1.,0.,0.));
#4803 = PCURVE('',#554,#4804);
#4804 = DEFINITIONAL_REPRESENTATION('',(#4805),#4809);
#4805 = LINE('',#4806,#4807);
#4806 = CARTESIAN_POINT('',(3.8,0.));
#4807 = VECTOR('',#4808,1.);
#4808 = DIRECTION('',(0.,1.));
#4809 = ( GEOMETRIC_REPRESENTATION_CONTEXT(2) 
PARAMETRIC_REPRESENTATION_CONTEXT() REPRESENTATION_CONTEXT('2D SPACE',''
  ) );
#4810 = PCURVE('',#4811,#4816);
#4811 = PLANE('',#4812);
#4812 = AXIS2_PLACEMENT_3D('',#4813,#4814,#4815);
#4813 = CARTESIAN_POINT('',(-15.525,-6.775,7.8));
#4814 = DIRECTION('',(0.,0.,1.));
#4815 = DIRECTION('',(1.,0.,0.));
#4816 = DEFINITIONAL_REPRESENTATION('',(#4817),#4821);
#4817 = LINE('',#4818,#4819);
#4818 = CARTESIAN_POINT('',(1.2,12.35));
#4819 = VECTOR('',#4820,1.);
#4820 = DIRECTION('',(1.,0.));
#4821 = ( GEOMETRIC_REPRESENTATION_CONTEXT(2) 
PARAMETRIC_REPRESENTATION_CONTEXT() REPRESENTATION_CONTEXT('2D SPACE',''
  ) );
#4822 = ORIENTED_EDGE('',*,*,#4823,.F.);
#4823 = EDGE_CURVE('',#510,#4796,#4824,.T.);
#4824 = SURFACE_CURVE('',#4825,(#4829,#4835),.PCURVE_S1.);
#4825 = LINE('',#4826,#4827);
#4826 = CARTESIAN_POINT('',(-13.36355287256,5.575,4.));
#4827 = VECTOR('',#4828,1.);
#4828 = DIRECTION('',(0.,0.,1.));
#4829 = PCURVE('',#554,#4830);
#4830 = DEFINITIONAL_REPRESENTATION('',(#4831),#4834);
#4831 = B_SPLINE_CURVE_WITH_KNOTS('',1,(#4832,#4833),.UNSPECIFIED.,.F.,
  .F.,(2,2),(-6.E-07,3.8000006),.PIECEWISE_BEZIER_KNOTS.);
#4832 = CARTESIAN_POINT('',(-6.E-07,0.961447127434));
#4833 = CARTESIAN_POINT('',(3.8000006,0.961447127434));
#4834 = ( GEOMETRIC_REPRESENTATION_CONTEXT(2) 
PARAMETRIC_REPRESENTATION_CONTEXT() REPRESENTATION_CONTEXT('2D SPACE',''
  ) );
#4835 = PCURVE('',#526,#4836);
#4836 = DEFINITIONAL_REPRESENTATION('',(#4837),#4840);
#4837 = B_SPLINE_CURVE_WITH_KNOTS('',1,(#4838,#4839),.UNSPECIFIED.,.F.,
  .F.,(2,2),(-6.E-07,3.8000006),.PIECEWISE_BEZIER_KNOTS.);
#4838 = CARTESIAN_POINT('',(4.356967778694,-6.E-07));
#4839 = CARTESIAN_POINT('',(4.356967778694,3.8000006));
#4840 = ( GEOMETRIC_REPRESENTATION_CONTEXT(2) 
PARAMETRIC_REPRESENTATION_CONTEXT() REPRESENTATION_CONTEXT('2D SPACE',''
  ) );
#4841 = ADVANCED_FACE('',(#4842),#526,.F.);
#4842 = FACE_BOUND('',#4843,.F.);
#4843 = EDGE_LOOP('',(#4844,#4868,#4889,#4918,#4937,#4938));
#4844 = ORIENTED_EDGE('',*,*,#4845,.F.);
#4845 = EDGE_CURVE('',#4846,#4796,#4848,.T.);
#4846 = VERTEX_POINT('',#4847);
#4847 = CARTESIAN_POINT('',(-14.89575131106,6.775,7.8));
#4848 = SURFACE_CURVE('',#4849,(#4854,#4861),.PCURVE_S1.);
#4849 = CIRCLE('',#4850,3.2);
#4850 = AXIS2_PLACEMENT_3D('',#4851,#4852,#4853);
#4851 = CARTESIAN_POINT('',(-12.25,8.575,7.8));
#4852 = DIRECTION('',(0.,0.,1.));
#4853 = DIRECTION('',(1.,0.,0.));
#4854 = PCURVE('',#526,#4855);
#4855 = DEFINITIONAL_REPRESENTATION('',(#4856),#4860);
#4856 = LINE('',#4857,#4858);
#4857 = CARTESIAN_POINT('',(0.,3.8));
#4858 = VECTOR('',#4859,1.);
#4859 = DIRECTION('',(1.,0.));
#4860 = ( GEOMETRIC_REPRESENTATION_CONTEXT(2) 
PARAMETRIC_REPRESENTATION_CONTEXT() REPRESENTATION_CONTEXT('2D SPACE',''
  ) );
#4861 = PCURVE('',#4811,#4862);
#4862 = DEFINITIONAL_REPRESENTATION('',(#4863),#4867);
#4863 = CIRCLE('',#4864,3.2);
#4864 = AXIS2_PLACEMENT_2D('',#4865,#4866);
#4865 = CARTESIAN_POINT('',(3.275,15.35));
#4866 = DIRECTION('',(1.,0.));
#4867 = ( GEOMETRIC_REPRESENTATION_CONTEXT(2) 
PARAMETRIC_REPRESENTATION_CONTEXT() REPRESENTATION_CONTEXT('2D SPACE',''
  ) );
#4868 = ORIENTED_EDGE('',*,*,#4869,.F.);
#4869 = EDGE_CURVE('',#4870,#4846,#4872,.T.);
#4870 = VERTEX_POINT('',#4871);
#4871 = CARTESIAN_POINT('',(-14.89575131106,6.775,6.5));
#4872 = SURFACE_CURVE('',#4873,(#4877,#4883),.PCURVE_S1.);
#4873 = LINE('',#4874,#4875);
#4874 = CARTESIAN_POINT('',(-14.89575131106,6.775,4.));
#4875 = VECTOR('',#4876,1.);
#4876 = DIRECTION('',(0.,0.,1.));
#4877 = PCURVE('',#526,#4878);
#4878 = DEFINITIONAL_REPRESENTATION('',(#4879),#4882);
#4879 = B_SPLINE_CURVE_WITH_KNOTS('',1,(#4880,#4881),.UNSPECIFIED.,.F.,
  .F.,(2,2),(-6.E-07,3.8000006),.PIECEWISE_BEZIER_KNOTS.);
#4880 = CARTESIAN_POINT('',(3.738999070235,-6.E-07));
#4881 = CARTESIAN_POINT('',(3.738999070235,3.8000006));
#4882 = ( GEOMETRIC_REPRESENTATION_CONTEXT(2) 
PARAMETRIC_REPRESENTATION_CONTEXT() REPRESENTATION_CONTEXT('2D SPACE',''
  ) );
#4883 = PCURVE('',#469,#4884);
#4884 = DEFINITIONAL_REPRESENTATION('',(#4885),#4888);
#4885 = B_SPLINE_CURVE_WITH_KNOTS('',1,(#4886,#4887),.UNSPECIFIED.,.F.,
  .F.,(2,2),(-6.E-07,3.8000006),.PIECEWISE_BEZIER_KNOTS.);
#4886 = CARTESIAN_POINT('',(-6.E-07,0.629248688935));
#4887 = CARTESIAN_POINT('',(3.8000006,0.629248688935));
#4888 = ( GEOMETRIC_REPRESENTATION_CONTEXT(2) 
PARAMETRIC_REPRESENTATION_CONTEXT() REPRESENTATION_CONTEXT('2D SPACE',''
  ) );
#4889 = ORIENTED_EDGE('',*,*,#4890,.F.);
#4890 = EDGE_CURVE('',#4891,#4870,#4893,.T.);
#4891 = VERTEX_POINT('',#4892);
#4892 = CARTESIAN_POINT('',(-15.15,7.222225074153,6.5));
#4893 = SURFACE_CURVE('',#4894,(#4899,#4906),.PCURVE_S1.);
#4894 = CIRCLE('',#4895,3.2);
#4895 = AXIS2_PLACEMENT_3D('',#4896,#4897,#4898);
#4896 = CARTESIAN_POINT('',(-12.25,8.575,6.5));
#4897 = DIRECTION('',(0.,0.,1.));
#4898 = DIRECTION('',(1.,0.,0.));
#4899 = PCURVE('',#526,#4900);
#4900 = DEFINITIONAL_REPRESENTATION('',(#4901),#4905);
#4901 = LINE('',#4902,#4903);
#4902 = CARTESIAN_POINT('',(0.,2.5));
#4903 = VECTOR('',#4904,1.);
#4904 = DIRECTION('',(1.,0.));
#4905 = ( GEOMETRIC_REPRESENTATION_CONTEXT(2) 
PARAMETRIC_REPRESENTATION_CONTEXT() REPRESENTATION_CONTEXT('2D SPACE',''
  ) );
#4906 = PCURVE('',#4907,#4912);
#4907 = PLANE('',#4908);
#4908 = AXIS2_PLACEMENT_3D('',#4909,#4910,#4911);
#4909 = CARTESIAN_POINT('',(-15.15,-11.475,6.5));
#4910 = DIRECTION('',(0.,0.,1.));
#4911 = DIRECTION('',(1.,0.,0.));
#4912 = DEFINITIONAL_REPRESENTATION('',(#4913),#4917);
#4913 = CIRCLE('',#4914,3.2);
#4914 = AXIS2_PLACEMENT_2D('',#4915,#4916);
#4915 = CARTESIAN_POINT('',(2.9,20.05));
#4916 = DIRECTION('',(1.,0.));
#4917 = ( GEOMETRIC_REPRESENTATION_CONTEXT(2) 
PARAMETRIC_REPRESENTATION_CONTEXT() REPRESENTATION_CONTEXT('2D SPACE',''
  ) );
#4918 = ORIENTED_EDGE('',*,*,#4919,.F.);
#4919 = EDGE_CURVE('',#482,#4891,#4920,.T.);
#4920 = SURFACE_CURVE('',#4921,(#4925,#4931),.PCURVE_S1.);
#4921 = LINE('',#4922,#4923);
#4922 = CARTESIAN_POINT('',(-15.15,7.222225074153,4.));
#4923 = VECTOR('',#4924,1.);
#4924 = DIRECTION('',(0.,0.,1.));
#4925 = PCURVE('',#526,#4926);
#4926 = DEFINITIONAL_REPRESENTATION('',(#4927),#4930);
#4927 = B_SPLINE_CURVE_WITH_KNOTS('',1,(#4928,#4929),.UNSPECIFIED.,.F.,
  .F.,(2,2),(-5.999999999062E-07,2.5000006),.PIECEWISE_BEZIER_KNOTS.);
#4928 = CARTESIAN_POINT('',(3.578061682325,-5.999999999062E-07));
#4929 = CARTESIAN_POINT('',(3.578061682325,2.5000006));
#4930 = ( GEOMETRIC_REPRESENTATION_CONTEXT(2) 
PARAMETRIC_REPRESENTATION_CONTEXT() REPRESENTATION_CONTEXT('2D SPACE',''
  ) );
#4931 = PCURVE('',#497,#4932);
#4932 = DEFINITIONAL_REPRESENTATION('',(#4933),#4936);
#4933 = B_SPLINE_CURVE_WITH_KNOTS('',1,(#4934,#4935),.UNSPECIFIED.,.F.,
  .F.,(2,2),(-5.999999999062E-07,2.5000006),.PIECEWISE_BEZIER_KNOTS.);
#4934 = CARTESIAN_POINT('',(-5.999999999062E-07,-18.69722507415));
#4935 = CARTESIAN_POINT('',(2.5000006,-18.69722507415));
#4936 = ( GEOMETRIC_REPRESENTATION_CONTEXT(2) 
PARAMETRIC_REPRESENTATION_CONTEXT() REPRESENTATION_CONTEXT('2D SPACE',''
  ) );
#4937 = ORIENTED_EDGE('',*,*,#509,.T.);
#4938 = ORIENTED_EDGE('',*,*,#4823,.T.);
#4939 = ADVANCED_FACE('',(#4940),#497,.F.);
#4940 = FACE_BOUND('',#4941,.F.);
#4941 = EDGE_LOOP('',(#4942,#4965,#4984,#4985));
#4942 = ORIENTED_EDGE('',*,*,#4943,.F.);
#4943 = EDGE_CURVE('',#4944,#4891,#4946,.T.);
#4944 = VERTEX_POINT('',#4945);
#4945 = CARTESIAN_POINT('',(-15.15,6.775,6.5));
#4946 = SURFACE_CURVE('',#4947,(#4951,#4958),.PCURVE_S1.);
#4947 = LINE('',#4948,#4949);
#4948 = CARTESIAN_POINT('',(-15.15,-11.475,6.5));
#4949 = VECTOR('',#4950,1.);
#4950 = DIRECTION('',(0.,1.,0.));
#4951 = PCURVE('',#497,#4952);
#4952 = DEFINITIONAL_REPRESENTATION('',(#4953),#4957);
#4953 = LINE('',#4954,#4955);
#4954 = CARTESIAN_POINT('',(2.5,0.));
#4955 = VECTOR('',#4956,1.);
#4956 = DIRECTION('',(0.,-1.));
#4957 = ( GEOMETRIC_REPRESENTATION_CONTEXT(2) 
PARAMETRIC_REPRESENTATION_CONTEXT() REPRESENTATION_CONTEXT('2D SPACE',''
  ) );
#4958 = PCURVE('',#4907,#4959);
#4959 = DEFINITIONAL_REPRESENTATION('',(#4960),#4964);
#4960 = LINE('',#4961,#4962);
#4961 = CARTESIAN_POINT('',(0.,0.));
#4962 = VECTOR('',#4963,1.);
#4963 = DIRECTION('',(0.,1.));
#4964 = ( GEOMETRIC_REPRESENTATION_CONTEXT(2) 
PARAMETRIC_REPRESENTATION_CONTEXT() REPRESENTATION_CONTEXT('2D SPACE',''
  ) );
#4965 = ORIENTED_EDGE('',*,*,#4966,.F.);
#4966 = EDGE_CURVE('',#454,#4944,#4967,.T.);
#4967 = SURFACE_CURVE('',#4968,(#4972,#4978),.PCURVE_S1.);
#4968 = LINE('',#4969,#4970);
#4969 = CARTESIAN_POINT('',(-15.15,6.775,4.));
#4970 = VECTOR('',#4971,1.);
#4971 = DIRECTION('',(0.,0.,1.));
#4972 = PCURVE('',#497,#4973);
#4973 = DEFINITIONAL_REPRESENTATION('',(#4974),#4977);
#4974 = B_SPLINE_CURVE_WITH_KNOTS('',1,(#4975,#4976),.UNSPECIFIED.,.F.,
  .F.,(2,2),(0.,2.5),.PIECEWISE_BEZIER_KNOTS.);
#4975 = CARTESIAN_POINT('',(0.,-18.25));
#4976 = CARTESIAN_POINT('',(2.5,-18.25));
#4977 = ( GEOMETRIC_REPRESENTATION_CONTEXT(2) 
PARAMETRIC_REPRESENTATION_CONTEXT() REPRESENTATION_CONTEXT('2D SPACE',''
  ) );
#4978 = PCURVE('',#469,#4979);
#4979 = DEFINITIONAL_REPRESENTATION('',(#4980),#4983);
#4980 = B_SPLINE_CURVE_WITH_KNOTS('',1,(#4981,#4982),.UNSPECIFIED.,.F.,
  .F.,(2,2),(0.,2.5),.PIECEWISE_BEZIER_KNOTS.);
#4981 = CARTESIAN_POINT('',(0.,0.375));
#4982 = CARTESIAN_POINT('',(2.5,0.375));
#4983 = ( GEOMETRIC_REPRESENTATION_CONTEXT(2) 
PARAMETRIC_REPRESENTATION_CONTEXT() REPRESENTATION_CONTEXT('2D SPACE',''
  ) );
#4984 = ORIENTED_EDGE('',*,*,#481,.T.);
#4985 = ORIENTED_EDGE('',*,*,#4919,.T.);
#4986 = ADVANCED_FACE('',(#4987),#469,.T.);
#4987 = FACE_BOUND('',#4988,.T.);
#4988 = EDGE_LOOP('',(#4989,#4990,#5013,#5034,#5035,#5054));
#4989 = ORIENTED_EDGE('',*,*,#453,.F.);
#4990 = ORIENTED_EDGE('',*,*,#4991,.T.);
#4991 = EDGE_CURVE('',#426,#4992,#4994,.T.);
#4992 = VERTEX_POINT('',#4993);
#4993 = CARTESIAN_POINT('',(-15.525,6.775,7.8));
#4994 = SURFACE_CURVE('',#4995,(#4999,#5006),.PCURVE_S1.);
#4995 = LINE('',#4996,#4997);
#4996 = CARTESIAN_POINT('',(-15.525,6.775,4.));
#4997 = VECTOR('',#4998,1.);
#4998 = DIRECTION('',(0.,0.,1.));
#4999 = PCURVE('',#469,#5000);
#5000 = DEFINITIONAL_REPRESENTATION('',(#5001),#5005);
#5001 = LINE('',#5002,#5003);
#5002 = CARTESIAN_POINT('',(0.,0.));
#5003 = VECTOR('',#5004,1.);
#5004 = DIRECTION('',(1.,0.));
#5005 = ( GEOMETRIC_REPRESENTATION_CONTEXT(2) 
PARAMETRIC_REPRESENTATION_CONTEXT() REPRESENTATION_CONTEXT('2D SPACE',''
  ) );
#5006 = PCURVE('',#441,#5007);
#5007 = DEFINITIONAL_REPRESENTATION('',(#5008),#5012);
#5008 = LINE('',#5009,#5010);
#5009 = CARTESIAN_POINT('',(0.,-13.55));
#5010 = VECTOR('',#5011,1.);
#5011 = DIRECTION('',(1.,0.));
#5012 = ( GEOMETRIC_REPRESENTATION_CONTEXT(2) 
PARAMETRIC_REPRESENTATION_CONTEXT() REPRESENTATION_CONTEXT('2D SPACE',''
  ) );
#5013 = ORIENTED_EDGE('',*,*,#5014,.T.);
#5014 = EDGE_CURVE('',#4992,#4846,#5015,.T.);
#5015 = SURFACE_CURVE('',#5016,(#5020,#5027),.PCURVE_S1.);
#5016 = LINE('',#5017,#5018);
#5017 = CARTESIAN_POINT('',(-15.525,6.775,7.8));
#5018 = VECTOR('',#5019,1.);
#5019 = DIRECTION('',(1.,0.,0.));
#5020 = PCURVE('',#469,#5021);
#5021 = DEFINITIONAL_REPRESENTATION('',(#5022),#5026);
#5022 = LINE('',#5023,#5024);
#5023 = CARTESIAN_POINT('',(3.8,0.));
#5024 = VECTOR('',#5025,1.);
#5025 = DIRECTION('',(0.,1.));
#5026 = ( GEOMETRIC_REPRESENTATION_CONTEXT(2) 
PARAMETRIC_REPRESENTATION_CONTEXT() REPRESENTATION_CONTEXT('2D SPACE',''
  ) );
#5027 = PCURVE('',#4811,#5028);
#5028 = DEFINITIONAL_REPRESENTATION('',(#5029),#5033);
#5029 = LINE('',#5030,#5031);
#5030 = CARTESIAN_POINT('',(0.,13.55));
#5031 = VECTOR('',#5032,1.);
#5032 = DIRECTION('',(1.,0.));
#5033 = ( GEOMETRIC_REPRESENTATION_CONTEXT(2) 
PARAMETRIC_REPRESENTATION_CONTEXT() REPRESENTATION_CONTEXT('2D SPACE',''
  ) );
#5034 = ORIENTED_EDGE('',*,*,#4869,.F.);
#5035 = ORIENTED_EDGE('',*,*,#5036,.T.);
#5036 = EDGE_CURVE('',#4870,#4944,#5037,.T.);
#5037 = SURFACE_CURVE('',#5038,(#5042,#5048),.PCURVE_S1.);
#5038 = LINE('',#5039,#5040);
#5039 = CARTESIAN_POINT('',(-15.3375,6.775,6.5));
#5040 = VECTOR('',#5041,1.);
#5041 = DIRECTION('',(-1.,0.,0.));
#5042 = PCURVE('',#469,#5043);
#5043 = DEFINITIONAL_REPRESENTATION('',(#5044),#5047);
#5044 = B_SPLINE_CURVE_WITH_KNOTS('',1,(#5045,#5046),.UNSPECIFIED.,.F.,
  .F.,(2,2),(-0.441748688935,-0.1875),.PIECEWISE_BEZIER_KNOTS.);
#5045 = CARTESIAN_POINT('',(2.5,0.629248688935));
#5046 = CARTESIAN_POINT('',(2.5,0.375));
#5047 = ( GEOMETRIC_REPRESENTATION_CONTEXT(2) 
PARAMETRIC_REPRESENTATION_CONTEXT() REPRESENTATION_CONTEXT('2D SPACE',''
  ) );
#5048 = PCURVE('',#4907,#5049);
#5049 = DEFINITIONAL_REPRESENTATION('',(#5050),#5053);
#5050 = B_SPLINE_CURVE_WITH_KNOTS('',1,(#5051,#5052),.UNSPECIFIED.,.F.,
  .F.,(2,2),(-0.441748688935,-0.1875),.PIECEWISE_BEZIER_KNOTS.);
#5051 = CARTESIAN_POINT('',(0.254248688935,18.25));
#5052 = CARTESIAN_POINT('',(0.,18.25));
#5053 = ( GEOMETRIC_REPRESENTATION_CONTEXT(2) 
PARAMETRIC_REPRESENTATION_CONTEXT() REPRESENTATION_CONTEXT('2D SPACE',''
  ) );
#5054 = ORIENTED_EDGE('',*,*,#4966,.F.);
#5055 = ADVANCED_FACE('',(#5056),#441,.F.);
#5056 = FACE_BOUND('',#5057,.F.);
#5057 = EDGE_LOOP('',(#5058,#5081,#5100,#5101,#5102,#5103));
#5058 = ORIENTED_EDGE('',*,*,#5059,.F.);
#5059 = EDGE_CURVE('',#5060,#4992,#5062,.T.);
#5060 = VERTEX_POINT('',#5061);
#5061 = CARTESIAN_POINT('',(-15.525,6.,7.8));
#5062 = SURFACE_CURVE('',#5063,(#5067,#5074),.PCURVE_S1.);
#5063 = LINE('',#5064,#5065);
#5064 = CARTESIAN_POINT('',(-15.525,-6.775,7.8));
#5065 = VECTOR('',#5066,1.);
#5066 = DIRECTION('',(0.,1.,0.));
#5067 = PCURVE('',#441,#5068);
#5068 = DEFINITIONAL_REPRESENTATION('',(#5069),#5073);
#5069 = LINE('',#5070,#5071);
#5070 = CARTESIAN_POINT('',(3.8,0.));
#5071 = VECTOR('',#5072,1.);
#5072 = DIRECTION('',(0.,-1.));
#5073 = ( GEOMETRIC_REPRESENTATION_CONTEXT(2) 
PARAMETRIC_REPRESENTATION_CONTEXT() REPRESENTATION_CONTEXT('2D SPACE',''
  ) );
#5074 = PCURVE('',#4811,#5075);
#5075 = DEFINITIONAL_REPRESENTATION('',(#5076),#5080);
#5076 = LINE('',#5077,#5078);
#5077 = CARTESIAN_POINT('',(0.,0.));
#5078 = VECTOR('',#5079,1.);
#5079 = DIRECTION('',(0.,1.));
#5080 = ( GEOMETRIC_REPRESENTATION_CONTEXT(2) 
PARAMETRIC_REPRESENTATION_CONTEXT() REPRESENTATION_CONTEXT('2D SPACE',''
  ) );
#5081 = ORIENTED_EDGE('',*,*,#5082,.F.);
#5082 = EDGE_CURVE('',#2645,#5060,#5083,.T.);
#5083 = SURFACE_CURVE('',#5084,(#5088,#5094),.PCURVE_S1.);
#5084 = LINE('',#5085,#5086);
#5085 = CARTESIAN_POINT('',(-15.525,6.,5.));
#5086 = VECTOR('',#5087,1.);
#5087 = DIRECTION('',(0.,0.,1.));
#5088 = PCURVE('',#441,#5089);
#5089 = DEFINITIONAL_REPRESENTATION('',(#5090),#5093);
#5090 = B_SPLINE_CURVE_WITH_KNOTS('',1,(#5091,#5092),.UNSPECIFIED.,.F.,
  .F.,(2,2),(1.,2.8),.PIECEWISE_BEZIER_KNOTS.);
#5091 = CARTESIAN_POINT('',(2.,-12.775));
#5092 = CARTESIAN_POINT('',(3.8,-12.775));
#5093 = ( GEOMETRIC_REPRESENTATION_CONTEXT(2) 
PARAMETRIC_REPRESENTATION_CONTEXT() REPRESENTATION_CONTEXT('2D SPACE',''
  ) );
#5094 = PCURVE('',#2660,#5095);
#5095 = DEFINITIONAL_REPRESENTATION('',(#5096),#5099);
#5096 = B_SPLINE_CURVE_WITH_KNOTS('',1,(#5097,#5098),.UNSPECIFIED.,.F.,
  .F.,(2,2),(1.,2.8),.PIECEWISE_BEZIER_KNOTS.);
#5097 = CARTESIAN_POINT('',(0.,1.325));
#5098 = CARTESIAN_POINT('',(1.8,1.325));
#5099 = ( GEOMETRIC_REPRESENTATION_CONTEXT(2) 
PARAMETRIC_REPRESENTATION_CONTEXT() REPRESENTATION_CONTEXT('2D SPACE',''
  ) );
#5100 = ORIENTED_EDGE('',*,*,#2672,.T.);
#5101 = ORIENTED_EDGE('',*,*,#2541,.F.);
#5102 = ORIENTED_EDGE('',*,*,#425,.T.);
#5103 = ORIENTED_EDGE('',*,*,#4991,.T.);
#5104 = ADVANCED_FACE('',(#5105),#1467,.F.);
#5105 = FACE_BOUND('',#5106,.F.);
#5106 = EDGE_LOOP('',(#5107,#5130,#5131,#5132));
#5107 = ORIENTED_EDGE('',*,*,#5108,.T.);
#5108 = EDGE_CURVE('',#5109,#1451,#5111,.T.);
#5109 = VERTEX_POINT('',#5110);
#5110 = CARTESIAN_POINT('',(-10.65,-8.575,2.));
#5111 = SEAM_CURVE('',#5112,(#5116,#5123),.PCURVE_S1.);
#5112 = LINE('',#5113,#5114);
#5113 = CARTESIAN_POINT('',(-10.65,-8.575,-6.));
#5114 = VECTOR('',#5115,1.);
#5115 = DIRECTION('',(0.,0.,1.));
#5116 = PCURVE('',#1467,#5117);
#5117 = DEFINITIONAL_REPRESENTATION('',(#5118),#5122);
#5118 = LINE('',#5119,#5120);
#5119 = CARTESIAN_POINT('',(6.28318530718,-0.));
#5120 = VECTOR('',#5121,1.);
#5121 = DIRECTION('',(0.,1.));
#5122 = ( GEOMETRIC_REPRESENTATION_CONTEXT(2) 
PARAMETRIC_REPRESENTATION_CONTEXT() REPRESENTATION_CONTEXT('2D SPACE',''
  ) );
#5123 = PCURVE('',#1467,#5124);
#5124 = DEFINITIONAL_REPRESENTATION('',(#5125),#5129);
#5125 = LINE('',#5126,#5127);
#5126 = CARTESIAN_POINT('',(0.,-0.));
#5127 = VECTOR('',#5128,1.);
#5128 = DIRECTION('',(0.,1.));
#5129 = ( GEOMETRIC_REPRESENTATION_CONTEXT(2) 
PARAMETRIC_REPRESENTATION_CONTEXT() REPRESENTATION_CONTEXT('2D SPACE',''
  ) );
#5130 = ORIENTED_EDGE('',*,*,#1450,.F.);
#5131 = ORIENTED_EDGE('',*,*,#5108,.F.);
#5132 = ORIENTED_EDGE('',*,*,#5133,.T.);
#5133 = EDGE_CURVE('',#5109,#5109,#5134,.T.);
#5134 = SURFACE_CURVE('',#5135,(#5140,#5147),.PCURVE_S1.);
#5135 = CIRCLE('',#5136,1.6);
#5136 = AXIS2_PLACEMENT_3D('',#5137,#5138,#5139);
#5137 = CARTESIAN_POINT('',(-12.25,-8.575,2.));
#5138 = DIRECTION('',(0.,0.,1.));
#5139 = DIRECTION('',(1.,0.,-0.));
#5140 = PCURVE('',#1467,#5141);
#5141 = DEFINITIONAL_REPRESENTATION('',(#5142),#5146);
#5142 = LINE('',#5143,#5144);
#5143 = CARTESIAN_POINT('',(0.,8.));
#5144 = VECTOR('',#5145,1.);
#5145 = DIRECTION('',(1.,0.));
#5146 = ( GEOMETRIC_REPRESENTATION_CONTEXT(2) 
PARAMETRIC_REPRESENTATION_CONTEXT() REPRESENTATION_CONTEXT('2D SPACE',''
  ) );
#5147 = PCURVE('',#5148,#5153);
#5148 = PLANE('',#5149);
#5149 = AXIS2_PLACEMENT_3D('',#5150,#5151,#5152);
#5150 = CARTESIAN_POINT('',(-12.25,-8.575,2.));
#5151 = DIRECTION('',(0.,0.,1.));
#5152 = DIRECTION('',(1.,0.,0.));
#5153 = DEFINITIONAL_REPRESENTATION('',(#5154),#5158);
#5154 = CIRCLE('',#5155,1.6);
#5155 = AXIS2_PLACEMENT_2D('',#5156,#5157);
#5156 = CARTESIAN_POINT('',(0.,0.));
#5157 = DIRECTION('',(1.,0.));
#5158 = ( GEOMETRIC_REPRESENTATION_CONTEXT(2) 
PARAMETRIC_REPRESENTATION_CONTEXT() REPRESENTATION_CONTEXT('2D SPACE',''
  ) );
#5159 = ADVANCED_FACE('',(#5160),#1499,.F.);
#5160 = FACE_BOUND('',#5161,.F.);
#5161 = EDGE_LOOP('',(#5162,#5163,#5184,#5212));
#5162 = ORIENTED_EDGE('',*,*,#1481,.F.);
#5163 = ORIENTED_EDGE('',*,*,#5164,.T.);
#5164 = EDGE_CURVE('',#1482,#5165,#5167,.T.);
#5165 = VERTEX_POINT('',#5166);
#5166 = CARTESIAN_POINT('',(-10.89722507415,-11.475,6.5));
#5167 = SURFACE_CURVE('',#5168,(#5172,#5178),.PCURVE_S1.);
#5168 = LINE('',#5169,#5170);
#5169 = CARTESIAN_POINT('',(-10.89722507415,-11.475,4.));
#5170 = VECTOR('',#5171,1.);
#5171 = DIRECTION('',(0.,0.,1.));
#5172 = PCURVE('',#1499,#5173);
#5173 = DEFINITIONAL_REPRESENTATION('',(#5174),#5177);
#5174 = B_SPLINE_CURVE_WITH_KNOTS('',1,(#5175,#5176),.UNSPECIFIED.,.F.,
  .F.,(2,2),(-5.999999999062E-07,2.5000006),.PIECEWISE_BEZIER_KNOTS.);
#5175 = CARTESIAN_POINT('',(-5.999999999062E-07,4.252774925847));
#5176 = CARTESIAN_POINT('',(2.5000006,4.252774925847));
#5177 = ( GEOMETRIC_REPRESENTATION_CONTEXT(2) 
PARAMETRIC_REPRESENTATION_CONTEXT() REPRESENTATION_CONTEXT('2D SPACE',''
  ) );
#5178 = PCURVE('',#1528,#5179);
#5179 = DEFINITIONAL_REPRESENTATION('',(#5180),#5183);
#5180 = B_SPLINE_CURVE_WITH_KNOTS('',1,(#5181,#5182),.UNSPECIFIED.,.F.,
  .F.,(2,2),(-5.999999999062E-07,2.5000006),.PIECEWISE_BEZIER_KNOTS.);
#5181 = CARTESIAN_POINT('',(5.14885800912,-5.999999999062E-07));
#5182 = CARTESIAN_POINT('',(5.14885800912,2.5000006));
#5183 = ( GEOMETRIC_REPRESENTATION_CONTEXT(2) 
PARAMETRIC_REPRESENTATION_CONTEXT() REPRESENTATION_CONTEXT('2D SPACE',''
  ) );
#5184 = ORIENTED_EDGE('',*,*,#5185,.T.);
#5185 = EDGE_CURVE('',#5165,#5186,#5188,.T.);
#5186 = VERTEX_POINT('',#5187);
#5187 = CARTESIAN_POINT('',(10.897225074153,-11.475,6.5));
#5188 = SURFACE_CURVE('',#5189,(#5193,#5200),.PCURVE_S1.);
#5189 = LINE('',#5190,#5191);
#5190 = CARTESIAN_POINT('',(-15.15,-11.475,6.5));
#5191 = VECTOR('',#5192,1.);
#5192 = DIRECTION('',(1.,0.,0.));
#5193 = PCURVE('',#1499,#5194);
#5194 = DEFINITIONAL_REPRESENTATION('',(#5195),#5199);
#5195 = LINE('',#5196,#5197);
#5196 = CARTESIAN_POINT('',(2.5,0.));
#5197 = VECTOR('',#5198,1.);
#5198 = DIRECTION('',(0.,1.));
#5199 = ( GEOMETRIC_REPRESENTATION_CONTEXT(2) 
PARAMETRIC_REPRESENTATION_CONTEXT() REPRESENTATION_CONTEXT('2D SPACE',''
  ) );
#5200 = PCURVE('',#5201,#5206);
#5201 = PLANE('',#5202);
#5202 = AXIS2_PLACEMENT_3D('',#5203,#5204,#5205);
#5203 = CARTESIAN_POINT('',(-15.15,-11.475,6.5));
#5204 = DIRECTION('',(0.,0.,1.));
#5205 = DIRECTION('',(1.,0.,0.));
#5206 = DEFINITIONAL_REPRESENTATION('',(#5207),#5211);
#5207 = LINE('',#5208,#5209);
#5208 = CARTESIAN_POINT('',(0.,0.));
#5209 = VECTOR('',#5210,1.);
#5210 = DIRECTION('',(1.,0.));
#5211 = ( GEOMETRIC_REPRESENTATION_CONTEXT(2) 
PARAMETRIC_REPRESENTATION_CONTEXT() REPRESENTATION_CONTEXT('2D SPACE',''
  ) );
#5212 = ORIENTED_EDGE('',*,*,#5213,.F.);
#5213 = EDGE_CURVE('',#1484,#5186,#5214,.T.);
#5214 = SURFACE_CURVE('',#5215,(#5219,#5225),.PCURVE_S1.);
#5215 = LINE('',#5216,#5217);
#5216 = CARTESIAN_POINT('',(10.897225074153,-11.475,4.));
#5217 = VECTOR('',#5218,1.);
#5218 = DIRECTION('',(0.,0.,1.));
#5219 = PCURVE('',#1499,#5220);
#5220 = DEFINITIONAL_REPRESENTATION('',(#5221),#5224);
#5221 = B_SPLINE_CURVE_WITH_KNOTS('',1,(#5222,#5223),.UNSPECIFIED.,.F.,
  .F.,(2,2),(-5.999999999062E-07,2.5000006),.PIECEWISE_BEZIER_KNOTS.);
#5222 = CARTESIAN_POINT('',(-5.999999999062E-07,26.047225074153));
#5223 = CARTESIAN_POINT('',(2.5000006,26.047225074153));
#5224 = ( GEOMETRIC_REPRESENTATION_CONTEXT(2) 
PARAMETRIC_REPRESENTATION_CONTEXT() REPRESENTATION_CONTEXT('2D SPACE',''
  ) );
#5225 = PCURVE('',#1583,#5226);
#5226 = DEFINITIONAL_REPRESENTATION('',(#5227),#5230);
#5227 = B_SPLINE_CURVE_WITH_KNOTS('',1,(#5228,#5229),.UNSPECIFIED.,.F.,
  .F.,(2,2),(-5.999999999062E-07,2.5000006),.PIECEWISE_BEZIER_KNOTS.);
#5228 = CARTESIAN_POINT('',(4.27591995165,-5.999999999062E-07));
#5229 = CARTESIAN_POINT('',(4.27591995165,2.5000006));
#5230 = ( GEOMETRIC_REPRESENTATION_CONTEXT(2) 
PARAMETRIC_REPRESENTATION_CONTEXT() REPRESENTATION_CONTEXT('2D SPACE',''
  ) );
#5231 = ADVANCED_FACE('',(#5232),#1528,.F.);
#5232 = FACE_BOUND('',#5233,.F.);
#5233 = EDGE_LOOP('',(#5234,#5255,#5277,#5278));
#5234 = ORIENTED_EDGE('',*,*,#5235,.T.);
#5235 = EDGE_CURVE('',#1512,#5236,#5238,.T.);
#5236 = VERTEX_POINT('',#5237);
#5237 = CARTESIAN_POINT('',(-9.538911657655,-10.275,6.5));
#5238 = SURFACE_CURVE('',#5239,(#5243,#5249),.PCURVE_S1.);
#5239 = LINE('',#5240,#5241);
#5240 = CARTESIAN_POINT('',(-9.538911657655,-10.275,4.));
#5241 = VECTOR('',#5242,1.);
#5242 = DIRECTION('',(0.,0.,1.));
#5243 = PCURVE('',#1528,#5244);
#5244 = DEFINITIONAL_REPRESENTATION('',(#5245),#5248);
#5245 = B_SPLINE_CURVE_WITH_KNOTS('',1,(#5246,#5247),.UNSPECIFIED.,.F.,
  .F.,(2,2),(-5.999999999062E-07,2.5000006),.PIECEWISE_BEZIER_KNOTS.);
#5246 = CARTESIAN_POINT('',(5.723110000953,-5.999999999062E-07));
#5247 = CARTESIAN_POINT('',(5.723110000953,2.5000006));
#5248 = ( GEOMETRIC_REPRESENTATION_CONTEXT(2) 
PARAMETRIC_REPRESENTATION_CONTEXT() REPRESENTATION_CONTEXT('2D SPACE',''
  ) );
#5249 = PCURVE('',#1556,#5250);
#5250 = DEFINITIONAL_REPRESENTATION('',(#5251),#5254);
#5251 = B_SPLINE_CURVE_WITH_KNOTS('',1,(#5252,#5253),.UNSPECIFIED.,.F.,
  .F.,(2,2),(-5.999999999062E-07,2.5000006),.PIECEWISE_BEZIER_KNOTS.);
#5252 = CARTESIAN_POINT('',(-5.999999999062E-07,4.411088342345));
#5253 = CARTESIAN_POINT('',(2.5000006,4.411088342345));
#5254 = ( GEOMETRIC_REPRESENTATION_CONTEXT(2) 
PARAMETRIC_REPRESENTATION_CONTEXT() REPRESENTATION_CONTEXT('2D SPACE',''
  ) );
#5255 = ORIENTED_EDGE('',*,*,#5256,.F.);
#5256 = EDGE_CURVE('',#5165,#5236,#5257,.T.);
#5257 = SURFACE_CURVE('',#5258,(#5263,#5270),.PCURVE_S1.);
#5258 = CIRCLE('',#5259,3.2);
#5259 = AXIS2_PLACEMENT_3D('',#5260,#5261,#5262);
#5260 = CARTESIAN_POINT('',(-12.25,-8.575,6.5));
#5261 = DIRECTION('',(0.,0.,1.));
#5262 = DIRECTION('',(1.,0.,0.));
#5263 = PCURVE('',#1528,#5264);
#5264 = DEFINITIONAL_REPRESENTATION('',(#5265),#5269);
#5265 = LINE('',#5266,#5267);
#5266 = CARTESIAN_POINT('',(0.,2.5));
#5267 = VECTOR('',#5268,1.);
#5268 = DIRECTION('',(1.,0.));
#5269 = ( GEOMETRIC_REPRESENTATION_CONTEXT(2) 
PARAMETRIC_REPRESENTATION_CONTEXT() REPRESENTATION_CONTEXT('2D SPACE',''
  ) );
#5270 = PCURVE('',#5201,#5271);
#5271 = DEFINITIONAL_REPRESENTATION('',(#5272),#5276);
#5272 = CIRCLE('',#5273,3.2);
#5273 = AXIS2_PLACEMENT_2D('',#5274,#5275);
#5274 = CARTESIAN_POINT('',(2.9,2.9));
#5275 = DIRECTION('',(1.,0.));
#5276 = ( GEOMETRIC_REPRESENTATION_CONTEXT(2) 
PARAMETRIC_REPRESENTATION_CONTEXT() REPRESENTATION_CONTEXT('2D SPACE',''
  ) );
#5277 = ORIENTED_EDGE('',*,*,#5164,.F.);
#5278 = ORIENTED_EDGE('',*,*,#1511,.T.);
#5279 = ADVANCED_FACE('',(#5280),#1583,.F.);
#5280 = FACE_BOUND('',#5281,.F.);
#5281 = EDGE_LOOP('',(#5282,#5306,#5325,#5326));
#5282 = ORIENTED_EDGE('',*,*,#5283,.F.);
#5283 = EDGE_CURVE('',#5284,#5186,#5286,.T.);
#5284 = VERTEX_POINT('',#5285);
#5285 = CARTESIAN_POINT('',(9.538911657655,-10.275,6.5));
#5286 = SURFACE_CURVE('',#5287,(#5292,#5299),.PCURVE_S1.);
#5287 = CIRCLE('',#5288,3.2);
#5288 = AXIS2_PLACEMENT_3D('',#5289,#5290,#5291);
#5289 = CARTESIAN_POINT('',(12.25,-8.575,6.5));
#5290 = DIRECTION('',(0.,0.,1.));
#5291 = DIRECTION('',(1.,0.,0.));
#5292 = PCURVE('',#1583,#5293);
#5293 = DEFINITIONAL_REPRESENTATION('',(#5294),#5298);
#5294 = LINE('',#5295,#5296);
#5295 = CARTESIAN_POINT('',(0.,2.5));
#5296 = VECTOR('',#5297,1.);
#5297 = DIRECTION('',(1.,0.));
#5298 = ( GEOMETRIC_REPRESENTATION_CONTEXT(2) 
PARAMETRIC_REPRESENTATION_CONTEXT() REPRESENTATION_CONTEXT('2D SPACE',''
  ) );
#5299 = PCURVE('',#5201,#5300);
#5300 = DEFINITIONAL_REPRESENTATION('',(#5301),#5305);
#5301 = CIRCLE('',#5302,3.2);
#5302 = AXIS2_PLACEMENT_2D('',#5303,#5304);
#5303 = CARTESIAN_POINT('',(27.4,2.9));
#5304 = DIRECTION('',(1.,0.));
#5305 = ( GEOMETRIC_REPRESENTATION_CONTEXT(2) 
PARAMETRIC_REPRESENTATION_CONTEXT() REPRESENTATION_CONTEXT('2D SPACE',''
  ) );
#5306 = ORIENTED_EDGE('',*,*,#5307,.F.);
#5307 = EDGE_CURVE('',#1541,#5284,#5308,.T.);
#5308 = SURFACE_CURVE('',#5309,(#5313,#5319),.PCURVE_S1.);
#5309 = LINE('',#5310,#5311);
#5310 = CARTESIAN_POINT('',(9.538911657655,-10.275,4.));
#5311 = VECTOR('',#5312,1.);
#5312 = DIRECTION('',(0.,0.,1.));
#5313 = PCURVE('',#1583,#5314);
#5314 = DEFINITIONAL_REPRESENTATION('',(#5315),#5318);
#5315 = B_SPLINE_CURVE_WITH_KNOTS('',1,(#5316,#5317),.UNSPECIFIED.,.F.,
  .F.,(2,2),(-5.999999999062E-07,2.5000006),.PIECEWISE_BEZIER_KNOTS.);
#5316 = CARTESIAN_POINT('',(3.701667959816,-5.999999999062E-07));
#5317 = CARTESIAN_POINT('',(3.701667959816,2.5000006));
#5318 = ( GEOMETRIC_REPRESENTATION_CONTEXT(2) 
PARAMETRIC_REPRESENTATION_CONTEXT() REPRESENTATION_CONTEXT('2D SPACE',''
  ) );
#5319 = PCURVE('',#1556,#5320);
#5320 = DEFINITIONAL_REPRESENTATION('',(#5321),#5324);
#5321 = B_SPLINE_CURVE_WITH_KNOTS('',1,(#5322,#5323),.UNSPECIFIED.,.F.,
  .F.,(2,2),(-5.999999999062E-07,2.5000006),.PIECEWISE_BEZIER_KNOTS.);
#5322 = CARTESIAN_POINT('',(-5.999999999062E-07,23.488911657655));
#5323 = CARTESIAN_POINT('',(2.5000006,23.488911657655));
#5324 = ( GEOMETRIC_REPRESENTATION_CONTEXT(2) 
PARAMETRIC_REPRESENTATION_CONTEXT() REPRESENTATION_CONTEXT('2D SPACE',''
  ) );
#5325 = ORIENTED_EDGE('',*,*,#1568,.T.);
#5326 = ORIENTED_EDGE('',*,*,#5213,.T.);
#5327 = ADVANCED_FACE('',(#5328),#1556,.T.);
#5328 = FACE_BOUND('',#5329,.T.);
#5329 = EDGE_LOOP('',(#5330,#5331,#5332,#5353));
#5330 = ORIENTED_EDGE('',*,*,#1540,.F.);
#5331 = ORIENTED_EDGE('',*,*,#5235,.T.);
#5332 = ORIENTED_EDGE('',*,*,#5333,.T.);
#5333 = EDGE_CURVE('',#5236,#5284,#5334,.T.);
#5334 = SURFACE_CURVE('',#5335,(#5339,#5346),.PCURVE_S1.);
#5335 = LINE('',#5336,#5337);
#5336 = CARTESIAN_POINT('',(-13.95,-10.275,6.5));
#5337 = VECTOR('',#5338,1.);
#5338 = DIRECTION('',(1.,0.,0.));
#5339 = PCURVE('',#1556,#5340);
#5340 = DEFINITIONAL_REPRESENTATION('',(#5341),#5345);
#5341 = LINE('',#5342,#5343);
#5342 = CARTESIAN_POINT('',(2.5,0.));
#5343 = VECTOR('',#5344,1.);
#5344 = DIRECTION('',(0.,1.));
#5345 = ( GEOMETRIC_REPRESENTATION_CONTEXT(2) 
PARAMETRIC_REPRESENTATION_CONTEXT() REPRESENTATION_CONTEXT('2D SPACE',''
  ) );
#5346 = PCURVE('',#5201,#5347);
#5347 = DEFINITIONAL_REPRESENTATION('',(#5348),#5352);
#5348 = LINE('',#5349,#5350);
#5349 = CARTESIAN_POINT('',(1.2,1.2));
#5350 = VECTOR('',#5351,1.);
#5351 = DIRECTION('',(1.,0.));
#5352 = ( GEOMETRIC_REPRESENTATION_CONTEXT(2) 
PARAMETRIC_REPRESENTATION_CONTEXT() REPRESENTATION_CONTEXT('2D SPACE',''
  ) );
#5353 = ORIENTED_EDGE('',*,*,#5307,.F.);
#5354 = ADVANCED_FACE('',(#5355),#1615,.F.);
#5355 = FACE_BOUND('',#5356,.F.);
#5356 = EDGE_LOOP('',(#5357,#5358,#5379,#5407));
#5357 = ORIENTED_EDGE('',*,*,#1597,.F.);
#5358 = ORIENTED_EDGE('',*,*,#5359,.T.);
#5359 = EDGE_CURVE('',#1598,#5360,#5362,.T.);
#5360 = VERTEX_POINT('',#5361);
#5361 = CARTESIAN_POINT('',(-9.604248688935,-6.775,7.8));
#5362 = SURFACE_CURVE('',#5363,(#5367,#5373),.PCURVE_S1.);
#5363 = LINE('',#5364,#5365);
#5364 = CARTESIAN_POINT('',(-9.604248688935,-6.775,4.));
#5365 = VECTOR('',#5366,1.);
#5366 = DIRECTION('',(0.,0.,1.));
#5367 = PCURVE('',#1615,#5368);
#5368 = DEFINITIONAL_REPRESENTATION('',(#5369),#5372);
#5369 = B_SPLINE_CURVE_WITH_KNOTS('',1,(#5370,#5371),.UNSPECIFIED.,.F.,
  .F.,(2,2),(-6.E-07,3.8000006),.PIECEWISE_BEZIER_KNOTS.);
#5370 = CARTESIAN_POINT('',(-6.E-07,5.920751311065));
#5371 = CARTESIAN_POINT('',(3.8000006,5.920751311065));
#5372 = ( GEOMETRIC_REPRESENTATION_CONTEXT(2) 
PARAMETRIC_REPRESENTATION_CONTEXT() REPRESENTATION_CONTEXT('2D SPACE',''
  ) );
#5373 = PCURVE('',#1644,#5374);
#5374 = DEFINITIONAL_REPRESENTATION('',(#5375),#5378);
#5375 = B_SPLINE_CURVE_WITH_KNOTS('',1,(#5376,#5377),.UNSPECIFIED.,.F.,
  .F.,(2,2),(-6.E-07,3.8000006),.PIECEWISE_BEZIER_KNOTS.);
#5376 = CARTESIAN_POINT('',(0.597406416645,-6.E-07));
#5377 = CARTESIAN_POINT('',(0.597406416645,3.8000006));
#5378 = ( GEOMETRIC_REPRESENTATION_CONTEXT(2) 
PARAMETRIC_REPRESENTATION_CONTEXT() REPRESENTATION_CONTEXT('2D SPACE',''
  ) );
#5379 = ORIENTED_EDGE('',*,*,#5380,.T.);
#5380 = EDGE_CURVE('',#5360,#5381,#5383,.T.);
#5381 = VERTEX_POINT('',#5382);
#5382 = CARTESIAN_POINT('',(9.604248688935,-6.775,7.8));
#5383 = SURFACE_CURVE('',#5384,(#5388,#5395),.PCURVE_S1.);
#5384 = LINE('',#5385,#5386);
#5385 = CARTESIAN_POINT('',(-15.525,-6.775,7.8));
#5386 = VECTOR('',#5387,1.);
#5387 = DIRECTION('',(1.,0.,0.));
#5388 = PCURVE('',#1615,#5389);
#5389 = DEFINITIONAL_REPRESENTATION('',(#5390),#5394);
#5390 = LINE('',#5391,#5392);
#5391 = CARTESIAN_POINT('',(3.8,0.));
#5392 = VECTOR('',#5393,1.);
#5393 = DIRECTION('',(0.,1.));
#5394 = ( GEOMETRIC_REPRESENTATION_CONTEXT(2) 
PARAMETRIC_REPRESENTATION_CONTEXT() REPRESENTATION_CONTEXT('2D SPACE',''
  ) );
#5395 = PCURVE('',#5396,#5401);
#5396 = PLANE('',#5397);
#5397 = AXIS2_PLACEMENT_3D('',#5398,#5399,#5400);
#5398 = CARTESIAN_POINT('',(-15.525,-6.775,7.8));
#5399 = DIRECTION('',(0.,0.,1.));
#5400 = DIRECTION('',(1.,0.,0.));
#5401 = DEFINITIONAL_REPRESENTATION('',(#5402),#5406);
#5402 = LINE('',#5403,#5404);
#5403 = CARTESIAN_POINT('',(0.,0.));
#5404 = VECTOR('',#5405,1.);
#5405 = DIRECTION('',(1.,0.));
#5406 = ( GEOMETRIC_REPRESENTATION_CONTEXT(2) 
PARAMETRIC_REPRESENTATION_CONTEXT() REPRESENTATION_CONTEXT('2D SPACE',''
  ) );
#5407 = ORIENTED_EDGE('',*,*,#5408,.F.);
#5408 = EDGE_CURVE('',#1600,#5381,#5409,.T.);
#5409 = SURFACE_CURVE('',#5410,(#5414,#5420),.PCURVE_S1.);
#5410 = LINE('',#5411,#5412);
#5411 = CARTESIAN_POINT('',(9.604248688935,-6.775,4.));
#5412 = VECTOR('',#5413,1.);
#5413 = DIRECTION('',(0.,0.,1.));
#5414 = PCURVE('',#1615,#5415);
#5415 = DEFINITIONAL_REPRESENTATION('',(#5416),#5419);
#5416 = B_SPLINE_CURVE_WITH_KNOTS('',1,(#5417,#5418),.UNSPECIFIED.,.F.,
  .F.,(2,2),(-6.E-07,3.8000006),.PIECEWISE_BEZIER_KNOTS.);
#5417 = CARTESIAN_POINT('',(-6.E-07,25.129248688935));
#5418 = CARTESIAN_POINT('',(3.8000006,25.129248688935));
#5419 = ( GEOMETRIC_REPRESENTATION_CONTEXT(2) 
PARAMETRIC_REPRESENTATION_CONTEXT() REPRESENTATION_CONTEXT('2D SPACE',''
  ) );
#5420 = PCURVE('',#1699,#5421);
#5421 = DEFINITIONAL_REPRESENTATION('',(#5422),#5425);
#5422 = B_SPLINE_CURVE_WITH_KNOTS('',1,(#5423,#5424),.UNSPECIFIED.,.F.,
  .F.,(2,2),(-6.E-07,3.8000006),.PIECEWISE_BEZIER_KNOTS.);
#5423 = CARTESIAN_POINT('',(2.544186236944,-6.E-07));
#5424 = CARTESIAN_POINT('',(2.544186236944,3.8000006));
#5425 = ( GEOMETRIC_REPRESENTATION_CONTEXT(2) 
PARAMETRIC_REPRESENTATION_CONTEXT() REPRESENTATION_CONTEXT('2D SPACE',''
  ) );
#5426 = ADVANCED_FACE('',(#5427),#1644,.F.);
#5427 = FACE_BOUND('',#5428,.F.);
#5428 = EDGE_LOOP('',(#5429,#5453,#5454,#5455));
#5429 = ORIENTED_EDGE('',*,*,#5430,.F.);
#5430 = EDGE_CURVE('',#5360,#5431,#5433,.T.);
#5431 = VERTEX_POINT('',#5432);
#5432 = CARTESIAN_POINT('',(-11.13644712743,-5.575,7.8));
#5433 = SURFACE_CURVE('',#5434,(#5439,#5446),.PCURVE_S1.);
#5434 = CIRCLE('',#5435,3.2);
#5435 = AXIS2_PLACEMENT_3D('',#5436,#5437,#5438);
#5436 = CARTESIAN_POINT('',(-12.25,-8.575,7.8));
#5437 = DIRECTION('',(0.,0.,1.));
#5438 = DIRECTION('',(1.,0.,0.));
#5439 = PCURVE('',#1644,#5440);
#5440 = DEFINITIONAL_REPRESENTATION('',(#5441),#5445);
#5441 = LINE('',#5442,#5443);
#5442 = CARTESIAN_POINT('',(0.,3.8));
#5443 = VECTOR('',#5444,1.);
#5444 = DIRECTION('',(1.,0.));
#5445 = ( GEOMETRIC_REPRESENTATION_CONTEXT(2) 
PARAMETRIC_REPRESENTATION_CONTEXT() REPRESENTATION_CONTEXT('2D SPACE',''
  ) );
#5446 = PCURVE('',#5396,#5447);
#5447 = DEFINITIONAL_REPRESENTATION('',(#5448),#5452);
#5448 = CIRCLE('',#5449,3.2);
#5449 = AXIS2_PLACEMENT_2D('',#5450,#5451);
#5450 = CARTESIAN_POINT('',(3.275,-1.8));
#5451 = DIRECTION('',(1.,0.));
#5452 = ( GEOMETRIC_REPRESENTATION_CONTEXT(2) 
PARAMETRIC_REPRESENTATION_CONTEXT() REPRESENTATION_CONTEXT('2D SPACE',''
  ) );
#5453 = ORIENTED_EDGE('',*,*,#5359,.F.);
#5454 = ORIENTED_EDGE('',*,*,#1627,.T.);
#5455 = ORIENTED_EDGE('',*,*,#5456,.T.);
#5456 = EDGE_CURVE('',#1628,#5431,#5457,.T.);
#5457 = SURFACE_CURVE('',#5458,(#5462,#5468),.PCURVE_S1.);
#5458 = LINE('',#5459,#5460);
#5459 = CARTESIAN_POINT('',(-11.13644712743,-5.575,4.));
#5460 = VECTOR('',#5461,1.);
#5461 = DIRECTION('',(0.,0.,1.));
#5462 = PCURVE('',#1644,#5463);
#5463 = DEFINITIONAL_REPRESENTATION('',(#5464),#5467);
#5464 = B_SPLINE_CURVE_WITH_KNOTS('',1,(#5465,#5466),.UNSPECIFIED.,.F.,
  .F.,(2,2),(-6.E-07,3.8000006),.PIECEWISE_BEZIER_KNOTS.);
#5465 = CARTESIAN_POINT('',(1.215375125105,-6.E-07));
#5466 = CARTESIAN_POINT('',(1.215375125105,3.8000006));
#5467 = ( GEOMETRIC_REPRESENTATION_CONTEXT(2) 
PARAMETRIC_REPRESENTATION_CONTEXT() REPRESENTATION_CONTEXT('2D SPACE',''
  ) );
#5468 = PCURVE('',#1672,#5469);
#5469 = DEFINITIONAL_REPRESENTATION('',(#5470),#5473);
#5470 = B_SPLINE_CURVE_WITH_KNOTS('',1,(#5471,#5472),.UNSPECIFIED.,.F.,
  .F.,(2,2),(-6.E-07,3.8000006),.PIECEWISE_BEZIER_KNOTS.);
#5471 = CARTESIAN_POINT('',(-6.E-07,3.188552872566));
#5472 = CARTESIAN_POINT('',(3.8000006,3.188552872566));
#5473 = ( GEOMETRIC_REPRESENTATION_CONTEXT(2) 
PARAMETRIC_REPRESENTATION_CONTEXT() REPRESENTATION_CONTEXT('2D SPACE',''
  ) );
#5474 = ADVANCED_FACE('',(#5475),#1699,.F.);
#5475 = FACE_BOUND('',#5476,.F.);
#5476 = EDGE_LOOP('',(#5477,#5478,#5502,#5521));
#5477 = ORIENTED_EDGE('',*,*,#5408,.T.);
#5478 = ORIENTED_EDGE('',*,*,#5479,.F.);
#5479 = EDGE_CURVE('',#5480,#5381,#5482,.T.);
#5480 = VERTEX_POINT('',#5481);
#5481 = CARTESIAN_POINT('',(11.136447127434,-5.575,7.8));
#5482 = SURFACE_CURVE('',#5483,(#5488,#5495),.PCURVE_S1.);
#5483 = CIRCLE('',#5484,3.2);
#5484 = AXIS2_PLACEMENT_3D('',#5485,#5486,#5487);
#5485 = CARTESIAN_POINT('',(12.25,-8.575,7.8));
#5486 = DIRECTION('',(0.,0.,1.));
#5487 = DIRECTION('',(1.,0.,0.));
#5488 = PCURVE('',#1699,#5489);
#5489 = DEFINITIONAL_REPRESENTATION('',(#5490),#5494);
#5490 = LINE('',#5491,#5492);
#5491 = CARTESIAN_POINT('',(0.,3.8));
#5492 = VECTOR('',#5493,1.);
#5493 = DIRECTION('',(1.,0.));
#5494 = ( GEOMETRIC_REPRESENTATION_CONTEXT(2) 
PARAMETRIC_REPRESENTATION_CONTEXT() REPRESENTATION_CONTEXT('2D SPACE',''
  ) );
#5495 = PCURVE('',#5396,#5496);
#5496 = DEFINITIONAL_REPRESENTATION('',(#5497),#5501);
#5497 = CIRCLE('',#5498,3.2);
#5498 = AXIS2_PLACEMENT_2D('',#5499,#5500);
#5499 = CARTESIAN_POINT('',(27.775,-1.8));
#5500 = DIRECTION('',(1.,0.));
#5501 = ( GEOMETRIC_REPRESENTATION_CONTEXT(2) 
PARAMETRIC_REPRESENTATION_CONTEXT() REPRESENTATION_CONTEXT('2D SPACE',''
  ) );
#5502 = ORIENTED_EDGE('',*,*,#5503,.F.);
#5503 = EDGE_CURVE('',#1657,#5480,#5504,.T.);
#5504 = SURFACE_CURVE('',#5505,(#5509,#5515),.PCURVE_S1.);
#5505 = LINE('',#5506,#5507);
#5506 = CARTESIAN_POINT('',(11.136447127434,-5.575,4.));
#5507 = VECTOR('',#5508,1.);
#5508 = DIRECTION('',(0.,0.,1.));
#5509 = PCURVE('',#1699,#5510);
#5510 = DEFINITIONAL_REPRESENTATION('',(#5511),#5514);
#5511 = B_SPLINE_CURVE_WITH_KNOTS('',1,(#5512,#5513),.UNSPECIFIED.,.F.,
  .F.,(2,2),(-6.E-07,3.8000006),.PIECEWISE_BEZIER_KNOTS.);
#5512 = CARTESIAN_POINT('',(1.926217528485,-6.E-07));
#5513 = CARTESIAN_POINT('',(1.926217528485,3.8000006));
#5514 = ( GEOMETRIC_REPRESENTATION_CONTEXT(2) 
PARAMETRIC_REPRESENTATION_CONTEXT() REPRESENTATION_CONTEXT('2D SPACE',''
  ) );
#5515 = PCURVE('',#1672,#5516);
#5516 = DEFINITIONAL_REPRESENTATION('',(#5517),#5520);
#5517 = B_SPLINE_CURVE_WITH_KNOTS('',1,(#5518,#5519),.UNSPECIFIED.,.F.,
  .F.,(2,2),(-6.E-07,3.8000006),.PIECEWISE_BEZIER_KNOTS.);
#5518 = CARTESIAN_POINT('',(-6.E-07,25.461447127434));
#5519 = CARTESIAN_POINT('',(3.8000006,25.461447127434));
#5520 = ( GEOMETRIC_REPRESENTATION_CONTEXT(2) 
PARAMETRIC_REPRESENTATION_CONTEXT() REPRESENTATION_CONTEXT('2D SPACE',''
  ) );
#5521 = ORIENTED_EDGE('',*,*,#1684,.T.);
#5522 = ADVANCED_FACE('',(#5523),#1672,.T.);
#5523 = FACE_BOUND('',#5524,.T.);
#5524 = EDGE_LOOP('',(#5525,#5526,#5527,#5548));
#5525 = ORIENTED_EDGE('',*,*,#1656,.F.);
#5526 = ORIENTED_EDGE('',*,*,#5456,.T.);
#5527 = ORIENTED_EDGE('',*,*,#5528,.T.);
#5528 = EDGE_CURVE('',#5431,#5480,#5529,.T.);
#5529 = SURFACE_CURVE('',#5530,(#5534,#5541),.PCURVE_S1.);
#5530 = LINE('',#5531,#5532);
#5531 = CARTESIAN_POINT('',(-14.325,-5.575,7.8));
#5532 = VECTOR('',#5533,1.);
#5533 = DIRECTION('',(1.,0.,0.));
#5534 = PCURVE('',#1672,#5535);
#5535 = DEFINITIONAL_REPRESENTATION('',(#5536),#5540);
#5536 = LINE('',#5537,#5538);
#5537 = CARTESIAN_POINT('',(3.8,0.));
#5538 = VECTOR('',#5539,1.);
#5539 = DIRECTION('',(0.,1.));
#5540 = ( GEOMETRIC_REPRESENTATION_CONTEXT(2) 
PARAMETRIC_REPRESENTATION_CONTEXT() REPRESENTATION_CONTEXT('2D SPACE',''
  ) );
#5541 = PCURVE('',#5396,#5542);
#5542 = DEFINITIONAL_REPRESENTATION('',(#5543),#5547);
#5543 = LINE('',#5544,#5545);
#5544 = CARTESIAN_POINT('',(1.2,1.2));
#5545 = VECTOR('',#5546,1.);
#5546 = DIRECTION('',(1.,0.));
#5547 = ( GEOMETRIC_REPRESENTATION_CONTEXT(2) 
PARAMETRIC_REPRESENTATION_CONTEXT() REPRESENTATION_CONTEXT('2D SPACE',''
  ) );
#5548 = ORIENTED_EDGE('',*,*,#5503,.F.);
#5549 = ADVANCED_FACE('',(#5550),#1731,.F.);
#5550 = FACE_BOUND('',#5551,.F.);
#5551 = EDGE_LOOP('',(#5552,#5575,#5576,#5599));
#5552 = ORIENTED_EDGE('',*,*,#5553,.F.);
#5553 = EDGE_CURVE('',#1714,#5554,#5556,.T.);
#5554 = VERTEX_POINT('',#5555);
#5555 = CARTESIAN_POINT('',(-13.05,-5.5,6.5));
#5556 = SURFACE_CURVE('',#5557,(#5561,#5568),.PCURVE_S1.);
#5557 = LINE('',#5558,#5559);
#5558 = CARTESIAN_POINT('',(-13.05,-5.5,4.));
#5559 = VECTOR('',#5560,1.);
#5560 = DIRECTION('',(0.,0.,1.));
#5561 = PCURVE('',#1731,#5562);
#5562 = DEFINITIONAL_REPRESENTATION('',(#5563),#5567);
#5563 = LINE('',#5564,#5565);
#5564 = CARTESIAN_POINT('',(0.,0.));
#5565 = VECTOR('',#5566,1.);
#5566 = DIRECTION('',(1.,0.));
#5567 = ( GEOMETRIC_REPRESENTATION_CONTEXT(2) 
PARAMETRIC_REPRESENTATION_CONTEXT() REPRESENTATION_CONTEXT('2D SPACE',''
  ) );
#5568 = PCURVE('',#1813,#5569);
#5569 = DEFINITIONAL_REPRESENTATION('',(#5570),#5574);
#5570 = LINE('',#5571,#5572);
#5571 = CARTESIAN_POINT('',(0.,0.));
#5572 = VECTOR('',#5573,1.);
#5573 = DIRECTION('',(1.,0.));
#5574 = ( GEOMETRIC_REPRESENTATION_CONTEXT(2) 
PARAMETRIC_REPRESENTATION_CONTEXT() REPRESENTATION_CONTEXT('2D SPACE',''
  ) );
#5575 = ORIENTED_EDGE('',*,*,#1713,.T.);
#5576 = ORIENTED_EDGE('',*,*,#5577,.T.);
#5577 = EDGE_CURVE('',#1716,#5578,#5580,.T.);
#5578 = VERTEX_POINT('',#5579);
#5579 = CARTESIAN_POINT('',(-13.05,-4.5,6.5));
#5580 = SURFACE_CURVE('',#5581,(#5585,#5592),.PCURVE_S1.);
#5581 = LINE('',#5582,#5583);
#5582 = CARTESIAN_POINT('',(-13.05,-4.5,4.));
#5583 = VECTOR('',#5584,1.);
#5584 = DIRECTION('',(0.,0.,1.));
#5585 = PCURVE('',#1731,#5586);
#5586 = DEFINITIONAL_REPRESENTATION('',(#5587),#5591);
#5587 = LINE('',#5588,#5589);
#5588 = CARTESIAN_POINT('',(0.,-1.));
#5589 = VECTOR('',#5590,1.);
#5590 = DIRECTION('',(1.,0.));
#5591 = ( GEOMETRIC_REPRESENTATION_CONTEXT(2) 
PARAMETRIC_REPRESENTATION_CONTEXT() REPRESENTATION_CONTEXT('2D SPACE',''
  ) );
#5592 = PCURVE('',#1759,#5593);
#5593 = DEFINITIONAL_REPRESENTATION('',(#5594),#5598);
#5594 = LINE('',#5595,#5596);
#5595 = CARTESIAN_POINT('',(0.,0.));
#5596 = VECTOR('',#5597,1.);
#5597 = DIRECTION('',(1.,0.));
#5598 = ( GEOMETRIC_REPRESENTATION_CONTEXT(2) 
PARAMETRIC_REPRESENTATION_CONTEXT() REPRESENTATION_CONTEXT('2D SPACE',''
  ) );
#5599 = ORIENTED_EDGE('',*,*,#5600,.F.);
#5600 = EDGE_CURVE('',#5554,#5578,#5601,.T.);
#5601 = SURFACE_CURVE('',#5602,(#5606,#5613),.PCURVE_S1.);
#5602 = LINE('',#5603,#5604);
#5603 = CARTESIAN_POINT('',(-13.05,-5.5,6.5));
#5604 = VECTOR('',#5605,1.);
#5605 = DIRECTION('',(0.,1.,0.));
#5606 = PCURVE('',#1731,#5607);
#5607 = DEFINITIONAL_REPRESENTATION('',(#5608),#5612);
#5608 = LINE('',#5609,#5610);
#5609 = CARTESIAN_POINT('',(2.5,0.));
#5610 = VECTOR('',#5611,1.);
#5611 = DIRECTION('',(0.,-1.));
#5612 = ( GEOMETRIC_REPRESENTATION_CONTEXT(2) 
PARAMETRIC_REPRESENTATION_CONTEXT() REPRESENTATION_CONTEXT('2D SPACE',''
  ) );
#5613 = PCURVE('',#5614,#5619);
#5614 = PLANE('',#5615);
#5615 = AXIS2_PLACEMENT_3D('',#5616,#5617,#5618);
#5616 = CARTESIAN_POINT('',(-13.05,-5.5,6.5));
#5617 = DIRECTION('',(0.,0.,1.));
#5618 = DIRECTION('',(1.,0.,0.));
#5619 = DEFINITIONAL_REPRESENTATION('',(#5620),#5624);
#5620 = LINE('',#5621,#5622);
#5621 = CARTESIAN_POINT('',(0.,0.));
#5622 = VECTOR('',#5623,1.);
#5623 = DIRECTION('',(0.,1.));
#5624 = ( GEOMETRIC_REPRESENTATION_CONTEXT(2) 
PARAMETRIC_REPRESENTATION_CONTEXT() REPRESENTATION_CONTEXT('2D SPACE',''
  ) );
#5625 = ADVANCED_FACE('',(#5626),#1759,.T.);
#5626 = FACE_BOUND('',#5627,.T.);
#5627 = EDGE_LOOP('',(#5628,#5629,#5630,#5653));
#5628 = ORIENTED_EDGE('',*,*,#1743,.F.);
#5629 = ORIENTED_EDGE('',*,*,#5577,.T.);
#5630 = ORIENTED_EDGE('',*,*,#5631,.T.);
#5631 = EDGE_CURVE('',#5578,#5632,#5634,.T.);
#5632 = VERTEX_POINT('',#5633);
#5633 = CARTESIAN_POINT('',(-12.05,-4.5,6.5));
#5634 = SURFACE_CURVE('',#5635,(#5639,#5646),.PCURVE_S1.);
#5635 = LINE('',#5636,#5637);
#5636 = CARTESIAN_POINT('',(-13.05,-4.5,6.5));
#5637 = VECTOR('',#5638,1.);
#5638 = DIRECTION('',(1.,0.,0.));
#5639 = PCURVE('',#1759,#5640);
#5640 = DEFINITIONAL_REPRESENTATION('',(#5641),#5645);
#5641 = LINE('',#5642,#5643);
#5642 = CARTESIAN_POINT('',(2.5,0.));
#5643 = VECTOR('',#5644,1.);
#5644 = DIRECTION('',(0.,1.));
#5645 = ( GEOMETRIC_REPRESENTATION_CONTEXT(2) 
PARAMETRIC_REPRESENTATION_CONTEXT() REPRESENTATION_CONTEXT('2D SPACE',''
  ) );
#5646 = PCURVE('',#5614,#5647);
#5647 = DEFINITIONAL_REPRESENTATION('',(#5648),#5652);
#5648 = LINE('',#5649,#5650);
#5649 = CARTESIAN_POINT('',(0.,1.));
#5650 = VECTOR('',#5651,1.);
#5651 = DIRECTION('',(1.,0.));
#5652 = ( GEOMETRIC_REPRESENTATION_CONTEXT(2) 
PARAMETRIC_REPRESENTATION_CONTEXT() REPRESENTATION_CONTEXT('2D SPACE',''
  ) );
#5653 = ORIENTED_EDGE('',*,*,#5654,.F.);
#5654 = EDGE_CURVE('',#1744,#5632,#5655,.T.);
#5655 = SURFACE_CURVE('',#5656,(#5660,#5667),.PCURVE_S1.);
#5656 = LINE('',#5657,#5658);
#5657 = CARTESIAN_POINT('',(-12.05,-4.5,4.));
#5658 = VECTOR('',#5659,1.);
#5659 = DIRECTION('',(0.,0.,1.));
#5660 = PCURVE('',#1759,#5661);
#5661 = DEFINITIONAL_REPRESENTATION('',(#5662),#5666);
#5662 = LINE('',#5663,#5664);
#5663 = CARTESIAN_POINT('',(0.,1.));
#5664 = VECTOR('',#5665,1.);
#5665 = DIRECTION('',(1.,0.));
#5666 = ( GEOMETRIC_REPRESENTATION_CONTEXT(2) 
PARAMETRIC_REPRESENTATION_CONTEXT() REPRESENTATION_CONTEXT('2D SPACE',''
  ) );
#5667 = PCURVE('',#1787,#5668);
#5668 = DEFINITIONAL_REPRESENTATION('',(#5669),#5673);
#5669 = LINE('',#5670,#5671);
#5670 = CARTESIAN_POINT('',(0.,-1.));
#5671 = VECTOR('',#5672,1.);
#5672 = DIRECTION('',(1.,0.));
#5673 = ( GEOMETRIC_REPRESENTATION_CONTEXT(2) 
PARAMETRIC_REPRESENTATION_CONTEXT() REPRESENTATION_CONTEXT('2D SPACE',''
  ) );
#5674 = ADVANCED_FACE('',(#5675),#1813,.F.);
#5675 = FACE_BOUND('',#5676,.F.);
#5676 = EDGE_LOOP('',(#5677,#5678,#5679,#5702));
#5677 = ORIENTED_EDGE('',*,*,#1799,.F.);
#5678 = ORIENTED_EDGE('',*,*,#5553,.T.);
#5679 = ORIENTED_EDGE('',*,*,#5680,.T.);
#5680 = EDGE_CURVE('',#5554,#5681,#5683,.T.);
#5681 = VERTEX_POINT('',#5682);
#5682 = CARTESIAN_POINT('',(-12.05,-5.5,6.5));
#5683 = SURFACE_CURVE('',#5684,(#5688,#5695),.PCURVE_S1.);
#5684 = LINE('',#5685,#5686);
#5685 = CARTESIAN_POINT('',(-13.05,-5.5,6.5));
#5686 = VECTOR('',#5687,1.);
#5687 = DIRECTION('',(1.,0.,0.));
#5688 = PCURVE('',#1813,#5689);
#5689 = DEFINITIONAL_REPRESENTATION('',(#5690),#5694);
#5690 = LINE('',#5691,#5692);
#5691 = CARTESIAN_POINT('',(2.5,0.));
#5692 = VECTOR('',#5693,1.);
#5693 = DIRECTION('',(0.,1.));
#5694 = ( GEOMETRIC_REPRESENTATION_CONTEXT(2) 
PARAMETRIC_REPRESENTATION_CONTEXT() REPRESENTATION_CONTEXT('2D SPACE',''
  ) );
#5695 = PCURVE('',#5614,#5696);
#5696 = DEFINITIONAL_REPRESENTATION('',(#5697),#5701);
#5697 = LINE('',#5698,#5699);
#5698 = CARTESIAN_POINT('',(0.,0.));
#5699 = VECTOR('',#5700,1.);
#5700 = DIRECTION('',(1.,0.));
#5701 = ( GEOMETRIC_REPRESENTATION_CONTEXT(2) 
PARAMETRIC_REPRESENTATION_CONTEXT() REPRESENTATION_CONTEXT('2D SPACE',''
  ) );
#5702 = ORIENTED_EDGE('',*,*,#5703,.F.);
#5703 = EDGE_CURVE('',#1772,#5681,#5704,.T.);
#5704 = SURFACE_CURVE('',#5705,(#5709,#5716),.PCURVE_S1.);
#5705 = LINE('',#5706,#5707);
#5706 = CARTESIAN_POINT('',(-12.05,-5.5,4.));
#5707 = VECTOR('',#5708,1.);
#5708 = DIRECTION('',(0.,0.,1.));
#5709 = PCURVE('',#1813,#5710);
#5710 = DEFINITIONAL_REPRESENTATION('',(#5711),#5715);
#5711 = LINE('',#5712,#5713);
#5712 = CARTESIAN_POINT('',(0.,1.));
#5713 = VECTOR('',#5714,1.);
#5714 = DIRECTION('',(1.,0.));
#5715 = ( GEOMETRIC_REPRESENTATION_CONTEXT(2) 
PARAMETRIC_REPRESENTATION_CONTEXT() REPRESENTATION_CONTEXT('2D SPACE',''
  ) );
#5716 = PCURVE('',#1787,#5717);
#5717 = DEFINITIONAL_REPRESENTATION('',(#5718),#5722);
#5718 = LINE('',#5719,#5720);
#5719 = CARTESIAN_POINT('',(0.,0.));
#5720 = VECTOR('',#5721,1.);
#5721 = DIRECTION('',(1.,0.));
#5722 = ( GEOMETRIC_REPRESENTATION_CONTEXT(2) 
PARAMETRIC_REPRESENTATION_CONTEXT() REPRESENTATION_CONTEXT('2D SPACE',''
  ) );
#5723 = ADVANCED_FACE('',(#5724),#1787,.T.);
#5724 = FACE_BOUND('',#5725,.T.);
#5725 = EDGE_LOOP('',(#5726,#5727,#5728,#5729));
#5726 = ORIENTED_EDGE('',*,*,#5703,.F.);
#5727 = ORIENTED_EDGE('',*,*,#1771,.T.);
#5728 = ORIENTED_EDGE('',*,*,#5654,.T.);
#5729 = ORIENTED_EDGE('',*,*,#5730,.F.);
#5730 = EDGE_CURVE('',#5681,#5632,#5731,.T.);
#5731 = SURFACE_CURVE('',#5732,(#5736,#5743),.PCURVE_S1.);
#5732 = LINE('',#5733,#5734);
#5733 = CARTESIAN_POINT('',(-12.05,-5.5,6.5));
#5734 = VECTOR('',#5735,1.);
#5735 = DIRECTION('',(0.,1.,0.));
#5736 = PCURVE('',#1787,#5737);
#5737 = DEFINITIONAL_REPRESENTATION('',(#5738),#5742);
#5738 = LINE('',#5739,#5740);
#5739 = CARTESIAN_POINT('',(2.5,0.));
#5740 = VECTOR('',#5741,1.);
#5741 = DIRECTION('',(0.,-1.));
#5742 = ( GEOMETRIC_REPRESENTATION_CONTEXT(2) 
PARAMETRIC_REPRESENTATION_CONTEXT() REPRESENTATION_CONTEXT('2D SPACE',''
  ) );
#5743 = PCURVE('',#5614,#5744);
#5744 = DEFINITIONAL_REPRESENTATION('',(#5745),#5749);
#5745 = LINE('',#5746,#5747);
#5746 = CARTESIAN_POINT('',(1.,0.));
#5747 = VECTOR('',#5748,1.);
#5748 = DIRECTION('',(0.,1.));
#5749 = ( GEOMETRIC_REPRESENTATION_CONTEXT(2) 
PARAMETRIC_REPRESENTATION_CONTEXT() REPRESENTATION_CONTEXT('2D SPACE',''
  ) );
#5750 = ADVANCED_FACE('',(#5751),#1844,.F.);
#5751 = FACE_BOUND('',#5752,.F.);
#5752 = EDGE_LOOP('',(#5753,#5776,#5777,#5778));
#5753 = ORIENTED_EDGE('',*,*,#5754,.T.);
#5754 = EDGE_CURVE('',#5755,#1828,#5757,.T.);
#5755 = VERTEX_POINT('',#5756);
#5756 = CARTESIAN_POINT('',(13.85,-8.575,2.));
#5757 = SEAM_CURVE('',#5758,(#5762,#5769),.PCURVE_S1.);
#5758 = LINE('',#5759,#5760);
#5759 = CARTESIAN_POINT('',(13.85,-8.575,-6.));
#5760 = VECTOR('',#5761,1.);
#5761 = DIRECTION('',(0.,0.,1.));
#5762 = PCURVE('',#1844,#5763);
#5763 = DEFINITIONAL_REPRESENTATION('',(#5764),#5768);
#5764 = LINE('',#5765,#5766);
#5765 = CARTESIAN_POINT('',(6.28318530718,-0.));
#5766 = VECTOR('',#5767,1.);
#5767 = DIRECTION('',(0.,1.));
#5768 = ( GEOMETRIC_REPRESENTATION_CONTEXT(2) 
PARAMETRIC_REPRESENTATION_CONTEXT() REPRESENTATION_CONTEXT('2D SPACE',''
  ) );
#5769 = PCURVE('',#1844,#5770);
#5770 = DEFINITIONAL_REPRESENTATION('',(#5771),#5775);
#5771 = LINE('',#5772,#5773);
#5772 = CARTESIAN_POINT('',(0.,-0.));
#5773 = VECTOR('',#5774,1.);
#5774 = DIRECTION('',(0.,1.));
#5775 = ( GEOMETRIC_REPRESENTATION_CONTEXT(2) 
PARAMETRIC_REPRESENTATION_CONTEXT() REPRESENTATION_CONTEXT('2D SPACE',''
  ) );
#5776 = ORIENTED_EDGE('',*,*,#1827,.F.);
#5777 = ORIENTED_EDGE('',*,*,#5754,.F.);
#5778 = ORIENTED_EDGE('',*,*,#5779,.T.);
#5779 = EDGE_CURVE('',#5755,#5755,#5780,.T.);
#5780 = SURFACE_CURVE('',#5781,(#5786,#5793),.PCURVE_S1.);
#5781 = CIRCLE('',#5782,1.6);
#5782 = AXIS2_PLACEMENT_3D('',#5783,#5784,#5785);
#5783 = CARTESIAN_POINT('',(12.25,-8.575,2.));
#5784 = DIRECTION('',(0.,0.,1.));
#5785 = DIRECTION('',(1.,0.,-0.));
#5786 = PCURVE('',#1844,#5787);
#5787 = DEFINITIONAL_REPRESENTATION('',(#5788),#5792);
#5788 = LINE('',#5789,#5790);
#5789 = CARTESIAN_POINT('',(0.,8.));
#5790 = VECTOR('',#5791,1.);
#5791 = DIRECTION('',(1.,0.));
#5792 = ( GEOMETRIC_REPRESENTATION_CONTEXT(2) 
PARAMETRIC_REPRESENTATION_CONTEXT() REPRESENTATION_CONTEXT('2D SPACE',''
  ) );
#5793 = PCURVE('',#5794,#5799);
#5794 = PLANE('',#5795);
#5795 = AXIS2_PLACEMENT_3D('',#5796,#5797,#5798);
#5796 = CARTESIAN_POINT('',(12.25,-8.575,2.));
#5797 = DIRECTION('',(0.,0.,1.));
#5798 = DIRECTION('',(1.,0.,0.));
#5799 = DEFINITIONAL_REPRESENTATION('',(#5800),#5804);
#5800 = CIRCLE('',#5801,1.6);
#5801 = AXIS2_PLACEMENT_2D('',#5802,#5803);
#5802 = CARTESIAN_POINT('',(0.,0.));
#5803 = DIRECTION('',(1.,0.));
#5804 = ( GEOMETRIC_REPRESENTATION_CONTEXT(2) 
PARAMETRIC_REPRESENTATION_CONTEXT() REPRESENTATION_CONTEXT('2D SPACE',''
  ) );
#5805 = ADVANCED_FACE('',(#5806),#1876,.F.);
#5806 = FACE_BOUND('',#5807,.F.);
#5807 = EDGE_LOOP('',(#5808,#5831,#5832,#5855));
#5808 = ORIENTED_EDGE('',*,*,#5809,.F.);
#5809 = EDGE_CURVE('',#1859,#5810,#5812,.T.);
#5810 = VERTEX_POINT('',#5811);
#5811 = CARTESIAN_POINT('',(-13.05,4.5,6.5));
#5812 = SURFACE_CURVE('',#5813,(#5817,#5824),.PCURVE_S1.);
#5813 = LINE('',#5814,#5815);
#5814 = CARTESIAN_POINT('',(-13.05,4.5,4.));
#5815 = VECTOR('',#5816,1.);
#5816 = DIRECTION('',(0.,0.,1.));
#5817 = PCURVE('',#1876,#5818);
#5818 = DEFINITIONAL_REPRESENTATION('',(#5819),#5823);
#5819 = LINE('',#5820,#5821);
#5820 = CARTESIAN_POINT('',(0.,0.));
#5821 = VECTOR('',#5822,1.);
#5822 = DIRECTION('',(1.,0.));
#5823 = ( GEOMETRIC_REPRESENTATION_CONTEXT(2) 
PARAMETRIC_REPRESENTATION_CONTEXT() REPRESENTATION_CONTEXT('2D SPACE',''
  ) );
#5824 = PCURVE('',#1958,#5825);
#5825 = DEFINITIONAL_REPRESENTATION('',(#5826),#5830);
#5826 = LINE('',#5827,#5828);
#5827 = CARTESIAN_POINT('',(0.,0.));
#5828 = VECTOR('',#5829,1.);
#5829 = DIRECTION('',(1.,0.));
#5830 = ( GEOMETRIC_REPRESENTATION_CONTEXT(2) 
PARAMETRIC_REPRESENTATION_CONTEXT() REPRESENTATION_CONTEXT('2D SPACE',''
  ) );
#5831 = ORIENTED_EDGE('',*,*,#1858,.T.);
#5832 = ORIENTED_EDGE('',*,*,#5833,.T.);
#5833 = EDGE_CURVE('',#1861,#5834,#5836,.T.);
#5834 = VERTEX_POINT('',#5835);
#5835 = CARTESIAN_POINT('',(-13.05,5.5,6.5));
#5836 = SURFACE_CURVE('',#5837,(#5841,#5848),.PCURVE_S1.);
#5837 = LINE('',#5838,#5839);
#5838 = CARTESIAN_POINT('',(-13.05,5.5,4.));
#5839 = VECTOR('',#5840,1.);
#5840 = DIRECTION('',(0.,0.,1.));
#5841 = PCURVE('',#1876,#5842);
#5842 = DEFINITIONAL_REPRESENTATION('',(#5843),#5847);
#5843 = LINE('',#5844,#5845);
#5844 = CARTESIAN_POINT('',(0.,-1.));
#5845 = VECTOR('',#5846,1.);
#5846 = DIRECTION('',(1.,0.));
#5847 = ( GEOMETRIC_REPRESENTATION_CONTEXT(2) 
PARAMETRIC_REPRESENTATION_CONTEXT() REPRESENTATION_CONTEXT('2D SPACE',''
  ) );
#5848 = PCURVE('',#1904,#5849);
#5849 = DEFINITIONAL_REPRESENTATION('',(#5850),#5854);
#5850 = LINE('',#5851,#5852);
#5851 = CARTESIAN_POINT('',(0.,0.));
#5852 = VECTOR('',#5853,1.);
#5853 = DIRECTION('',(1.,0.));
#5854 = ( GEOMETRIC_REPRESENTATION_CONTEXT(2) 
PARAMETRIC_REPRESENTATION_CONTEXT() REPRESENTATION_CONTEXT('2D SPACE',''
  ) );
#5855 = ORIENTED_EDGE('',*,*,#5856,.F.);
#5856 = EDGE_CURVE('',#5810,#5834,#5857,.T.);
#5857 = SURFACE_CURVE('',#5858,(#5862,#5869),.PCURVE_S1.);
#5858 = LINE('',#5859,#5860);
#5859 = CARTESIAN_POINT('',(-13.05,4.5,6.5));
#5860 = VECTOR('',#5861,1.);
#5861 = DIRECTION('',(0.,1.,0.));
#5862 = PCURVE('',#1876,#5863);
#5863 = DEFINITIONAL_REPRESENTATION('',(#5864),#5868);
#5864 = LINE('',#5865,#5866);
#5865 = CARTESIAN_POINT('',(2.5,0.));
#5866 = VECTOR('',#5867,1.);
#5867 = DIRECTION('',(0.,-1.));
#5868 = ( GEOMETRIC_REPRESENTATION_CONTEXT(2) 
PARAMETRIC_REPRESENTATION_CONTEXT() REPRESENTATION_CONTEXT('2D SPACE',''
  ) );
#5869 = PCURVE('',#5870,#5875);
#5870 = PLANE('',#5871);
#5871 = AXIS2_PLACEMENT_3D('',#5872,#5873,#5874);
#5872 = CARTESIAN_POINT('',(-13.05,4.5,6.5));
#5873 = DIRECTION('',(0.,0.,1.));
#5874 = DIRECTION('',(1.,0.,0.));
#5875 = DEFINITIONAL_REPRESENTATION('',(#5876),#5880);
#5876 = LINE('',#5877,#5878);
#5877 = CARTESIAN_POINT('',(0.,0.));
#5878 = VECTOR('',#5879,1.);
#5879 = DIRECTION('',(0.,1.));
#5880 = ( GEOMETRIC_REPRESENTATION_CONTEXT(2) 
PARAMETRIC_REPRESENTATION_CONTEXT() REPRESENTATION_CONTEXT('2D SPACE',''
  ) );
#5881 = ADVANCED_FACE('',(#5882),#1904,.T.);
#5882 = FACE_BOUND('',#5883,.T.);
#5883 = EDGE_LOOP('',(#5884,#5885,#5886,#5909));
#5884 = ORIENTED_EDGE('',*,*,#1888,.F.);
#5885 = ORIENTED_EDGE('',*,*,#5833,.T.);
#5886 = ORIENTED_EDGE('',*,*,#5887,.T.);
#5887 = EDGE_CURVE('',#5834,#5888,#5890,.T.);
#5888 = VERTEX_POINT('',#5889);
#5889 = CARTESIAN_POINT('',(-12.05,5.5,6.5));
#5890 = SURFACE_CURVE('',#5891,(#5895,#5902),.PCURVE_S1.);
#5891 = LINE('',#5892,#5893);
#5892 = CARTESIAN_POINT('',(-13.05,5.5,6.5));
#5893 = VECTOR('',#5894,1.);
#5894 = DIRECTION('',(1.,0.,0.));
#5895 = PCURVE('',#1904,#5896);
#5896 = DEFINITIONAL_REPRESENTATION('',(#5897),#5901);
#5897 = LINE('',#5898,#5899);
#5898 = CARTESIAN_POINT('',(2.5,0.));
#5899 = VECTOR('',#5900,1.);
#5900 = DIRECTION('',(0.,1.));
#5901 = ( GEOMETRIC_REPRESENTATION_CONTEXT(2) 
PARAMETRIC_REPRESENTATION_CONTEXT() REPRESENTATION_CONTEXT('2D SPACE',''
  ) );
#5902 = PCURVE('',#5870,#5903);
#5903 = DEFINITIONAL_REPRESENTATION('',(#5904),#5908);
#5904 = LINE('',#5905,#5906);
#5905 = CARTESIAN_POINT('',(0.,1.));
#5906 = VECTOR('',#5907,1.);
#5907 = DIRECTION('',(1.,0.));
#5908 = ( GEOMETRIC_REPRESENTATION_CONTEXT(2) 
PARAMETRIC_REPRESENTATION_CONTEXT() REPRESENTATION_CONTEXT('2D SPACE',''
  ) );
#5909 = ORIENTED_EDGE('',*,*,#5910,.F.);
#5910 = EDGE_CURVE('',#1889,#5888,#5911,.T.);
#5911 = SURFACE_CURVE('',#5912,(#5916,#5923),.PCURVE_S1.);
#5912 = LINE('',#5913,#5914);
#5913 = CARTESIAN_POINT('',(-12.05,5.5,4.));
#5914 = VECTOR('',#5915,1.);
#5915 = DIRECTION('',(0.,0.,1.));
#5916 = PCURVE('',#1904,#5917);
#5917 = DEFINITIONAL_REPRESENTATION('',(#5918),#5922);
#5918 = LINE('',#5919,#5920);
#5919 = CARTESIAN_POINT('',(0.,1.));
#5920 = VECTOR('',#5921,1.);
#5921 = DIRECTION('',(1.,0.));
#5922 = ( GEOMETRIC_REPRESENTATION_CONTEXT(2) 
PARAMETRIC_REPRESENTATION_CONTEXT() REPRESENTATION_CONTEXT('2D SPACE',''
  ) );
#5923 = PCURVE('',#1932,#5924);
#5924 = DEFINITIONAL_REPRESENTATION('',(#5925),#5929);
#5925 = LINE('',#5926,#5927);
#5926 = CARTESIAN_POINT('',(0.,-1.));
#5927 = VECTOR('',#5928,1.);
#5928 = DIRECTION('',(1.,0.));
#5929 = ( GEOMETRIC_REPRESENTATION_CONTEXT(2) 
PARAMETRIC_REPRESENTATION_CONTEXT() REPRESENTATION_CONTEXT('2D SPACE',''
  ) );
#5930 = ADVANCED_FACE('',(#5931),#1958,.F.);
#5931 = FACE_BOUND('',#5932,.F.);
#5932 = EDGE_LOOP('',(#5933,#5934,#5935,#5958));
#5933 = ORIENTED_EDGE('',*,*,#1944,.F.);
#5934 = ORIENTED_EDGE('',*,*,#5809,.T.);
#5935 = ORIENTED_EDGE('',*,*,#5936,.T.);
#5936 = EDGE_CURVE('',#5810,#5937,#5939,.T.);
#5937 = VERTEX_POINT('',#5938);
#5938 = CARTESIAN_POINT('',(-12.05,4.5,6.5));
#5939 = SURFACE_CURVE('',#5940,(#5944,#5951),.PCURVE_S1.);
#5940 = LINE('',#5941,#5942);
#5941 = CARTESIAN_POINT('',(-13.05,4.5,6.5));
#5942 = VECTOR('',#5943,1.);
#5943 = DIRECTION('',(1.,0.,0.));
#5944 = PCURVE('',#1958,#5945);
#5945 = DEFINITIONAL_REPRESENTATION('',(#5946),#5950);
#5946 = LINE('',#5947,#5948);
#5947 = CARTESIAN_POINT('',(2.5,0.));
#5948 = VECTOR('',#5949,1.);
#5949 = DIRECTION('',(0.,1.));
#5950 = ( GEOMETRIC_REPRESENTATION_CONTEXT(2) 
PARAMETRIC_REPRESENTATION_CONTEXT() REPRESENTATION_CONTEXT('2D SPACE',''
  ) );
#5951 = PCURVE('',#5870,#5952);
#5952 = DEFINITIONAL_REPRESENTATION('',(#5953),#5957);
#5953 = LINE('',#5954,#5955);
#5954 = CARTESIAN_POINT('',(0.,0.));
#5955 = VECTOR('',#5956,1.);
#5956 = DIRECTION('',(1.,0.));
#5957 = ( GEOMETRIC_REPRESENTATION_CONTEXT(2) 
PARAMETRIC_REPRESENTATION_CONTEXT() REPRESENTATION_CONTEXT('2D SPACE',''
  ) );
#5958 = ORIENTED_EDGE('',*,*,#5959,.F.);
#5959 = EDGE_CURVE('',#1917,#5937,#5960,.T.);
#5960 = SURFACE_CURVE('',#5961,(#5965,#5972),.PCURVE_S1.);
#5961 = LINE('',#5962,#5963);
#5962 = CARTESIAN_POINT('',(-12.05,4.5,4.));
#5963 = VECTOR('',#5964,1.);
#5964 = DIRECTION('',(0.,0.,1.));
#5965 = PCURVE('',#1958,#5966);
#5966 = DEFINITIONAL_REPRESENTATION('',(#5967),#5971);
#5967 = LINE('',#5968,#5969);
#5968 = CARTESIAN_POINT('',(0.,1.));
#5969 = VECTOR('',#5970,1.);
#5970 = DIRECTION('',(1.,0.));
#5971 = ( GEOMETRIC_REPRESENTATION_CONTEXT(2) 
PARAMETRIC_REPRESENTATION_CONTEXT() REPRESENTATION_CONTEXT('2D SPACE',''
  ) );
#5972 = PCURVE('',#1932,#5973);
#5973 = DEFINITIONAL_REPRESENTATION('',(#5974),#5978);
#5974 = LINE('',#5975,#5976);
#5975 = CARTESIAN_POINT('',(0.,0.));
#5976 = VECTOR('',#5977,1.);
#5977 = DIRECTION('',(1.,0.));
#5978 = ( GEOMETRIC_REPRESENTATION_CONTEXT(2) 
PARAMETRIC_REPRESENTATION_CONTEXT() REPRESENTATION_CONTEXT('2D SPACE',''
  ) );
#5979 = ADVANCED_FACE('',(#5980),#1932,.T.);
#5980 = FACE_BOUND('',#5981,.T.);
#5981 = EDGE_LOOP('',(#5982,#5983,#5984,#5985));
#5982 = ORIENTED_EDGE('',*,*,#5959,.F.);
#5983 = ORIENTED_EDGE('',*,*,#1916,.T.);
#5984 = ORIENTED_EDGE('',*,*,#5910,.T.);
#5985 = ORIENTED_EDGE('',*,*,#5986,.F.);
#5986 = EDGE_CURVE('',#5937,#5888,#5987,.T.);
#5987 = SURFACE_CURVE('',#5988,(#5992,#5999),.PCURVE_S1.);
#5988 = LINE('',#5989,#5990);
#5989 = CARTESIAN_POINT('',(-12.05,4.5,6.5));
#5990 = VECTOR('',#5991,1.);
#5991 = DIRECTION('',(0.,1.,0.));
#5992 = PCURVE('',#1932,#5993);
#5993 = DEFINITIONAL_REPRESENTATION('',(#5994),#5998);
#5994 = LINE('',#5995,#5996);
#5995 = CARTESIAN_POINT('',(2.5,0.));
#5996 = VECTOR('',#5997,1.);
#5997 = DIRECTION('',(0.,-1.));
#5998 = ( GEOMETRIC_REPRESENTATION_CONTEXT(2) 
PARAMETRIC_REPRESENTATION_CONTEXT() REPRESENTATION_CONTEXT('2D SPACE',''
  ) );
#5999 = PCURVE('',#5870,#6000);
#6000 = DEFINITIONAL_REPRESENTATION('',(#6001),#6005);
#6001 = LINE('',#6002,#6003);
#6002 = CARTESIAN_POINT('',(1.,0.));
#6003 = VECTOR('',#6004,1.);
#6004 = DIRECTION('',(0.,1.));
#6005 = ( GEOMETRIC_REPRESENTATION_CONTEXT(2) 
PARAMETRIC_REPRESENTATION_CONTEXT() REPRESENTATION_CONTEXT('2D SPACE',''
  ) );
#6006 = ADVANCED_FACE('',(#6007),#1989,.F.);
#6007 = FACE_BOUND('',#6008,.F.);
#6008 = EDGE_LOOP('',(#6009,#6032,#6033,#6034));
#6009 = ORIENTED_EDGE('',*,*,#6010,.T.);
#6010 = EDGE_CURVE('',#6011,#1973,#6013,.T.);
#6011 = VERTEX_POINT('',#6012);
#6012 = CARTESIAN_POINT('',(-10.65,8.575,2.));
#6013 = SEAM_CURVE('',#6014,(#6018,#6025),.PCURVE_S1.);
#6014 = LINE('',#6015,#6016);
#6015 = CARTESIAN_POINT('',(-10.65,8.575,-6.));
#6016 = VECTOR('',#6017,1.);
#6017 = DIRECTION('',(0.,0.,1.));
#6018 = PCURVE('',#1989,#6019);
#6019 = DEFINITIONAL_REPRESENTATION('',(#6020),#6024);
#6020 = LINE('',#6021,#6022);
#6021 = CARTESIAN_POINT('',(6.28318530718,-0.));
#6022 = VECTOR('',#6023,1.);
#6023 = DIRECTION('',(0.,1.));
#6024 = ( GEOMETRIC_REPRESENTATION_CONTEXT(2) 
PARAMETRIC_REPRESENTATION_CONTEXT() REPRESENTATION_CONTEXT('2D SPACE',''
  ) );
#6025 = PCURVE('',#1989,#6026);
#6026 = DEFINITIONAL_REPRESENTATION('',(#6027),#6031);
#6027 = LINE('',#6028,#6029);
#6028 = CARTESIAN_POINT('',(0.,-0.));
#6029 = VECTOR('',#6030,1.);
#6030 = DIRECTION('',(0.,1.));
#6031 = ( GEOMETRIC_REPRESENTATION_CONTEXT(2) 
PARAMETRIC_REPRESENTATION_CONTEXT() REPRESENTATION_CONTEXT('2D SPACE',''
  ) );
#6032 = ORIENTED_EDGE('',*,*,#1972,.F.);
#6033 = ORIENTED_EDGE('',*,*,#6010,.F.);
#6034 = ORIENTED_EDGE('',*,*,#6035,.T.);
#6035 = EDGE_CURVE('',#6011,#6011,#6036,.T.);
#6036 = SURFACE_CURVE('',#6037,(#6042,#6049),.PCURVE_S1.);
#6037 = CIRCLE('',#6038,1.6);
#6038 = AXIS2_PLACEMENT_3D('',#6039,#6040,#6041);
#6039 = CARTESIAN_POINT('',(-12.25,8.575,2.));
#6040 = DIRECTION('',(0.,0.,1.));
#6041 = DIRECTION('',(1.,0.,-0.));
#6042 = PCURVE('',#1989,#6043);
#6043 = DEFINITIONAL_REPRESENTATION('',(#6044),#6048);
#6044 = LINE('',#6045,#6046);
#6045 = CARTESIAN_POINT('',(0.,8.));
#6046 = VECTOR('',#6047,1.);
#6047 = DIRECTION('',(1.,0.));
#6048 = ( GEOMETRIC_REPRESENTATION_CONTEXT(2) 
PARAMETRIC_REPRESENTATION_CONTEXT() REPRESENTATION_CONTEXT('2D SPACE',''
  ) );
#6049 = PCURVE('',#6050,#6055);
#6050 = PLANE('',#6051);
#6051 = AXIS2_PLACEMENT_3D('',#6052,#6053,#6054);
#6052 = CARTESIAN_POINT('',(-12.25,8.575,2.));
#6053 = DIRECTION('',(0.,0.,1.));
#6054 = DIRECTION('',(1.,0.,0.));
#6055 = DEFINITIONAL_REPRESENTATION('',(#6056),#6060);
#6056 = CIRCLE('',#6057,1.6);
#6057 = AXIS2_PLACEMENT_2D('',#6058,#6059);
#6058 = CARTESIAN_POINT('',(0.,0.));
#6059 = DIRECTION('',(1.,0.));
#6060 = ( GEOMETRIC_REPRESENTATION_CONTEXT(2) 
PARAMETRIC_REPRESENTATION_CONTEXT() REPRESENTATION_CONTEXT('2D SPACE',''
  ) );
#6061 = ADVANCED_FACE('',(#6062),#2022,.F.);
#6062 = FACE_BOUND('',#6063,.F.);
#6063 = EDGE_LOOP('',(#6064,#6085,#6114,#6133));
#6064 = ORIENTED_EDGE('',*,*,#6065,.T.);
#6065 = EDGE_CURVE('',#2006,#6066,#6068,.T.);
#6066 = VERTEX_POINT('',#6067);
#6067 = CARTESIAN_POINT('',(-9.604248688935,6.775,7.8));
#6068 = SURFACE_CURVE('',#6069,(#6073,#6079),.PCURVE_S1.);
#6069 = LINE('',#6070,#6071);
#6070 = CARTESIAN_POINT('',(-9.604248688935,6.775,4.));
#6071 = VECTOR('',#6072,1.);
#6072 = DIRECTION('',(0.,0.,1.));
#6073 = PCURVE('',#2022,#6074);
#6074 = DEFINITIONAL_REPRESENTATION('',(#6075),#6078);
#6075 = B_SPLINE_CURVE_WITH_KNOTS('',1,(#6076,#6077),.UNSPECIFIED.,.F.,
  .F.,(2,2),(-6.E-07,3.8000006),.PIECEWISE_BEZIER_KNOTS.);
#6076 = CARTESIAN_POINT('',(5.685778890534,-6.E-07));
#6077 = CARTESIAN_POINT('',(5.685778890534,3.8000006));
#6078 = ( GEOMETRIC_REPRESENTATION_CONTEXT(2) 
PARAMETRIC_REPRESENTATION_CONTEXT() REPRESENTATION_CONTEXT('2D SPACE',''
  ) );
#6079 = PCURVE('',#2050,#6080);
#6080 = DEFINITIONAL_REPRESENTATION('',(#6081),#6084);
#6081 = B_SPLINE_CURVE_WITH_KNOTS('',1,(#6082,#6083),.UNSPECIFIED.,.F.,
  .F.,(2,2),(-6.E-07,3.8000006),.PIECEWISE_BEZIER_KNOTS.);
#6082 = CARTESIAN_POINT('',(-6.E-07,5.920751311065));
#6083 = CARTESIAN_POINT('',(3.8000006,5.920751311065));
#6084 = ( GEOMETRIC_REPRESENTATION_CONTEXT(2) 
PARAMETRIC_REPRESENTATION_CONTEXT() REPRESENTATION_CONTEXT('2D SPACE',''
  ) );
#6085 = ORIENTED_EDGE('',*,*,#6086,.F.);
#6086 = EDGE_CURVE('',#6087,#6066,#6089,.T.);
#6087 = VERTEX_POINT('',#6088);
#6088 = CARTESIAN_POINT('',(-11.13644712743,5.575,7.8));
#6089 = SURFACE_CURVE('',#6090,(#6095,#6102),.PCURVE_S1.);
#6090 = CIRCLE('',#6091,3.2);
#6091 = AXIS2_PLACEMENT_3D('',#6092,#6093,#6094);
#6092 = CARTESIAN_POINT('',(-12.25,8.575,7.8));
#6093 = DIRECTION('',(0.,0.,1.));
#6094 = DIRECTION('',(1.,0.,0.));
#6095 = PCURVE('',#2022,#6096);
#6096 = DEFINITIONAL_REPRESENTATION('',(#6097),#6101);
#6097 = LINE('',#6098,#6099);
#6098 = CARTESIAN_POINT('',(0.,3.8));
#6099 = VECTOR('',#6100,1.);
#6100 = DIRECTION('',(1.,0.));
#6101 = ( GEOMETRIC_REPRESENTATION_CONTEXT(2) 
PARAMETRIC_REPRESENTATION_CONTEXT() REPRESENTATION_CONTEXT('2D SPACE',''
  ) );
#6102 = PCURVE('',#6103,#6108);
#6103 = PLANE('',#6104);
#6104 = AXIS2_PLACEMENT_3D('',#6105,#6106,#6107);
#6105 = CARTESIAN_POINT('',(-15.525,-6.775,7.8));
#6106 = DIRECTION('',(0.,0.,1.));
#6107 = DIRECTION('',(1.,0.,0.));
#6108 = DEFINITIONAL_REPRESENTATION('',(#6109),#6113);
#6109 = CIRCLE('',#6110,3.2);
#6110 = AXIS2_PLACEMENT_2D('',#6111,#6112);
#6111 = CARTESIAN_POINT('',(3.275,15.35));
#6112 = DIRECTION('',(1.,0.));
#6113 = ( GEOMETRIC_REPRESENTATION_CONTEXT(2) 
PARAMETRIC_REPRESENTATION_CONTEXT() REPRESENTATION_CONTEXT('2D SPACE',''
  ) );
#6114 = ORIENTED_EDGE('',*,*,#6115,.F.);
#6115 = EDGE_CURVE('',#2004,#6087,#6116,.T.);
#6116 = SURFACE_CURVE('',#6117,(#6121,#6127),.PCURVE_S1.);
#6117 = LINE('',#6118,#6119);
#6118 = CARTESIAN_POINT('',(-11.13644712743,5.575,4.));
#6119 = VECTOR('',#6120,1.);
#6120 = DIRECTION('',(0.,0.,1.));
#6121 = PCURVE('',#2022,#6122);
#6122 = DEFINITIONAL_REPRESENTATION('',(#6123),#6126);
#6123 = B_SPLINE_CURVE_WITH_KNOTS('',1,(#6124,#6125),.UNSPECIFIED.,.F.,
  .F.,(2,2),(-6.E-07,3.8000006),.PIECEWISE_BEZIER_KNOTS.);
#6124 = CARTESIAN_POINT('',(5.067810182075,-6.E-07));
#6125 = CARTESIAN_POINT('',(5.067810182075,3.8000006));
#6126 = ( GEOMETRIC_REPRESENTATION_CONTEXT(2) 
PARAMETRIC_REPRESENTATION_CONTEXT() REPRESENTATION_CONTEXT('2D SPACE',''
  ) );
#6127 = PCURVE('',#2105,#6128);
#6128 = DEFINITIONAL_REPRESENTATION('',(#6129),#6132);
#6129 = B_SPLINE_CURVE_WITH_KNOTS('',1,(#6130,#6131),.UNSPECIFIED.,.F.,
  .F.,(2,2),(-6.E-07,3.8000006),.PIECEWISE_BEZIER_KNOTS.);
#6130 = CARTESIAN_POINT('',(-6.E-07,3.188552872566));
#6131 = CARTESIAN_POINT('',(3.8000006,3.188552872566));
#6132 = ( GEOMETRIC_REPRESENTATION_CONTEXT(2) 
PARAMETRIC_REPRESENTATION_CONTEXT() REPRESENTATION_CONTEXT('2D SPACE',''
  ) );
#6133 = ORIENTED_EDGE('',*,*,#2003,.T.);
#6134 = ADVANCED_FACE('',(#6135),#2105,.F.);
#6135 = FACE_BOUND('',#6136,.F.);
#6136 = EDGE_LOOP('',(#6137,#6138,#6139,#6162));
#6137 = ORIENTED_EDGE('',*,*,#2091,.F.);
#6138 = ORIENTED_EDGE('',*,*,#6115,.T.);
#6139 = ORIENTED_EDGE('',*,*,#6140,.T.);
#6140 = EDGE_CURVE('',#6087,#6141,#6143,.T.);
#6141 = VERTEX_POINT('',#6142);
#6142 = CARTESIAN_POINT('',(11.136447127434,5.575,7.8));
#6143 = SURFACE_CURVE('',#6144,(#6148,#6155),.PCURVE_S1.);
#6144 = LINE('',#6145,#6146);
#6145 = CARTESIAN_POINT('',(-14.325,5.575,7.8));
#6146 = VECTOR('',#6147,1.);
#6147 = DIRECTION('',(1.,0.,0.));
#6148 = PCURVE('',#2105,#6149);
#6149 = DEFINITIONAL_REPRESENTATION('',(#6150),#6154);
#6150 = LINE('',#6151,#6152);
#6151 = CARTESIAN_POINT('',(3.8,0.));
#6152 = VECTOR('',#6153,1.);
#6153 = DIRECTION('',(0.,1.));
#6154 = ( GEOMETRIC_REPRESENTATION_CONTEXT(2) 
PARAMETRIC_REPRESENTATION_CONTEXT() REPRESENTATION_CONTEXT('2D SPACE',''
  ) );
#6155 = PCURVE('',#6103,#6156);
#6156 = DEFINITIONAL_REPRESENTATION('',(#6157),#6161);
#6157 = LINE('',#6158,#6159);
#6158 = CARTESIAN_POINT('',(1.2,12.35));
#6159 = VECTOR('',#6160,1.);
#6160 = DIRECTION('',(1.,0.));
#6161 = ( GEOMETRIC_REPRESENTATION_CONTEXT(2) 
PARAMETRIC_REPRESENTATION_CONTEXT() REPRESENTATION_CONTEXT('2D SPACE',''
  ) );
#6162 = ORIENTED_EDGE('',*,*,#6163,.F.);
#6163 = EDGE_CURVE('',#2063,#6141,#6164,.T.);
#6164 = SURFACE_CURVE('',#6165,(#6169,#6175),.PCURVE_S1.);
#6165 = LINE('',#6166,#6167);
#6166 = CARTESIAN_POINT('',(11.136447127434,5.575,4.));
#6167 = VECTOR('',#6168,1.);
#6168 = DIRECTION('',(0.,0.,1.));
#6169 = PCURVE('',#2105,#6170);
#6170 = DEFINITIONAL_REPRESENTATION('',(#6171),#6174);
#6171 = B_SPLINE_CURVE_WITH_KNOTS('',1,(#6172,#6173),.UNSPECIFIED.,.F.,
  .F.,(2,2),(-6.E-07,3.8000006),.PIECEWISE_BEZIER_KNOTS.);
#6172 = CARTESIAN_POINT('',(-6.E-07,25.461447127434));
#6173 = CARTESIAN_POINT('',(3.8000006,25.461447127434));
#6174 = ( GEOMETRIC_REPRESENTATION_CONTEXT(2) 
PARAMETRIC_REPRESENTATION_CONTEXT() REPRESENTATION_CONTEXT('2D SPACE',''
  ) );
#6175 = PCURVE('',#2079,#6176);
#6176 = DEFINITIONAL_REPRESENTATION('',(#6177),#6180);
#6177 = B_SPLINE_CURVE_WITH_KNOTS('',1,(#6178,#6179),.UNSPECIFIED.,.F.,
  .F.,(2,2),(-6.E-07,3.8000006),.PIECEWISE_BEZIER_KNOTS.);
#6178 = CARTESIAN_POINT('',(4.356967778694,-6.E-07));
#6179 = CARTESIAN_POINT('',(4.356967778694,3.8000006));
#6180 = ( GEOMETRIC_REPRESENTATION_CONTEXT(2) 
PARAMETRIC_REPRESENTATION_CONTEXT() REPRESENTATION_CONTEXT('2D SPACE',''
  ) );
#6181 = ADVANCED_FACE('',(#6182),#2050,.T.);
#6182 = FACE_BOUND('',#6183,.T.);
#6183 = EDGE_LOOP('',(#6184,#6185,#6186,#6209));
#6184 = ORIENTED_EDGE('',*,*,#2034,.F.);
#6185 = ORIENTED_EDGE('',*,*,#6065,.T.);
#6186 = ORIENTED_EDGE('',*,*,#6187,.T.);
#6187 = EDGE_CURVE('',#6066,#6188,#6190,.T.);
#6188 = VERTEX_POINT('',#6189);
#6189 = CARTESIAN_POINT('',(9.604248688935,6.775,7.8));
#6190 = SURFACE_CURVE('',#6191,(#6195,#6202),.PCURVE_S1.);
#6191 = LINE('',#6192,#6193);
#6192 = CARTESIAN_POINT('',(-15.525,6.775,7.8));
#6193 = VECTOR('',#6194,1.);
#6194 = DIRECTION('',(1.,0.,0.));
#6195 = PCURVE('',#2050,#6196);
#6196 = DEFINITIONAL_REPRESENTATION('',(#6197),#6201);
#6197 = LINE('',#6198,#6199);
#6198 = CARTESIAN_POINT('',(3.8,0.));
#6199 = VECTOR('',#6200,1.);
#6200 = DIRECTION('',(0.,1.));
#6201 = ( GEOMETRIC_REPRESENTATION_CONTEXT(2) 
PARAMETRIC_REPRESENTATION_CONTEXT() REPRESENTATION_CONTEXT('2D SPACE',''
  ) );
#6202 = PCURVE('',#6103,#6203);
#6203 = DEFINITIONAL_REPRESENTATION('',(#6204),#6208);
#6204 = LINE('',#6205,#6206);
#6205 = CARTESIAN_POINT('',(0.,13.55));
#6206 = VECTOR('',#6207,1.);
#6207 = DIRECTION('',(1.,0.));
#6208 = ( GEOMETRIC_REPRESENTATION_CONTEXT(2) 
PARAMETRIC_REPRESENTATION_CONTEXT() REPRESENTATION_CONTEXT('2D SPACE',''
  ) );
#6209 = ORIENTED_EDGE('',*,*,#6210,.F.);
#6210 = EDGE_CURVE('',#2035,#6188,#6211,.T.);
#6211 = SURFACE_CURVE('',#6212,(#6216,#6222),.PCURVE_S1.);
#6212 = LINE('',#6213,#6214);
#6213 = CARTESIAN_POINT('',(9.604248688935,6.775,4.));
#6214 = VECTOR('',#6215,1.);
#6215 = DIRECTION('',(0.,0.,1.));
#6216 = PCURVE('',#2050,#6217);
#6217 = DEFINITIONAL_REPRESENTATION('',(#6218),#6221);
#6218 = B_SPLINE_CURVE_WITH_KNOTS('',1,(#6219,#6220),.UNSPECIFIED.,.F.,
  .F.,(2,2),(-6.E-07,3.8000006),.PIECEWISE_BEZIER_KNOTS.);
#6219 = CARTESIAN_POINT('',(-6.E-07,25.129248688935));
#6220 = CARTESIAN_POINT('',(3.8000006,25.129248688935));
#6221 = ( GEOMETRIC_REPRESENTATION_CONTEXT(2) 
PARAMETRIC_REPRESENTATION_CONTEXT() REPRESENTATION_CONTEXT('2D SPACE',''
  ) );
#6222 = PCURVE('',#2079,#6223);
#6223 = DEFINITIONAL_REPRESENTATION('',(#6224),#6227);
#6224 = B_SPLINE_CURVE_WITH_KNOTS('',1,(#6225,#6226),.UNSPECIFIED.,.F.,
  .F.,(2,2),(-6.E-07,3.8000006),.PIECEWISE_BEZIER_KNOTS.);
#6225 = CARTESIAN_POINT('',(3.738999070235,-6.E-07));
#6226 = CARTESIAN_POINT('',(3.738999070235,3.8000006));
#6227 = ( GEOMETRIC_REPRESENTATION_CONTEXT(2) 
PARAMETRIC_REPRESENTATION_CONTEXT() REPRESENTATION_CONTEXT('2D SPACE',''
  ) );
#6228 = ADVANCED_FACE('',(#6229),#2079,.F.);
#6229 = FACE_BOUND('',#6230,.F.);
#6230 = EDGE_LOOP('',(#6231,#6253,#6254,#6255));
#6231 = ORIENTED_EDGE('',*,*,#6232,.F.);
#6232 = EDGE_CURVE('',#6188,#6141,#6233,.T.);
#6233 = SURFACE_CURVE('',#6234,(#6239,#6246),.PCURVE_S1.);
#6234 = CIRCLE('',#6235,3.2);
#6235 = AXIS2_PLACEMENT_3D('',#6236,#6237,#6238);
#6236 = CARTESIAN_POINT('',(12.25,8.575,7.8));
#6237 = DIRECTION('',(0.,0.,1.));
#6238 = DIRECTION('',(1.,0.,0.));
#6239 = PCURVE('',#2079,#6240);
#6240 = DEFINITIONAL_REPRESENTATION('',(#6241),#6245);
#6241 = LINE('',#6242,#6243);
#6242 = CARTESIAN_POINT('',(0.,3.8));
#6243 = VECTOR('',#6244,1.);
#6244 = DIRECTION('',(1.,0.));
#6245 = ( GEOMETRIC_REPRESENTATION_CONTEXT(2) 
PARAMETRIC_REPRESENTATION_CONTEXT() REPRESENTATION_CONTEXT('2D SPACE',''
  ) );
#6246 = PCURVE('',#6103,#6247);
#6247 = DEFINITIONAL_REPRESENTATION('',(#6248),#6252);
#6248 = CIRCLE('',#6249,3.2);
#6249 = AXIS2_PLACEMENT_2D('',#6250,#6251);
#6250 = CARTESIAN_POINT('',(27.775,15.35));
#6251 = DIRECTION('',(1.,0.));
#6252 = ( GEOMETRIC_REPRESENTATION_CONTEXT(2) 
PARAMETRIC_REPRESENTATION_CONTEXT() REPRESENTATION_CONTEXT('2D SPACE',''
  ) );
#6253 = ORIENTED_EDGE('',*,*,#6210,.F.);
#6254 = ORIENTED_EDGE('',*,*,#2062,.T.);
#6255 = ORIENTED_EDGE('',*,*,#6163,.T.);
#6256 = ADVANCED_FACE('',(#6257),#2137,.T.);
#6257 = FACE_BOUND('',#6258,.T.);
#6258 = EDGE_LOOP('',(#6259,#6260,#6281,#6309));
#6259 = ORIENTED_EDGE('',*,*,#2119,.F.);
#6260 = ORIENTED_EDGE('',*,*,#6261,.T.);
#6261 = EDGE_CURVE('',#2120,#6262,#6264,.T.);
#6262 = VERTEX_POINT('',#6263);
#6263 = CARTESIAN_POINT('',(-10.89722507415,11.475,6.5));
#6264 = SURFACE_CURVE('',#6265,(#6269,#6275),.PCURVE_S1.);
#6265 = LINE('',#6266,#6267);
#6266 = CARTESIAN_POINT('',(-10.89722507415,11.475,4.));
#6267 = VECTOR('',#6268,1.);
#6268 = DIRECTION('',(0.,0.,1.));
#6269 = PCURVE('',#2137,#6270);
#6270 = DEFINITIONAL_REPRESENTATION('',(#6271),#6274);
#6271 = B_SPLINE_CURVE_WITH_KNOTS('',1,(#6272,#6273),.UNSPECIFIED.,.F.,
  .F.,(2,2),(-5.999999999062E-07,2.5000006),.PIECEWISE_BEZIER_KNOTS.);
#6272 = CARTESIAN_POINT('',(-5.999999999062E-07,4.252774925847));
#6273 = CARTESIAN_POINT('',(2.5000006,4.252774925847));
#6274 = ( GEOMETRIC_REPRESENTATION_CONTEXT(2) 
PARAMETRIC_REPRESENTATION_CONTEXT() REPRESENTATION_CONTEXT('2D SPACE',''
  ) );
#6275 = PCURVE('',#2221,#6276);
#6276 = DEFINITIONAL_REPRESENTATION('',(#6277),#6280);
#6277 = B_SPLINE_CURVE_WITH_KNOTS('',1,(#6278,#6279),.UNSPECIFIED.,.F.,
  .F.,(2,2),(-5.999999999062E-07,2.5000006),.PIECEWISE_BEZIER_KNOTS.);
#6278 = CARTESIAN_POINT('',(1.13432729806,-5.999999999062E-07));
#6279 = CARTESIAN_POINT('',(1.13432729806,2.5000006));
#6280 = ( GEOMETRIC_REPRESENTATION_CONTEXT(2) 
PARAMETRIC_REPRESENTATION_CONTEXT() REPRESENTATION_CONTEXT('2D SPACE',''
  ) );
#6281 = ORIENTED_EDGE('',*,*,#6282,.T.);
#6282 = EDGE_CURVE('',#6262,#6283,#6285,.T.);
#6283 = VERTEX_POINT('',#6284);
#6284 = CARTESIAN_POINT('',(10.897225074153,11.475,6.5));
#6285 = SURFACE_CURVE('',#6286,(#6290,#6297),.PCURVE_S1.);
#6286 = LINE('',#6287,#6288);
#6287 = CARTESIAN_POINT('',(-15.15,11.475,6.5));
#6288 = VECTOR('',#6289,1.);
#6289 = DIRECTION('',(1.,0.,0.));
#6290 = PCURVE('',#2137,#6291);
#6291 = DEFINITIONAL_REPRESENTATION('',(#6292),#6296);
#6292 = LINE('',#6293,#6294);
#6293 = CARTESIAN_POINT('',(2.5,0.));
#6294 = VECTOR('',#6295,1.);
#6295 = DIRECTION('',(0.,1.));
#6296 = ( GEOMETRIC_REPRESENTATION_CONTEXT(2) 
PARAMETRIC_REPRESENTATION_CONTEXT() REPRESENTATION_CONTEXT('2D SPACE',''
  ) );
#6297 = PCURVE('',#6298,#6303);
#6298 = PLANE('',#6299);
#6299 = AXIS2_PLACEMENT_3D('',#6300,#6301,#6302);
#6300 = CARTESIAN_POINT('',(-15.15,-11.475,6.5));
#6301 = DIRECTION('',(0.,0.,1.));
#6302 = DIRECTION('',(1.,0.,0.));
#6303 = DEFINITIONAL_REPRESENTATION('',(#6304),#6308);
#6304 = LINE('',#6305,#6306);
#6305 = CARTESIAN_POINT('',(0.,22.95));
#6306 = VECTOR('',#6307,1.);
#6307 = DIRECTION('',(1.,0.));
#6308 = ( GEOMETRIC_REPRESENTATION_CONTEXT(2) 
PARAMETRIC_REPRESENTATION_CONTEXT() REPRESENTATION_CONTEXT('2D SPACE',''
  ) );
#6309 = ORIENTED_EDGE('',*,*,#6310,.F.);
#6310 = EDGE_CURVE('',#2122,#6283,#6311,.T.);
#6311 = SURFACE_CURVE('',#6312,(#6316,#6322),.PCURVE_S1.);
#6312 = LINE('',#6313,#6314);
#6313 = CARTESIAN_POINT('',(10.897225074153,11.475,4.));
#6314 = VECTOR('',#6315,1.);
#6315 = DIRECTION('',(0.,0.,1.));
#6316 = PCURVE('',#2137,#6317);
#6317 = DEFINITIONAL_REPRESENTATION('',(#6318),#6321);
#6318 = B_SPLINE_CURVE_WITH_KNOTS('',1,(#6319,#6320),.UNSPECIFIED.,.F.,
  .F.,(2,2),(-5.999999999062E-07,2.5000006),.PIECEWISE_BEZIER_KNOTS.);
#6319 = CARTESIAN_POINT('',(-5.999999999062E-07,26.047225074153));
#6320 = CARTESIAN_POINT('',(2.5000006,26.047225074153));
#6321 = ( GEOMETRIC_REPRESENTATION_CONTEXT(2) 
PARAMETRIC_REPRESENTATION_CONTEXT() REPRESENTATION_CONTEXT('2D SPACE',''
  ) );
#6322 = PCURVE('',#2166,#6323);
#6323 = DEFINITIONAL_REPRESENTATION('',(#6324),#6327);
#6324 = B_SPLINE_CURVE_WITH_KNOTS('',1,(#6325,#6326),.UNSPECIFIED.,.F.,
  .F.,(2,2),(-5.999999999062E-07,2.5000006),.PIECEWISE_BEZIER_KNOTS.);
#6325 = CARTESIAN_POINT('',(2.00726535553,-5.999999999062E-07));
#6326 = CARTESIAN_POINT('',(2.00726535553,2.5000006));
#6327 = ( GEOMETRIC_REPRESENTATION_CONTEXT(2) 
PARAMETRIC_REPRESENTATION_CONTEXT() REPRESENTATION_CONTEXT('2D SPACE',''
  ) );
#6328 = ADVANCED_FACE('',(#6329),#2221,.F.);
#6329 = FACE_BOUND('',#6330,.F.);
#6330 = EDGE_LOOP('',(#6331,#6355,#6374,#6375));
#6331 = ORIENTED_EDGE('',*,*,#6332,.F.);
#6332 = EDGE_CURVE('',#6333,#6262,#6335,.T.);
#6333 = VERTEX_POINT('',#6334);
#6334 = CARTESIAN_POINT('',(-9.538911657655,10.275,6.5));
#6335 = SURFACE_CURVE('',#6336,(#6341,#6348),.PCURVE_S1.);
#6336 = CIRCLE('',#6337,3.2);
#6337 = AXIS2_PLACEMENT_3D('',#6338,#6339,#6340);
#6338 = CARTESIAN_POINT('',(-12.25,8.575,6.5));
#6339 = DIRECTION('',(0.,0.,1.));
#6340 = DIRECTION('',(1.,0.,0.));
#6341 = PCURVE('',#2221,#6342);
#6342 = DEFINITIONAL_REPRESENTATION('',(#6343),#6347);
#6343 = LINE('',#6344,#6345);
#6344 = CARTESIAN_POINT('',(0.,2.5));
#6345 = VECTOR('',#6346,1.);
#6346 = DIRECTION('',(1.,0.));
#6347 = ( GEOMETRIC_REPRESENTATION_CONTEXT(2) 
PARAMETRIC_REPRESENTATION_CONTEXT() REPRESENTATION_CONTEXT('2D SPACE',''
  ) );
#6348 = PCURVE('',#6298,#6349);
#6349 = DEFINITIONAL_REPRESENTATION('',(#6350),#6354);
#6350 = CIRCLE('',#6351,3.2);
#6351 = AXIS2_PLACEMENT_2D('',#6352,#6353);
#6352 = CARTESIAN_POINT('',(2.9,20.05));
#6353 = DIRECTION('',(1.,0.));
#6354 = ( GEOMETRIC_REPRESENTATION_CONTEXT(2) 
PARAMETRIC_REPRESENTATION_CONTEXT() REPRESENTATION_CONTEXT('2D SPACE',''
  ) );
#6355 = ORIENTED_EDGE('',*,*,#6356,.F.);
#6356 = EDGE_CURVE('',#2179,#6333,#6357,.T.);
#6357 = SURFACE_CURVE('',#6358,(#6362,#6368),.PCURVE_S1.);
#6358 = LINE('',#6359,#6360);
#6359 = CARTESIAN_POINT('',(-9.538911657655,10.275,4.));
#6360 = VECTOR('',#6361,1.);
#6361 = DIRECTION('',(0.,0.,1.));
#6362 = PCURVE('',#2221,#6363);
#6363 = DEFINITIONAL_REPRESENTATION('',(#6364),#6367);
#6364 = B_SPLINE_CURVE_WITH_KNOTS('',1,(#6365,#6366),.UNSPECIFIED.,.F.,
  .F.,(2,2),(-5.999999999062E-07,2.5000006),.PIECEWISE_BEZIER_KNOTS.);
#6365 = CARTESIAN_POINT('',(0.560075306227,-5.999999999062E-07));
#6366 = CARTESIAN_POINT('',(0.560075306227,2.5000006));
#6367 = ( GEOMETRIC_REPRESENTATION_CONTEXT(2) 
PARAMETRIC_REPRESENTATION_CONTEXT() REPRESENTATION_CONTEXT('2D SPACE',''
  ) );
#6368 = PCURVE('',#2194,#6369);
#6369 = DEFINITIONAL_REPRESENTATION('',(#6370),#6373);
#6370 = B_SPLINE_CURVE_WITH_KNOTS('',1,(#6371,#6372),.UNSPECIFIED.,.F.,
  .F.,(2,2),(-5.999999999062E-07,2.5000006),.PIECEWISE_BEZIER_KNOTS.);
#6371 = CARTESIAN_POINT('',(-5.999999999062E-07,4.411088342345));
#6372 = CARTESIAN_POINT('',(2.5000006,4.411088342345));
#6373 = ( GEOMETRIC_REPRESENTATION_CONTEXT(2) 
PARAMETRIC_REPRESENTATION_CONTEXT() REPRESENTATION_CONTEXT('2D SPACE',''
  ) );
#6374 = ORIENTED_EDGE('',*,*,#2206,.T.);
#6375 = ORIENTED_EDGE('',*,*,#6261,.T.);
#6376 = ADVANCED_FACE('',(#6377),#2166,.F.);
#6377 = FACE_BOUND('',#6378,.F.);
#6378 = EDGE_LOOP('',(#6379,#6403,#6404,#6405));
#6379 = ORIENTED_EDGE('',*,*,#6380,.F.);
#6380 = EDGE_CURVE('',#6283,#6381,#6383,.T.);
#6381 = VERTEX_POINT('',#6382);
#6382 = CARTESIAN_POINT('',(9.538911657655,10.275,6.5));
#6383 = SURFACE_CURVE('',#6384,(#6389,#6396),.PCURVE_S1.);
#6384 = CIRCLE('',#6385,3.2);
#6385 = AXIS2_PLACEMENT_3D('',#6386,#6387,#6388);
#6386 = CARTESIAN_POINT('',(12.25,8.575,6.5));
#6387 = DIRECTION('',(0.,0.,1.));
#6388 = DIRECTION('',(1.,0.,0.));
#6389 = PCURVE('',#2166,#6390);
#6390 = DEFINITIONAL_REPRESENTATION('',(#6391),#6395);
#6391 = LINE('',#6392,#6393);
#6392 = CARTESIAN_POINT('',(0.,2.5));
#6393 = VECTOR('',#6394,1.);
#6394 = DIRECTION('',(1.,0.));
#6395 = ( GEOMETRIC_REPRESENTATION_CONTEXT(2) 
PARAMETRIC_REPRESENTATION_CONTEXT() REPRESENTATION_CONTEXT('2D SPACE',''
  ) );
#6396 = PCURVE('',#6298,#6397);
#6397 = DEFINITIONAL_REPRESENTATION('',(#6398),#6402);
#6398 = CIRCLE('',#6399,3.2);
#6399 = AXIS2_PLACEMENT_2D('',#6400,#6401);
#6400 = CARTESIAN_POINT('',(27.4,20.05));
#6401 = DIRECTION('',(1.,0.));
#6402 = ( GEOMETRIC_REPRESENTATION_CONTEXT(2) 
PARAMETRIC_REPRESENTATION_CONTEXT() REPRESENTATION_CONTEXT('2D SPACE',''
  ) );
#6403 = ORIENTED_EDGE('',*,*,#6310,.F.);
#6404 = ORIENTED_EDGE('',*,*,#2149,.T.);
#6405 = ORIENTED_EDGE('',*,*,#6406,.T.);
#6406 = EDGE_CURVE('',#2150,#6381,#6407,.T.);
#6407 = SURFACE_CURVE('',#6408,(#6412,#6418),.PCURVE_S1.);
#6408 = LINE('',#6409,#6410);
#6409 = CARTESIAN_POINT('',(9.538911657655,10.275,4.));
#6410 = VECTOR('',#6411,1.);
#6411 = DIRECTION('',(0.,0.,1.));
#6412 = PCURVE('',#2166,#6413);
#6413 = DEFINITIONAL_REPRESENTATION('',(#6414),#6417);
#6414 = B_SPLINE_CURVE_WITH_KNOTS('',1,(#6415,#6416),.UNSPECIFIED.,.F.,
  .F.,(2,2),(-5.999999999062E-07,2.5000006),.PIECEWISE_BEZIER_KNOTS.);
#6415 = CARTESIAN_POINT('',(2.581517347363,-5.999999999062E-07));
#6416 = CARTESIAN_POINT('',(2.581517347363,2.5000006));
#6417 = ( GEOMETRIC_REPRESENTATION_CONTEXT(2) 
PARAMETRIC_REPRESENTATION_CONTEXT() REPRESENTATION_CONTEXT('2D SPACE',''
  ) );
#6418 = PCURVE('',#2194,#6419);
#6419 = DEFINITIONAL_REPRESENTATION('',(#6420),#6423);
#6420 = B_SPLINE_CURVE_WITH_KNOTS('',1,(#6421,#6422),.UNSPECIFIED.,.F.,
  .F.,(2,2),(-5.999999999062E-07,2.5000006),.PIECEWISE_BEZIER_KNOTS.);
#6421 = CARTESIAN_POINT('',(-5.999999999062E-07,23.488911657655));
#6422 = CARTESIAN_POINT('',(2.5000006,23.488911657655));
#6423 = ( GEOMETRIC_REPRESENTATION_CONTEXT(2) 
PARAMETRIC_REPRESENTATION_CONTEXT() REPRESENTATION_CONTEXT('2D SPACE',''
  ) );
#6424 = ADVANCED_FACE('',(#6425),#2194,.F.);
#6425 = FACE_BOUND('',#6426,.F.);
#6426 = EDGE_LOOP('',(#6427,#6428,#6429,#6450));
#6427 = ORIENTED_EDGE('',*,*,#2178,.F.);
#6428 = ORIENTED_EDGE('',*,*,#6356,.T.);
#6429 = ORIENTED_EDGE('',*,*,#6430,.T.);
#6430 = EDGE_CURVE('',#6333,#6381,#6431,.T.);
#6431 = SURFACE_CURVE('',#6432,(#6436,#6443),.PCURVE_S1.);
#6432 = LINE('',#6433,#6434);
#6433 = CARTESIAN_POINT('',(-13.95,10.275,6.5));
#6434 = VECTOR('',#6435,1.);
#6435 = DIRECTION('',(1.,0.,0.));
#6436 = PCURVE('',#2194,#6437);
#6437 = DEFINITIONAL_REPRESENTATION('',(#6438),#6442);
#6438 = LINE('',#6439,#6440);
#6439 = CARTESIAN_POINT('',(2.5,0.));
#6440 = VECTOR('',#6441,1.);
#6441 = DIRECTION('',(0.,1.));
#6442 = ( GEOMETRIC_REPRESENTATION_CONTEXT(2) 
PARAMETRIC_REPRESENTATION_CONTEXT() REPRESENTATION_CONTEXT('2D SPACE',''
  ) );
#6443 = PCURVE('',#6298,#6444);
#6444 = DEFINITIONAL_REPRESENTATION('',(#6445),#6449);
#6445 = LINE('',#6446,#6447);
#6446 = CARTESIAN_POINT('',(1.2,21.75));
#6447 = VECTOR('',#6448,1.);
#6448 = DIRECTION('',(1.,0.));
#6449 = ( GEOMETRIC_REPRESENTATION_CONTEXT(2) 
PARAMETRIC_REPRESENTATION_CONTEXT() REPRESENTATION_CONTEXT('2D SPACE',''
  ) );
#6450 = ORIENTED_EDGE('',*,*,#6406,.F.);
#6451 = ADVANCED_FACE('',(#6452),#2252,.F.);
#6452 = FACE_BOUND('',#6453,.F.);
#6453 = EDGE_LOOP('',(#6454,#6477,#6478,#6479));
#6454 = ORIENTED_EDGE('',*,*,#6455,.T.);
#6455 = EDGE_CURVE('',#6456,#2236,#6458,.T.);
#6456 = VERTEX_POINT('',#6457);
#6457 = CARTESIAN_POINT('',(13.85,8.575,2.));
#6458 = SEAM_CURVE('',#6459,(#6463,#6470),.PCURVE_S1.);
#6459 = LINE('',#6460,#6461);
#6460 = CARTESIAN_POINT('',(13.85,8.575,-6.));
#6461 = VECTOR('',#6462,1.);
#6462 = DIRECTION('',(0.,0.,1.));
#6463 = PCURVE('',#2252,#6464);
#6464 = DEFINITIONAL_REPRESENTATION('',(#6465),#6469);
#6465 = LINE('',#6466,#6467);
#6466 = CARTESIAN_POINT('',(6.28318530718,-0.));
#6467 = VECTOR('',#6468,1.);
#6468 = DIRECTION('',(0.,1.));
#6469 = ( GEOMETRIC_REPRESENTATION_CONTEXT(2) 
PARAMETRIC_REPRESENTATION_CONTEXT() REPRESENTATION_CONTEXT('2D SPACE',''
  ) );
#6470 = PCURVE('',#2252,#6471);
#6471 = DEFINITIONAL_REPRESENTATION('',(#6472),#6476);
#6472 = LINE('',#6473,#6474);
#6473 = CARTESIAN_POINT('',(0.,-0.));
#6474 = VECTOR('',#6475,1.);
#6475 = DIRECTION('',(0.,1.));
#6476 = ( GEOMETRIC_REPRESENTATION_CONTEXT(2) 
PARAMETRIC_REPRESENTATION_CONTEXT() REPRESENTATION_CONTEXT('2D SPACE',''
  ) );
#6477 = ORIENTED_EDGE('',*,*,#2235,.F.);
#6478 = ORIENTED_EDGE('',*,*,#6455,.F.);
#6479 = ORIENTED_EDGE('',*,*,#6480,.T.);
#6480 = EDGE_CURVE('',#6456,#6456,#6481,.T.);
#6481 = SURFACE_CURVE('',#6482,(#6487,#6494),.PCURVE_S1.);
#6482 = CIRCLE('',#6483,1.6);
#6483 = AXIS2_PLACEMENT_3D('',#6484,#6485,#6486);
#6484 = CARTESIAN_POINT('',(12.25,8.575,2.));
#6485 = DIRECTION('',(0.,0.,1.));
#6486 = DIRECTION('',(1.,0.,-0.));
#6487 = PCURVE('',#2252,#6488);
#6488 = DEFINITIONAL_REPRESENTATION('',(#6489),#6493);
#6489 = LINE('',#6490,#6491);
#6490 = CARTESIAN_POINT('',(0.,8.));
#6491 = VECTOR('',#6492,1.);
#6492 = DIRECTION('',(1.,0.));
#6493 = ( GEOMETRIC_REPRESENTATION_CONTEXT(2) 
PARAMETRIC_REPRESENTATION_CONTEXT() REPRESENTATION_CONTEXT('2D SPACE',''
  ) );
#6494 = PCURVE('',#6495,#6500);
#6495 = PLANE('',#6496);
#6496 = AXIS2_PLACEMENT_3D('',#6497,#6498,#6499);
#6497 = CARTESIAN_POINT('',(12.25,8.575,2.));
#6498 = DIRECTION('',(0.,0.,1.));
#6499 = DIRECTION('',(1.,0.,0.));
#6500 = DEFINITIONAL_REPRESENTATION('',(#6501),#6505);
#6501 = CIRCLE('',#6502,1.6);
#6502 = AXIS2_PLACEMENT_2D('',#6503,#6504);
#6503 = CARTESIAN_POINT('',(0.,0.));
#6504 = DIRECTION('',(1.,0.));
#6505 = ( GEOMETRIC_REPRESENTATION_CONTEXT(2) 
PARAMETRIC_REPRESENTATION_CONTEXT() REPRESENTATION_CONTEXT('2D SPACE',''
  ) );
#6506 = ADVANCED_FACE('',(#6507),#2381,.F.);
#6507 = FACE_BOUND('',#6508,.F.);
#6508 = EDGE_LOOP('',(#6509,#6533,#6554,#6555));
#6509 = ORIENTED_EDGE('',*,*,#6510,.F.);
#6510 = EDGE_CURVE('',#6511,#6511,#6513,.T.);
#6511 = VERTEX_POINT('',#6512);
#6512 = CARTESIAN_POINT('',(-9.25,-8.575,2.));
#6513 = SURFACE_CURVE('',#6514,(#6519,#6526),.PCURVE_S1.);
#6514 = CIRCLE('',#6515,3.);
#6515 = AXIS2_PLACEMENT_3D('',#6516,#6517,#6518);
#6516 = CARTESIAN_POINT('',(-12.25,-8.575,2.));
#6517 = DIRECTION('',(0.,0.,1.));
#6518 = DIRECTION('',(1.,0.,0.));
#6519 = PCURVE('',#2381,#6520);
#6520 = DEFINITIONAL_REPRESENTATION('',(#6521),#6525);
#6521 = LINE('',#6522,#6523);
#6522 = CARTESIAN_POINT('',(0.,2.));
#6523 = VECTOR('',#6524,1.);
#6524 = DIRECTION('',(1.,0.));
#6525 = ( GEOMETRIC_REPRESENTATION_CONTEXT(2) 
PARAMETRIC_REPRESENTATION_CONTEXT() REPRESENTATION_CONTEXT('2D SPACE',''
  ) );
#6526 = PCURVE('',#5148,#6527);
#6527 = DEFINITIONAL_REPRESENTATION('',(#6528),#6532);
#6528 = CIRCLE('',#6529,3.);
#6529 = AXIS2_PLACEMENT_2D('',#6530,#6531);
#6530 = CARTESIAN_POINT('',(0.,0.));
#6531 = DIRECTION('',(1.,0.));
#6532 = ( GEOMETRIC_REPRESENTATION_CONTEXT(2) 
PARAMETRIC_REPRESENTATION_CONTEXT() REPRESENTATION_CONTEXT('2D SPACE',''
  ) );
#6533 = ORIENTED_EDGE('',*,*,#6534,.F.);
#6534 = EDGE_CURVE('',#2365,#6511,#6535,.T.);
#6535 = SEAM_CURVE('',#6536,(#6540,#6547),.PCURVE_S1.);
#6536 = LINE('',#6537,#6538);
#6537 = CARTESIAN_POINT('',(-9.25,-8.575,0.));
#6538 = VECTOR('',#6539,1.);
#6539 = DIRECTION('',(0.,0.,1.));
#6540 = PCURVE('',#2381,#6541);
#6541 = DEFINITIONAL_REPRESENTATION('',(#6542),#6546);
#6542 = LINE('',#6543,#6544);
#6543 = CARTESIAN_POINT('',(6.28318530718,-0.));
#6544 = VECTOR('',#6545,1.);
#6545 = DIRECTION('',(0.,1.));
#6546 = ( GEOMETRIC_REPRESENTATION_CONTEXT(2) 
PARAMETRIC_REPRESENTATION_CONTEXT() REPRESENTATION_CONTEXT('2D SPACE',''
  ) );
#6547 = PCURVE('',#2381,#6548);
#6548 = DEFINITIONAL_REPRESENTATION('',(#6549),#6553);
#6549 = LINE('',#6550,#6551);
#6550 = CARTESIAN_POINT('',(0.,-0.));
#6551 = VECTOR('',#6552,1.);
#6552 = DIRECTION('',(0.,1.));
#6553 = ( GEOMETRIC_REPRESENTATION_CONTEXT(2) 
PARAMETRIC_REPRESENTATION_CONTEXT() REPRESENTATION_CONTEXT('2D SPACE',''
  ) );
#6554 = ORIENTED_EDGE('',*,*,#2364,.T.);
#6555 = ORIENTED_EDGE('',*,*,#6534,.T.);
#6556 = ADVANCED_FACE('',(#6557),#2412,.F.);
#6557 = FACE_BOUND('',#6558,.F.);
#6558 = EDGE_LOOP('',(#6559,#6583,#6604,#6605));
#6559 = ORIENTED_EDGE('',*,*,#6560,.F.);
#6560 = EDGE_CURVE('',#6561,#6561,#6563,.T.);
#6561 = VERTEX_POINT('',#6562);
#6562 = CARTESIAN_POINT('',(15.25,-8.575,2.));
#6563 = SURFACE_CURVE('',#6564,(#6569,#6576),.PCURVE_S1.);
#6564 = CIRCLE('',#6565,3.);
#6565 = AXIS2_PLACEMENT_3D('',#6566,#6567,#6568);
#6566 = CARTESIAN_POINT('',(12.25,-8.575,2.));
#6567 = DIRECTION('',(0.,0.,1.));
#6568 = DIRECTION('',(1.,0.,0.));
#6569 = PCURVE('',#2412,#6570);
#6570 = DEFINITIONAL_REPRESENTATION('',(#6571),#6575);
#6571 = LINE('',#6572,#6573);
#6572 = CARTESIAN_POINT('',(0.,2.));
#6573 = VECTOR('',#6574,1.);
#6574 = DIRECTION('',(1.,0.));
#6575 = ( GEOMETRIC_REPRESENTATION_CONTEXT(2) 
PARAMETRIC_REPRESENTATION_CONTEXT() REPRESENTATION_CONTEXT('2D SPACE',''
  ) );
#6576 = PCURVE('',#5794,#6577);
#6577 = DEFINITIONAL_REPRESENTATION('',(#6578),#6582);
#6578 = CIRCLE('',#6579,3.);
#6579 = AXIS2_PLACEMENT_2D('',#6580,#6581);
#6580 = CARTESIAN_POINT('',(0.,0.));
#6581 = DIRECTION('',(1.,0.));
#6582 = ( GEOMETRIC_REPRESENTATION_CONTEXT(2) 
PARAMETRIC_REPRESENTATION_CONTEXT() REPRESENTATION_CONTEXT('2D SPACE',''
  ) );
#6583 = ORIENTED_EDGE('',*,*,#6584,.F.);
#6584 = EDGE_CURVE('',#2396,#6561,#6585,.T.);
#6585 = SEAM_CURVE('',#6586,(#6590,#6597),.PCURVE_S1.);
#6586 = LINE('',#6587,#6588);
#6587 = CARTESIAN_POINT('',(15.25,-8.575,0.));
#6588 = VECTOR('',#6589,1.);
#6589 = DIRECTION('',(0.,0.,1.));
#6590 = PCURVE('',#2412,#6591);
#6591 = DEFINITIONAL_REPRESENTATION('',(#6592),#6596);
#6592 = LINE('',#6593,#6594);
#6593 = CARTESIAN_POINT('',(6.28318530718,-0.));
#6594 = VECTOR('',#6595,1.);
#6595 = DIRECTION('',(0.,1.));
#6596 = ( GEOMETRIC_REPRESENTATION_CONTEXT(2) 
PARAMETRIC_REPRESENTATION_CONTEXT() REPRESENTATION_CONTEXT('2D SPACE',''
  ) );
#6597 = PCURVE('',#2412,#6598);
#6598 = DEFINITIONAL_REPRESENTATION('',(#6599),#6603);
#6599 = LINE('',#6600,#6601);
#6600 = CARTESIAN_POINT('',(0.,-0.));
#6601 = VECTOR('',#6602,1.);
#6602 = DIRECTION('',(0.,1.));
#6603 = ( GEOMETRIC_REPRESENTATION_CONTEXT(2) 
PARAMETRIC_REPRESENTATION_CONTEXT() REPRESENTATION_CONTEXT('2D SPACE',''
  ) );
#6604 = ORIENTED_EDGE('',*,*,#2395,.T.);
#6605 = ORIENTED_EDGE('',*,*,#6584,.T.);
#6606 = ADVANCED_FACE('',(#6607),#2443,.F.);
#6607 = FACE_BOUND('',#6608,.F.);
#6608 = EDGE_LOOP('',(#6609,#6633,#6654,#6655));
#6609 = ORIENTED_EDGE('',*,*,#6610,.F.);
#6610 = EDGE_CURVE('',#6611,#6611,#6613,.T.);
#6611 = VERTEX_POINT('',#6612);
#6612 = CARTESIAN_POINT('',(-9.25,8.575,2.));
#6613 = SURFACE_CURVE('',#6614,(#6619,#6626),.PCURVE_S1.);
#6614 = CIRCLE('',#6615,3.);
#6615 = AXIS2_PLACEMENT_3D('',#6616,#6617,#6618);
#6616 = CARTESIAN_POINT('',(-12.25,8.575,2.));
#6617 = DIRECTION('',(0.,0.,1.));
#6618 = DIRECTION('',(1.,0.,0.));
#6619 = PCURVE('',#2443,#6620);
#6620 = DEFINITIONAL_REPRESENTATION('',(#6621),#6625);
#6621 = LINE('',#6622,#6623);
#6622 = CARTESIAN_POINT('',(0.,2.));
#6623 = VECTOR('',#6624,1.);
#6624 = DIRECTION('',(1.,0.));
#6625 = ( GEOMETRIC_REPRESENTATION_CONTEXT(2) 
PARAMETRIC_REPRESENTATION_CONTEXT() REPRESENTATION_CONTEXT('2D SPACE',''
  ) );
#6626 = PCURVE('',#6050,#6627);
#6627 = DEFINITIONAL_REPRESENTATION('',(#6628),#6632);
#6628 = CIRCLE('',#6629,3.);
#6629 = AXIS2_PLACEMENT_2D('',#6630,#6631);
#6630 = CARTESIAN_POINT('',(0.,0.));
#6631 = DIRECTION('',(1.,0.));
#6632 = ( GEOMETRIC_REPRESENTATION_CONTEXT(2) 
PARAMETRIC_REPRESENTATION_CONTEXT() REPRESENTATION_CONTEXT('2D SPACE',''
  ) );
#6633 = ORIENTED_EDGE('',*,*,#6634,.F.);
#6634 = EDGE_CURVE('',#2427,#6611,#6635,.T.);
#6635 = SEAM_CURVE('',#6636,(#6640,#6647),.PCURVE_S1.);
#6636 = LINE('',#6637,#6638);
#6637 = CARTESIAN_POINT('',(-9.25,8.575,0.));
#6638 = VECTOR('',#6639,1.);
#6639 = DIRECTION('',(0.,0.,1.));
#6640 = PCURVE('',#2443,#6641);
#6641 = DEFINITIONAL_REPRESENTATION('',(#6642),#6646);
#6642 = LINE('',#6643,#6644);
#6643 = CARTESIAN_POINT('',(6.28318530718,-0.));
#6644 = VECTOR('',#6645,1.);
#6645 = DIRECTION('',(0.,1.));
#6646 = ( GEOMETRIC_REPRESENTATION_CONTEXT(2) 
PARAMETRIC_REPRESENTATION_CONTEXT() REPRESENTATION_CONTEXT('2D SPACE',''
  ) );
#6647 = PCURVE('',#2443,#6648);
#6648 = DEFINITIONAL_REPRESENTATION('',(#6649),#6653);
#6649 = LINE('',#6650,#6651);
#6650 = CARTESIAN_POINT('',(0.,-0.));
#6651 = VECTOR('',#6652,1.);
#6652 = DIRECTION('',(0.,1.));
#6653 = ( GEOMETRIC_REPRESENTATION_CONTEXT(2) 
PARAMETRIC_REPRESENTATION_CONTEXT() REPRESENTATION_CONTEXT('2D SPACE',''
  ) );
#6654 = ORIENTED_EDGE('',*,*,#2426,.T.);
#6655 = ORIENTED_EDGE('',*,*,#6634,.T.);
#6656 = ADVANCED_FACE('',(#6657),#2474,.F.);
#6657 = FACE_BOUND('',#6658,.F.);
#6658 = EDGE_LOOP('',(#6659,#6683,#6704,#6705));
#6659 = ORIENTED_EDGE('',*,*,#6660,.F.);
#6660 = EDGE_CURVE('',#6661,#6661,#6663,.T.);
#6661 = VERTEX_POINT('',#6662);
#6662 = CARTESIAN_POINT('',(15.25,8.575,2.));
#6663 = SURFACE_CURVE('',#6664,(#6669,#6676),.PCURVE_S1.);
#6664 = CIRCLE('',#6665,3.);
#6665 = AXIS2_PLACEMENT_3D('',#6666,#6667,#6668);
#6666 = CARTESIAN_POINT('',(12.25,8.575,2.));
#6667 = DIRECTION('',(0.,0.,1.));
#6668 = DIRECTION('',(1.,0.,0.));
#6669 = PCURVE('',#2474,#6670);
#6670 = DEFINITIONAL_REPRESENTATION('',(#6671),#6675);
#6671 = LINE('',#6672,#6673);
#6672 = CARTESIAN_POINT('',(0.,2.));
#6673 = VECTOR('',#6674,1.);
#6674 = DIRECTION('',(1.,0.));
#6675 = ( GEOMETRIC_REPRESENTATION_CONTEXT(2) 
PARAMETRIC_REPRESENTATION_CONTEXT() REPRESENTATION_CONTEXT('2D SPACE',''
  ) );
#6676 = PCURVE('',#6495,#6677);
#6677 = DEFINITIONAL_REPRESENTATION('',(#6678),#6682);
#6678 = CIRCLE('',#6679,3.);
#6679 = AXIS2_PLACEMENT_2D('',#6680,#6681);
#6680 = CARTESIAN_POINT('',(0.,0.));
#6681 = DIRECTION('',(1.,0.));
#6682 = ( GEOMETRIC_REPRESENTATION_CONTEXT(2) 
PARAMETRIC_REPRESENTATION_CONTEXT() REPRESENTATION_CONTEXT('2D SPACE',''
  ) );
#6683 = ORIENTED_EDGE('',*,*,#6684,.F.);
#6684 = EDGE_CURVE('',#2458,#6661,#6685,.T.);
#6685 = SEAM_CURVE('',#6686,(#6690,#6697),.PCURVE_S1.);
#6686 = LINE('',#6687,#6688);
#6687 = CARTESIAN_POINT('',(15.25,8.575,0.));
#6688 = VECTOR('',#6689,1.);
#6689 = DIRECTION('',(0.,0.,1.));
#6690 = PCURVE('',#2474,#6691);
#6691 = DEFINITIONAL_REPRESENTATION('',(#6692),#6696);
#6692 = LINE('',#6693,#6694);
#6693 = CARTESIAN_POINT('',(6.28318530718,-0.));
#6694 = VECTOR('',#6695,1.);
#6695 = DIRECTION('',(0.,1.));
#6696 = ( GEOMETRIC_REPRESENTATION_CONTEXT(2) 
PARAMETRIC_REPRESENTATION_CONTEXT() REPRESENTATION_CONTEXT('2D SPACE',''
  ) );
#6697 = PCURVE('',#2474,#6698);
#6698 = DEFINITIONAL_REPRESENTATION('',(#6699),#6703);
#6699 = LINE('',#6700,#6701);
#6700 = CARTESIAN_POINT('',(0.,-0.));
#6701 = VECTOR('',#6702,1.);
#6702 = DIRECTION('',(0.,1.));
#6703 = ( GEOMETRIC_REPRESENTATION_CONTEXT(2) 
PARAMETRIC_REPRESENTATION_CONTEXT() REPRESENTATION_CONTEXT('2D SPACE',''
  ) );
#6704 = ORIENTED_EDGE('',*,*,#2457,.T.);
#6705 = ORIENTED_EDGE('',*,*,#6684,.T.);
#6706 = ADVANCED_FACE('',(#6707),#2713,.T.);
#6707 = FACE_BOUND('',#6708,.T.);
#6708 = EDGE_LOOP('',(#6709,#6730,#6731,#6732,#6733,#6734));
#6709 = ORIENTED_EDGE('',*,*,#6710,.T.);
#6710 = EDGE_CURVE('',#6711,#2698,#6713,.T.);
#6711 = VERTEX_POINT('',#6712);
#6712 = CARTESIAN_POINT('',(-14.25,-6.,7.8));
#6713 = SURFACE_CURVE('',#6714,(#6718,#6724),.PCURVE_S1.);
#6714 = LINE('',#6715,#6716);
#6715 = CARTESIAN_POINT('',(-16.1875,-6.,7.8));
#6716 = VECTOR('',#6717,1.);
#6717 = DIRECTION('',(-1.,0.,0.));
#6718 = PCURVE('',#2713,#6719);
#6719 = DEFINITIONAL_REPRESENTATION('',(#6720),#6723);
#6720 = B_SPLINE_CURVE_WITH_KNOTS('',1,(#6721,#6722),.UNSPECIFIED.,.F.,
  .F.,(2,2),(-1.9375,-0.6625),.PIECEWISE_BEZIER_KNOTS.);
#6721 = CARTESIAN_POINT('',(1.275,0.775));
#6722 = CARTESIAN_POINT('',(0.,0.775));
#6723 = ( GEOMETRIC_REPRESENTATION_CONTEXT(2) 
PARAMETRIC_REPRESENTATION_CONTEXT() REPRESENTATION_CONTEXT('2D SPACE',''
  ) );
#6724 = PCURVE('',#2604,#6725);
#6725 = DEFINITIONAL_REPRESENTATION('',(#6726),#6729);
#6726 = B_SPLINE_CURVE_WITH_KNOTS('',1,(#6727,#6728),.UNSPECIFIED.,.F.,
  .F.,(2,2),(-1.9375,-0.6625),.PIECEWISE_BEZIER_KNOTS.);
#6727 = CARTESIAN_POINT('',(1.8,2.6));
#6728 = CARTESIAN_POINT('',(1.8,1.325));
#6729 = ( GEOMETRIC_REPRESENTATION_CONTEXT(2) 
PARAMETRIC_REPRESENTATION_CONTEXT() REPRESENTATION_CONTEXT('2D SPACE',''
  ) );
#6730 = ORIENTED_EDGE('',*,*,#2695,.F.);
#6731 = ORIENTED_EDGE('',*,*,#4400,.T.);
#6732 = ORIENTED_EDGE('',*,*,#4564,.F.);
#6733 = ORIENTED_EDGE('',*,*,#4679,.F.);
#6734 = ORIENTED_EDGE('',*,*,#6735,.F.);
#6735 = EDGE_CURVE('',#6711,#4659,#6736,.T.);
#6736 = SURFACE_CURVE('',#6737,(#6741,#6747),.PCURVE_S1.);
#6737 = LINE('',#6738,#6739);
#6738 = CARTESIAN_POINT('',(-14.25,-6.3875,7.8));
#6739 = VECTOR('',#6740,1.);
#6740 = DIRECTION('',(0.,1.,0.));
#6741 = PCURVE('',#2713,#6742);
#6742 = DEFINITIONAL_REPRESENTATION('',(#6743),#6746);
#6743 = B_SPLINE_CURVE_WITH_KNOTS('',1,(#6744,#6745),.UNSPECIFIED.,.F.,
  .F.,(2,2),(0.3875,12.3875),.PIECEWISE_BEZIER_KNOTS.);
#6744 = CARTESIAN_POINT('',(1.275,0.775));
#6745 = CARTESIAN_POINT('',(1.275,12.775));
#6746 = ( GEOMETRIC_REPRESENTATION_CONTEXT(2) 
PARAMETRIC_REPRESENTATION_CONTEXT() REPRESENTATION_CONTEXT('2D SPACE',''
  ) );
#6747 = PCURVE('',#2632,#6748);
#6748 = DEFINITIONAL_REPRESENTATION('',(#6749),#6752);
#6749 = B_SPLINE_CURVE_WITH_KNOTS('',1,(#6750,#6751),.UNSPECIFIED.,.F.,
  .F.,(2,2),(0.3875,12.3875),.PIECEWISE_BEZIER_KNOTS.);
#6750 = CARTESIAN_POINT('',(1.8,0.));
#6751 = CARTESIAN_POINT('',(1.8,-12.));
#6752 = ( GEOMETRIC_REPRESENTATION_CONTEXT(2) 
PARAMETRIC_REPRESENTATION_CONTEXT() REPRESENTATION_CONTEXT('2D SPACE',''
  ) );
#6753 = ADVANCED_FACE('',(#6754),#2604,.T.);
#6754 = FACE_BOUND('',#6755,.T.);
#6755 = EDGE_LOOP('',(#6756,#6757,#6758,#6759));
#6756 = ORIENTED_EDGE('',*,*,#2588,.F.);
#6757 = ORIENTED_EDGE('',*,*,#2749,.T.);
#6758 = ORIENTED_EDGE('',*,*,#6710,.F.);
#6759 = ORIENTED_EDGE('',*,*,#6760,.F.);
#6760 = EDGE_CURVE('',#2589,#6711,#6761,.T.);
#6761 = SURFACE_CURVE('',#6762,(#6766,#6773),.PCURVE_S1.);
#6762 = LINE('',#6763,#6764);
#6763 = CARTESIAN_POINT('',(-14.25,-6.,6.));
#6764 = VECTOR('',#6765,1.);
#6765 = DIRECTION('',(0.,0.,1.));
#6766 = PCURVE('',#2604,#6767);
#6767 = DEFINITIONAL_REPRESENTATION('',(#6768),#6772);
#6768 = LINE('',#6769,#6770);
#6769 = CARTESIAN_POINT('',(0.,2.6));
#6770 = VECTOR('',#6771,1.);
#6771 = DIRECTION('',(1.,0.));
#6772 = ( GEOMETRIC_REPRESENTATION_CONTEXT(2) 
PARAMETRIC_REPRESENTATION_CONTEXT() REPRESENTATION_CONTEXT('2D SPACE',''
  ) );
#6773 = PCURVE('',#2632,#6774);
#6774 = DEFINITIONAL_REPRESENTATION('',(#6775),#6779);
#6775 = LINE('',#6776,#6777);
#6776 = CARTESIAN_POINT('',(0.,0.));
#6777 = VECTOR('',#6778,1.);
#6778 = DIRECTION('',(1.,0.));
#6779 = ( GEOMETRIC_REPRESENTATION_CONTEXT(2) 
PARAMETRIC_REPRESENTATION_CONTEXT() REPRESENTATION_CONTEXT('2D SPACE',''
  ) );
#6780 = ADVANCED_FACE('',(#6781),#2863,.T.);
#6781 = FACE_BOUND('',#6782,.T.);
#6782 = EDGE_LOOP('',(#6783,#6804,#6805,#6806));
#6783 = ORIENTED_EDGE('',*,*,#6784,.F.);
#6784 = EDGE_CURVE('',#4298,#2820,#6785,.T.);
#6785 = SURFACE_CURVE('',#6786,(#6790,#6797),.PCURVE_S1.);
#6786 = LINE('',#6787,#6788);
#6787 = CARTESIAN_POINT('',(15.25,-3.5,11.35));
#6788 = VECTOR('',#6789,1.);
#6789 = DIRECTION('',(0.,1.,0.));
#6790 = PCURVE('',#2863,#6791);
#6791 = DEFINITIONAL_REPRESENTATION('',(#6792),#6796);
#6792 = LINE('',#6793,#6794);
#6793 = CARTESIAN_POINT('',(0.,0.));
#6794 = VECTOR('',#6795,1.);
#6795 = DIRECTION('',(0.,1.));
#6796 = ( GEOMETRIC_REPRESENTATION_CONTEXT(2) 
PARAMETRIC_REPRESENTATION_CONTEXT() REPRESENTATION_CONTEXT('2D SPACE',''
  ) );
#6797 = PCURVE('',#2835,#6798);
#6798 = DEFINITIONAL_REPRESENTATION('',(#6799),#6803);
#6799 = LINE('',#6800,#6801);
#6800 = CARTESIAN_POINT('',(7.35,0.));
#6801 = VECTOR('',#6802,1.);
#6802 = DIRECTION('',(0.,-1.));
#6803 = ( GEOMETRIC_REPRESENTATION_CONTEXT(2) 
PARAMETRIC_REPRESENTATION_CONTEXT() REPRESENTATION_CONTEXT('2D SPACE',''
  ) );
#6804 = ORIENTED_EDGE('',*,*,#4320,.T.);
#6805 = ORIENTED_EDGE('',*,*,#4374,.T.);
#6806 = ORIENTED_EDGE('',*,*,#2847,.F.);
#6807 = ADVANCED_FACE('',(#6808),#2835,.F.);
#6808 = FACE_BOUND('',#6809,.F.);
#6809 = EDGE_LOOP('',(#6810,#6811,#6830,#6831));
#6810 = ORIENTED_EDGE('',*,*,#4297,.F.);
#6811 = ORIENTED_EDGE('',*,*,#6812,.T.);
#6812 = EDGE_CURVE('',#4277,#2794,#6813,.T.);
#6813 = SURFACE_CURVE('',#6814,(#6818,#6824),.PCURVE_S1.);
#6814 = LINE('',#6815,#6816);
#6815 = CARTESIAN_POINT('',(15.25,-5.1375,7.8));
#6816 = VECTOR('',#6817,1.);
#6817 = DIRECTION('',(0.,1.,0.));
#6818 = PCURVE('',#2835,#6819);
#6819 = DEFINITIONAL_REPRESENTATION('',(#6820),#6823);
#6820 = B_SPLINE_CURVE_WITH_KNOTS('',1,(#6821,#6822),.UNSPECIFIED.,.F.,
  .F.,(2,2),(1.6375,8.6375),.PIECEWISE_BEZIER_KNOTS.);
#6821 = CARTESIAN_POINT('',(3.8,0.));
#6822 = CARTESIAN_POINT('',(3.8,-7.));
#6823 = ( GEOMETRIC_REPRESENTATION_CONTEXT(2) 
PARAMETRIC_REPRESENTATION_CONTEXT() REPRESENTATION_CONTEXT('2D SPACE',''
  ) );
#6824 = PCURVE('',#2808,#6825);
#6825 = DEFINITIONAL_REPRESENTATION('',(#6826),#6829);
#6826 = B_SPLINE_CURVE_WITH_KNOTS('',1,(#6827,#6828),.UNSPECIFIED.,.F.,
  .F.,(2,2),(1.6375,8.6375),.PIECEWISE_BEZIER_KNOTS.);
#6827 = CARTESIAN_POINT('',(30.775,3.275));
#6828 = CARTESIAN_POINT('',(30.775,10.275));
#6829 = ( GEOMETRIC_REPRESENTATION_CONTEXT(2) 
PARAMETRIC_REPRESENTATION_CONTEXT() REPRESENTATION_CONTEXT('2D SPACE',''
  ) );
#6830 = ORIENTED_EDGE('',*,*,#2819,.T.);
#6831 = ORIENTED_EDGE('',*,*,#6784,.F.);
#6832 = ADVANCED_FACE('',(#6833),#2808,.T.);
#6833 = FACE_BOUND('',#6834,.T.);
#6834 = EDGE_LOOP('',(#6835,#6836,#6837,#6838,#6839,#6840,#6841,#6842,
    #6843,#6844,#6845,#6846));
#6835 = ORIENTED_EDGE('',*,*,#3017,.F.);
#6836 = ORIENTED_EDGE('',*,*,#3113,.F.);
#6837 = ORIENTED_EDGE('',*,*,#3162,.T.);
#6838 = ORIENTED_EDGE('',*,*,#3636,.F.);
#6839 = ORIENTED_EDGE('',*,*,#3967,.F.);
#6840 = ORIENTED_EDGE('',*,*,#4013,.F.);
#6841 = ORIENTED_EDGE('',*,*,#4180,.T.);
#6842 = ORIENTED_EDGE('',*,*,#4227,.T.);
#6843 = ORIENTED_EDGE('',*,*,#4276,.T.);
#6844 = ORIENTED_EDGE('',*,*,#6812,.T.);
#6845 = ORIENTED_EDGE('',*,*,#2793,.F.);
#6846 = ORIENTED_EDGE('',*,*,#2899,.T.);
#6847 = ADVANCED_FACE('',(#6848),#2985,.T.);
#6848 = FACE_BOUND('',#6849,.T.);
#6849 = EDGE_LOOP('',(#6850,#6851,#6852));
#6850 = ORIENTED_EDGE('',*,*,#2970,.F.);
#6851 = ORIENTED_EDGE('',*,*,#3042,.T.);
#6852 = ORIENTED_EDGE('',*,*,#3090,.F.);
#6853 = ADVANCED_FACE('',(#6854),#3223,.T.);
#6854 = FACE_BOUND('',#6855,.T.);
#6855 = EDGE_LOOP('',(#6856,#6857,#6858,#6859,#6860,#6861,#6862,#6863));
#6856 = ORIENTED_EDGE('',*,*,#3498,.F.);
#6857 = ORIENTED_EDGE('',*,*,#3615,.T.);
#6858 = ORIENTED_EDGE('',*,*,#3208,.T.);
#6859 = ORIENTED_EDGE('',*,*,#3257,.F.);
#6860 = ORIENTED_EDGE('',*,*,#3328,.F.);
#6861 = ORIENTED_EDGE('',*,*,#3378,.F.);
#6862 = ORIENTED_EDGE('',*,*,#3404,.T.);
#6863 = ORIENTED_EDGE('',*,*,#3449,.F.);
#6864 = ADVANCED_FACE('',(#6865),#3582,.T.);
#6865 = FACE_BOUND('',#6866,.T.);
#6866 = EDGE_LOOP('',(#6867,#6868,#6869,#6870,#6871,#6872,#6873,#6874));
#6867 = ORIENTED_EDGE('',*,*,#3777,.F.);
#6868 = ORIENTED_EDGE('',*,*,#3827,.F.);
#6869 = ORIENTED_EDGE('',*,*,#3853,.T.);
#6870 = ORIENTED_EDGE('',*,*,#3898,.F.);
#6871 = ORIENTED_EDGE('',*,*,#3989,.F.);
#6872 = ORIENTED_EDGE('',*,*,#3567,.T.);
#6873 = ORIENTED_EDGE('',*,*,#3682,.T.);
#6874 = ORIENTED_EDGE('',*,*,#3706,.F.);
#6875 = ADVANCED_FACE('',(#6876),#4075,.T.);
#6876 = FACE_BOUND('',#6877,.T.);
#6877 = EDGE_LOOP('',(#6878,#6879,#6880));
#6878 = ORIENTED_EDGE('',*,*,#4058,.F.);
#6879 = ORIENTED_EDGE('',*,*,#4111,.T.);
#6880 = ORIENTED_EDGE('',*,*,#4160,.T.);
#6881 = ADVANCED_FACE('',(#6882),#4459,.T.);
#6882 = FACE_BOUND('',#6883,.T.);
#6883 = EDGE_LOOP('',(#6884,#6885,#6886));
#6884 = ORIENTED_EDGE('',*,*,#4492,.F.);
#6885 = ORIENTED_EDGE('',*,*,#4541,.F.);
#6886 = ORIENTED_EDGE('',*,*,#4444,.T.);
#6887 = ADVANCED_FACE('',(#6888),#2632,.F.);
#6888 = FACE_BOUND('',#6889,.F.);
#6889 = EDGE_LOOP('',(#6890,#6891,#6892,#6915,#6934,#6935,#6954,#6955));
#6890 = ORIENTED_EDGE('',*,*,#6760,.F.);
#6891 = ORIENTED_EDGE('',*,*,#2616,.T.);
#6892 = ORIENTED_EDGE('',*,*,#6893,.T.);
#6893 = EDGE_CURVE('',#2617,#6894,#6896,.T.);
#6894 = VERTEX_POINT('',#6895);
#6895 = CARTESIAN_POINT('',(-14.25,6.,7.8));
#6896 = SURFACE_CURVE('',#6897,(#6901,#6908),.PCURVE_S1.);
#6897 = LINE('',#6898,#6899);
#6898 = CARTESIAN_POINT('',(-14.25,6.,6.));
#6899 = VECTOR('',#6900,1.);
#6900 = DIRECTION('',(0.,0.,1.));
#6901 = PCURVE('',#2632,#6902);
#6902 = DEFINITIONAL_REPRESENTATION('',(#6903),#6907);
#6903 = LINE('',#6904,#6905);
#6904 = CARTESIAN_POINT('',(0.,-12.));
#6905 = VECTOR('',#6906,1.);
#6906 = DIRECTION('',(1.,0.));
#6907 = ( GEOMETRIC_REPRESENTATION_CONTEXT(2) 
PARAMETRIC_REPRESENTATION_CONTEXT() REPRESENTATION_CONTEXT('2D SPACE',''
  ) );
#6908 = PCURVE('',#2660,#6909);
#6909 = DEFINITIONAL_REPRESENTATION('',(#6910),#6914);
#6910 = LINE('',#6911,#6912);
#6911 = CARTESIAN_POINT('',(0.,2.6));
#6912 = VECTOR('',#6913,1.);
#6913 = DIRECTION('',(1.,0.));
#6914 = ( GEOMETRIC_REPRESENTATION_CONTEXT(2) 
PARAMETRIC_REPRESENTATION_CONTEXT() REPRESENTATION_CONTEXT('2D SPACE',''
  ) );
#6915 = ORIENTED_EDGE('',*,*,#6916,.F.);
#6916 = EDGE_CURVE('',#4775,#6894,#6917,.T.);
#6917 = SURFACE_CURVE('',#6918,(#6922,#6928),.PCURVE_S1.);
#6918 = LINE('',#6919,#6920);
#6919 = CARTESIAN_POINT('',(-14.25,-6.3875,7.8));
#6920 = VECTOR('',#6921,1.);
#6921 = DIRECTION('',(0.,1.,0.));
#6922 = PCURVE('',#2632,#6923);
#6923 = DEFINITIONAL_REPRESENTATION('',(#6924),#6927);
#6924 = B_SPLINE_CURVE_WITH_KNOTS('',1,(#6925,#6926),.UNSPECIFIED.,.F.,
  .F.,(2,2),(0.3875,12.3875),.PIECEWISE_BEZIER_KNOTS.);
#6925 = CARTESIAN_POINT('',(1.8,0.));
#6926 = CARTESIAN_POINT('',(1.8,-12.));
#6927 = ( GEOMETRIC_REPRESENTATION_CONTEXT(2) 
PARAMETRIC_REPRESENTATION_CONTEXT() REPRESENTATION_CONTEXT('2D SPACE',''
  ) );
#6928 = PCURVE('',#4811,#6929);
#6929 = DEFINITIONAL_REPRESENTATION('',(#6930),#6933);
#6930 = B_SPLINE_CURVE_WITH_KNOTS('',1,(#6931,#6932),.UNSPECIFIED.,.F.,
  .F.,(2,2),(0.3875,12.3875),.PIECEWISE_BEZIER_KNOTS.);
#6931 = CARTESIAN_POINT('',(1.275,0.775));
#6932 = CARTESIAN_POINT('',(1.275,12.775));
#6933 = ( GEOMETRIC_REPRESENTATION_CONTEXT(2) 
PARAMETRIC_REPRESENTATION_CONTEXT() REPRESENTATION_CONTEXT('2D SPACE',''
  ) );
#6934 = ORIENTED_EDGE('',*,*,#4774,.T.);
#6935 = ORIENTED_EDGE('',*,*,#6936,.F.);
#6936 = EDGE_CURVE('',#4633,#4754,#6937,.T.);
#6937 = SURFACE_CURVE('',#6938,(#6942,#6948),.PCURVE_S1.);
#6938 = LINE('',#6939,#6940);
#6939 = CARTESIAN_POINT('',(-14.25,-8.7375,6.5));
#6940 = VECTOR('',#6941,1.);
#6941 = DIRECTION('',(0.,1.,0.));
#6942 = PCURVE('',#2632,#6943);
#6943 = DEFINITIONAL_REPRESENTATION('',(#6944),#6947);
#6944 = B_SPLINE_CURVE_WITH_KNOTS('',1,(#6945,#6946),.UNSPECIFIED.,.F.,
  .F.,(2,2),(3.1625,14.3125),.PIECEWISE_BEZIER_KNOTS.);
#6945 = CARTESIAN_POINT('',(0.5,-0.425));
#6946 = CARTESIAN_POINT('',(0.5,-11.575));
#6947 = ( GEOMETRIC_REPRESENTATION_CONTEXT(2) 
PARAMETRIC_REPRESENTATION_CONTEXT() REPRESENTATION_CONTEXT('2D SPACE',''
  ) );
#6948 = PCURVE('',#4647,#6949);
#6949 = DEFINITIONAL_REPRESENTATION('',(#6950),#6953);
#6950 = B_SPLINE_CURVE_WITH_KNOTS('',1,(#6951,#6952),.UNSPECIFIED.,.F.,
  .F.,(2,2),(3.1625,14.3125),.PIECEWISE_BEZIER_KNOTS.);
#6951 = CARTESIAN_POINT('',(0.9,5.9));
#6952 = CARTESIAN_POINT('',(0.9,17.05));
#6953 = ( GEOMETRIC_REPRESENTATION_CONTEXT(2) 
PARAMETRIC_REPRESENTATION_CONTEXT() REPRESENTATION_CONTEXT('2D SPACE',''
  ) );
#6954 = ORIENTED_EDGE('',*,*,#4658,.F.);
#6955 = ORIENTED_EDGE('',*,*,#6735,.F.);
#6956 = ADVANCED_FACE('',(#6957),#4647,.T.);
#6957 = FACE_BOUND('',#6958,.T.);
#6958 = EDGE_LOOP('',(#6959,#6960,#6961,#6962));
#6959 = ORIENTED_EDGE('',*,*,#4632,.F.);
#6960 = ORIENTED_EDGE('',*,*,#4704,.T.);
#6961 = ORIENTED_EDGE('',*,*,#4753,.T.);
#6962 = ORIENTED_EDGE('',*,*,#6936,.F.);
#6963 = ADVANCED_FACE('',(#6964),#4811,.T.);
#6964 = FACE_BOUND('',#6965,.T.);
#6965 = EDGE_LOOP('',(#6966,#6967,#6968,#6987,#6988,#6989));
#6966 = ORIENTED_EDGE('',*,*,#5014,.F.);
#6967 = ORIENTED_EDGE('',*,*,#5059,.F.);
#6968 = ORIENTED_EDGE('',*,*,#6969,.F.);
#6969 = EDGE_CURVE('',#6894,#5060,#6970,.T.);
#6970 = SURFACE_CURVE('',#6971,(#6975,#6981),.PCURVE_S1.);
#6971 = LINE('',#6972,#6973);
#6972 = CARTESIAN_POINT('',(-16.1875,6.,7.8));
#6973 = VECTOR('',#6974,1.);
#6974 = DIRECTION('',(-1.,0.,0.));
#6975 = PCURVE('',#4811,#6976);
#6976 = DEFINITIONAL_REPRESENTATION('',(#6977),#6980);
#6977 = B_SPLINE_CURVE_WITH_KNOTS('',1,(#6978,#6979),.UNSPECIFIED.,.F.,
  .F.,(2,2),(-1.9375,-0.6625),.PIECEWISE_BEZIER_KNOTS.);
#6978 = CARTESIAN_POINT('',(1.275,12.775));
#6979 = CARTESIAN_POINT('',(0.,12.775));
#6980 = ( GEOMETRIC_REPRESENTATION_CONTEXT(2) 
PARAMETRIC_REPRESENTATION_CONTEXT() REPRESENTATION_CONTEXT('2D SPACE',''
  ) );
#6981 = PCURVE('',#2660,#6982);
#6982 = DEFINITIONAL_REPRESENTATION('',(#6983),#6986);
#6983 = B_SPLINE_CURVE_WITH_KNOTS('',1,(#6984,#6985),.UNSPECIFIED.,.F.,
  .F.,(2,2),(-1.9375,-0.6625),.PIECEWISE_BEZIER_KNOTS.);
#6984 = CARTESIAN_POINT('',(1.8,2.6));
#6985 = CARTESIAN_POINT('',(1.8,1.325));
#6986 = ( GEOMETRIC_REPRESENTATION_CONTEXT(2) 
PARAMETRIC_REPRESENTATION_CONTEXT() REPRESENTATION_CONTEXT('2D SPACE',''
  ) );
#6987 = ORIENTED_EDGE('',*,*,#6916,.F.);
#6988 = ORIENTED_EDGE('',*,*,#4795,.T.);
#6989 = ORIENTED_EDGE('',*,*,#4845,.F.);
#6990 = ADVANCED_FACE('',(#6991),#4907,.T.);
#6991 = FACE_BOUND('',#6992,.T.);
#6992 = EDGE_LOOP('',(#6993,#6994,#6995));
#6993 = ORIENTED_EDGE('',*,*,#4943,.F.);
#6994 = ORIENTED_EDGE('',*,*,#5036,.F.);
#6995 = ORIENTED_EDGE('',*,*,#4890,.F.);
#6996 = ADVANCED_FACE('',(#6997),#2660,.F.);
#6997 = FACE_BOUND('',#6998,.F.);
#6998 = EDGE_LOOP('',(#6999,#7000,#7001,#7002));
#6999 = ORIENTED_EDGE('',*,*,#2644,.F.);
#7000 = ORIENTED_EDGE('',*,*,#5082,.T.);
#7001 = ORIENTED_EDGE('',*,*,#6969,.F.);
#7002 = ORIENTED_EDGE('',*,*,#6893,.F.);
#7003 = ADVANCED_FACE('',(#7004,#7007),#5148,.F.);
#7004 = FACE_BOUND('',#7005,.F.);
#7005 = EDGE_LOOP('',(#7006));
#7006 = ORIENTED_EDGE('',*,*,#6510,.T.);
#7007 = FACE_BOUND('',#7008,.F.);
#7008 = EDGE_LOOP('',(#7009));
#7009 = ORIENTED_EDGE('',*,*,#5133,.F.);
#7010 = ADVANCED_FACE('',(#7011),#5201,.T.);
#7011 = FACE_BOUND('',#7012,.T.);
#7012 = EDGE_LOOP('',(#7013,#7014,#7015,#7016));
#7013 = ORIENTED_EDGE('',*,*,#5185,.T.);
#7014 = ORIENTED_EDGE('',*,*,#5283,.F.);
#7015 = ORIENTED_EDGE('',*,*,#5333,.F.);
#7016 = ORIENTED_EDGE('',*,*,#5256,.F.);
#7017 = ADVANCED_FACE('',(#7018),#5396,.T.);
#7018 = FACE_BOUND('',#7019,.T.);
#7019 = EDGE_LOOP('',(#7020,#7021,#7022,#7023));
#7020 = ORIENTED_EDGE('',*,*,#5430,.F.);
#7021 = ORIENTED_EDGE('',*,*,#5380,.T.);
#7022 = ORIENTED_EDGE('',*,*,#5479,.F.);
#7023 = ORIENTED_EDGE('',*,*,#5528,.F.);
#7024 = ADVANCED_FACE('',(#7025),#5614,.T.);
#7025 = FACE_BOUND('',#7026,.T.);
#7026 = EDGE_LOOP('',(#7027,#7028,#7029,#7030));
#7027 = ORIENTED_EDGE('',*,*,#5600,.F.);
#7028 = ORIENTED_EDGE('',*,*,#5680,.T.);
#7029 = ORIENTED_EDGE('',*,*,#5730,.T.);
#7030 = ORIENTED_EDGE('',*,*,#5631,.F.);
#7031 = ADVANCED_FACE('',(#7032,#7035),#5794,.F.);
#7032 = FACE_BOUND('',#7033,.F.);
#7033 = EDGE_LOOP('',(#7034));
#7034 = ORIENTED_EDGE('',*,*,#6560,.T.);
#7035 = FACE_BOUND('',#7036,.F.);
#7036 = EDGE_LOOP('',(#7037));
#7037 = ORIENTED_EDGE('',*,*,#5779,.F.);
#7038 = ADVANCED_FACE('',(#7039),#5870,.T.);
#7039 = FACE_BOUND('',#7040,.T.);
#7040 = EDGE_LOOP('',(#7041,#7042,#7043,#7044));
#7041 = ORIENTED_EDGE('',*,*,#5856,.F.);
#7042 = ORIENTED_EDGE('',*,*,#5936,.T.);
#7043 = ORIENTED_EDGE('',*,*,#5986,.T.);
#7044 = ORIENTED_EDGE('',*,*,#5887,.F.);
#7045 = ADVANCED_FACE('',(#7046,#7049),#6050,.F.);
#7046 = FACE_BOUND('',#7047,.F.);
#7047 = EDGE_LOOP('',(#7048));
#7048 = ORIENTED_EDGE('',*,*,#6610,.T.);
#7049 = FACE_BOUND('',#7050,.F.);
#7050 = EDGE_LOOP('',(#7051));
#7051 = ORIENTED_EDGE('',*,*,#6035,.F.);
#7052 = ADVANCED_FACE('',(#7053),#6103,.T.);
#7053 = FACE_BOUND('',#7054,.T.);
#7054 = EDGE_LOOP('',(#7055,#7056,#7057,#7058));
#7055 = ORIENTED_EDGE('',*,*,#6187,.F.);
#7056 = ORIENTED_EDGE('',*,*,#6086,.F.);
#7057 = ORIENTED_EDGE('',*,*,#6140,.T.);
#7058 = ORIENTED_EDGE('',*,*,#6232,.F.);
#7059 = ADVANCED_FACE('',(#7060),#6298,.T.);
#7060 = FACE_BOUND('',#7061,.T.);
#7061 = EDGE_LOOP('',(#7062,#7063,#7064,#7065));
#7062 = ORIENTED_EDGE('',*,*,#6282,.F.);
#7063 = ORIENTED_EDGE('',*,*,#6332,.F.);
#7064 = ORIENTED_EDGE('',*,*,#6430,.T.);
#7065 = ORIENTED_EDGE('',*,*,#6380,.F.);
#7066 = ADVANCED_FACE('',(#7067,#7070),#6495,.F.);
#7067 = FACE_BOUND('',#7068,.F.);
#7068 = EDGE_LOOP('',(#7069));
#7069 = ORIENTED_EDGE('',*,*,#6660,.T.);
#7070 = FACE_BOUND('',#7071,.F.);
#7071 = EDGE_LOOP('',(#7072));
#7072 = ORIENTED_EDGE('',*,*,#6480,.F.);
#7073 = ( GEOMETRIC_REPRESENTATION_CONTEXT(3) 
GLOBAL_UNCERTAINTY_ASSIGNED_CONTEXT((#7077)) 
GLOBAL_UNIT_ASSIGNED_CONTEXT((#7074,#7075,#7076)) REPRESENTATION_CONTEXT
('Context #1','3D Context with UNIT and UNCERTAINTY') );
#7074 = ( LENGTH_UNIT() NAMED_UNIT(*) SI_UNIT(.MILLI.,.METRE.) );
#7075 = ( NAMED_UNIT(*) PLANE_ANGLE_UNIT() SI_UNIT($,.RADIAN.) );
#7076 = ( NAMED_UNIT(*) SI_UNIT($,.STERADIAN.) SOLID_ANGLE_UNIT() );
#7077 = UNCERTAINTY_MEASURE_WITH_UNIT(LENGTH_MEASURE(1.E-07),#7074,
  'distance_accuracy_value','confusion accuracy');
#7078 = PRODUCT_RELATED_PRODUCT_CATEGORY('part',$,(#7));
ENDSEC;
END-ISO-10303-21;
